time_sec,ppg_normalized
0.0,-0.05721837254340431
0.008,-0.03578437500354466
0.016,-0.013387294359680035
0.024,0.009565070226073981
0.032,0.032591082033924655
0.04,0.05513817642736521
0.048,0.07658998239805738
0.056,0.0962779490333823
0.064,0.1134975484556635
0.07200000000000001,0.12752886873688726
0.08,0.13766113093376195
0.088,0.1432203857598948
0.096,0.14359939345177847
0.10400000000000001,0.13828848969308735
0.112,0.12690610769350272
0.12,0.10922756525501087
0.128,0.08521072603629094
0.136,0.055017188825345016
0.14400000000000002,0.019027732705361303
0.152,-0.022149153018476694
0.16,-0.06767668449687361
0.168,-0.11649797176256782
0.176,-0.1673535213852075
0.184,-0.21880822254964422
0.192,-0.26928754525412235
0.2,-0.3171222083523026
0.20800000000000002,-0.360600119029824
0.216,-0.39802398268220884
0.224,-0.42777265542016063
0.232,-0.4483640655649174
0.24,-0.4585173597958536
0.248,-0.4572118274953233
0.256,-0.4437401233952201
0.264,-0.41775335258806945
0.272,-0.37929571724114175
0.28,-0.32882666396616983
0.28800000000000003,-0.2672288214137265
0.296,-0.1958004767813487
0.304,-0.11623189582798697
0.312,-0.030565424300880748
0.32,0.05886000568332952
0.328,0.14947863199231134
0.336,0.2385798493858447
0.34400000000000003,0.32339973755752094
0.352,0.4012188605465433
0.36,0.46946259797156636
0.368,0.5257999413416569
0.376,0.5682365335030574
0.384,0.5951977715718083
0.392,0.605598052493367
0.4,0.5988927233927344
0.40800000000000003,0.5751099957932948
0.41600000000000004,0.5348609590991081
0.424,0.479326824821866
0.432,0.41022357177147306
0.44,0.329745165126102
0.448,0.2404874270312716
0.456,0.14535541008608924
0.464,0.04745776315993295
0.47200000000000003,-0.05000790746644153
0.48,-0.14387428120834087
0.488,-0.23112349711707655
0.496,-0.3090014643424674
0.504,-0.375122583352374
0.512,-0.4275604409263431
0.52,-0.46492056078716654
0.528,-0.48639202302630324
0.536,-0.4917756666256499
0.544,-0.48148760099085863
0.552,-0.45653780787222836
0.56,-0.4184846491899685
0.5680000000000001,-0.36936705355241817
0.5760000000000001,-0.31161699681695454
0.584,-0.24795560565861133
0.592,-0.18127680668437243
0.6,-0.1145229391982608
0.608,-0.050557164490072776
0.616,0.007962167480865026
0.624,0.05869982995497608
0.632,0.09974933102172583
0.64,0.12972068922753813
0.648,0.14780578825489563
0.656,0.1538175979430373
0.664,0.14820071231614396
0.672,0.13201204125566054
0.68,0.10687200398770426
0.6880000000000001,0.0748880965165804
0.6960000000000001,0.03855412623427333
0.704,0.0006296249173354688
0.712,-0.0359951008253195
0.72,-0.06844216690952269
0.728,-0.09399105925954969
0.736,-0.11021868460980062
0.744,-0.11512793687814767
0.752,-0.10725847302820478
0.76,-0.08577395388784316
0.768,-0.050520918751304905
0.776,-0.0020557650657411783
0.784,0.05836204656929324
0.792,0.12881058391224062
0.8,0.20677798980559864
0.808,0.2892634833295332
0.8160000000000001,0.3729020070630103
0.8240000000000001,0.4541068071233607
0.8320000000000001,0.5292236898099019
0.84,0.5946904302929552
0.848,0.6471947346398454
0.856,0.6838242415022663
0.864,0.702202309353221
0.872,0.7006038113261659
0.88,0.6780458859190003
0.888,0.6343495658038015
0.896,0.5701693836591458
0.904,0.4869893577587219
0.912,0.38708510688053555
0.92,0.2734531609869918
0.928,0.14970976985748569
0.936,0.019962638377082235
0.9440000000000001,-0.11133997441141243
0.9520000000000001,-0.23957746128258373
0.96,-0.3601362592639944
0.968,-0.46859363133237064
0.976,-0.5608984978605915
0.984,-0.6335416370899629
0.992,-0.6837075326798259
1.0,-0.709400514664334
1.008,-0.7095386990429091
1.016,-0.6840105953888544
1.024,-0.6336910510167753
1.032,-0.5604152898979345
1.04,-0.4669120003526789
1.048,-0.3566985449312988
1.056,-0.23394325842469604
1.064,-0.10330135887971285
1.072,0.03026784590407375
1.08,0.16169405769111503
1.088,0.2859907404020349
1.096,0.39844308485808705
1.104,0.4947813993480175
1.112,0.5713331824013061
1.12,0.6251484720819184
1.1280000000000001,0.654094577525843
1.1360000000000001,0.6569178542938533
1.1440000000000001,0.6332716776291568
1.1520000000000001,0.5837111325554736
1.16,0.5096561591450719
1.168,0.41332597413682887
1.176,0.2976485379299745
1.184,0.1661496138321968
1.192,0.022826498327858154
1.2,-0.1279883008184468
1.208,-0.2817683447827371
1.216,-0.4339349301963605
1.224,-0.5799952854470725
1.232,-0.7156741399104236
1.24,-0.8370359989406457
1.248,-0.9405956429303953
1.256,-1.023414300176418
1.264,-1.0831787945268854
1.272,-1.1182609599903415
1.28,-1.127754916835729
1.288,-1.1114904735171915
1.296,-1.0700218887984025
1.304,-1.0045923523019222
1.312,-0.9170756613597891
1.32,-0.8098975726996178
1.328,-0.6859401374475547
1.336,-0.5484329838881176
1.344,-0.4008360073789509
1.352,-0.24671826157082846
1.36,-0.08963799782056385
1.368,0.06697126442464751
1.3760000000000001,0.2199040613431055
1.3840000000000001,0.36627167888146983
1.3920000000000001,0.5035729534798352
1.4000000000000001,0.6297448222856821
1.408,0.7431912486159177
1.416,0.8427901455745339
1.424,0.9278788898068209
1.432,0.9982199351854906
1.44,1.0539488907029382
1.448,1.0955082068437154
1.456,1.123570302523412
1.464,1.1389545325856079
1.472,1.1425428055948528
1.48,1.1351988659669172
1.488,1.1176962016381717
1.496,1.0906591825043181
1.504,1.0545213514984617
1.512,1.0095037939780904
1.52,0.9556152647157424
1.528,0.8926743602182052
1.536,0.8203526131378223
1.544,0.7382360728079647
1.552,0.6459018073679457
1.56,0.5430048647332614
1.568,0.42937057698117076
1.576,0.3050866879356332
1.584,0.17058963269537303
1.592,0.026739414674754335
1.6,-0.1251220764505107
1.608,-0.2831337894124069
1.616,-0.4449028537034429
1.624,-0.6075190460144754
1.6320000000000001,-0.7675977496741129
1.6400000000000001,-0.9213516436576094
1.6480000000000001,-1.0646902551660282
1.6560000000000001,-1.193345402453914
1.6640000000000001,-1.303019372909139
1.672,-1.3895513730232842
1.68,-1.4490963725911228
1.688,-1.4783090670447663
1.696,-1.4745245024718294
1.704,-1.435926169617585
1.712,-1.361692240178409
1.72,-1.2521111439255586
1.728,-1.1086588045501682
1.736,-0.934031424155924
1.744,-0.7321295732090666
1.752,-0.5079913803459123
1.76,-0.26767475257360346
1.768,-0.018090756622222346
1.776,0.23320747189066
1.784,0.47827370493003557
1.792,0.7090467830126957
1.8,0.9176473753616681
1.808,1.0966812491397786
1.816,1.239535988624503
1.824,1.3406578146061119
1.832,1.3957956420978115
1.84,1.4022008027474346
1.848,1.358772863543522
1.856,1.2661445046267208
1.864,1.1267012149239806
1.872,0.9445343614702328
1.8800000000000001,0.7253287928769169
1.8880000000000001,0.47618846667803677
1.8960000000000001,0.2054056648306952
1.9040000000000001,-0.07781874424091619
1.9120000000000001,-0.36369476101077425
1.92,-0.6421915237538731
1.928,-0.9034019935808931
1.936,-1.1379104586072581
1.944,-1.33714849929471
1.952,-1.4937248743406228
1.96,-1.6017152919681028
1.968,-1.6568992831748242
1.976,-1.656933378406124
1.984,-1.6014524127747995
1.992,-1.492093879306855
2.0,-1.3324436026095983
2.008,-1.1279044034660926
2.016,-0.8854926917270008
2.024,-0.613570937729353
2.032,-0.32152665237823114
2.04,-0.019410790363464384
2.048,0.28244969394137576
2.056,0.5738491576626842
2.064,0.845093883929666
2.072,1.0873695983559464
2.08,1.2930704167133829
2.088,1.4560754022758033
2.096,1.5719611712805452
2.104,1.6381417256394686
2.112,1.6539298027342912
2.12,1.620517442441758
2.128,1.5408771342826197
2.136,1.419588745738894
2.144,1.262601276497415
2.152,1.0769420376577852
2.16,0.8703887306367802
2.168,0.6511217115087147
2.176,0.4273742161198855
2.184,0.2070974566586264
2.192,-0.0023445133516495887
2.2,-0.19443806188151755
2.208,-0.3637324281063246
2.216,-0.5059956138229821
2.224,-0.6183109925193898
2.232,-0.6991146683729451
2.24,-0.7481760819067417
2.248,-0.7665265094987874
2.2560000000000002,-0.7563418924254144
2.2640000000000002,-0.7207877891952851
2.2720000000000002,-0.6638351138832245
2.2800000000000002,-0.590055687190308
2.2880000000000003,-0.5044065300514613
2.2960000000000003,-0.4120113683173379
2.3040000000000003,-0.317947114082636
2.312,-0.2270422618786473
2.32,-0.14369327433563456
2.328,-0.0717041810599196
2.336,-0.01415378741470499
2.344,0.02670593315311117
2.352,0.04951754911122158
2.36,0.0538502118009922
2.368,0.040195315146898766
2.376,0.009926235593923097
2.384,-0.03477614729666156
2.392,-0.0910292347447001
2.4,-0.15538179414276165
2.408,-0.2239694549928564
2.416,-0.2926870522130696
2.424,-0.3573717513307633
2.432,-0.4139904806510976
2.44,-0.4588248208510698
2.448,-0.4886461679048137
2.456,-0.5008737741656734
2.464,-0.49370832268412973
2.472,-0.4662341435302934
2.48,-0.41848413196627654
2.488,-0.35146289033053746
2.496,-0.2671255170032847
2.504,-0.16831166651957397
2.512,-0.058636820708635795
2.52,0.05765505901409879
2.528,0.17587136995360603
2.536,0.291075519116234
2.544,0.3983076206343113
2.552,0.4928118045550742
2.56,0.5702603437302602
2.568,0.626964650125088
2.576,0.660063213001068
2.584,0.667676853287235
2.592,0.6490224643103992
2.6,0.6044779251431334
2.608,0.5355932169543377
2.616,0.4450458354778063
2.624,0.3365420383937433
2.632,0.21466882649110525
2.64,0.08470438404360119
2.648,-0.04760329148548384
2.656,-0.17627872528077937
2.664,-0.295371076867174
2.672,-0.3992050542223974
2.68,-0.48262023684096905
2.688,-0.5411892356175213
2.696,-0.5714061395872946
2.704,-0.5708379318239155
2.712,-0.5382330157254112
2.72,-0.4735826723922555
2.728,-0.37813313107098956
2.736,-0.2543479112974258
2.744,-0.10582210409623787
2.7520000000000002,0.06284778951393105
2.7600000000000002,0.24623303926963913
2.7680000000000002,0.4382738807127673
2.7760000000000002,0.6325044229187763
2.7840000000000003,0.8222919967242768
2.7920000000000003,1.0010810525684894
2.8000000000000003,1.162631472931557
2.8080000000000003,1.3012413298793002
2.816,1.4119447480527476
2.824,1.4906766890628422
2.832,1.534398186489379
2.84,1.5411777852169088
2.848,1.5102275155496483
2.856,1.4418943948004954
2.864,1.337610877477636
2.872,1.1998095845119576
2.88,1.0318088612699172
2.888,0.8376762238827805
2.896,0.6220766664012471
2.904,0.3901123025565354
2.912,0.14715909544522968
2.92,-0.10129436442336173
2.928,-0.34980184165483214
2.936,-0.5931046995745493
2.944,-0.8262644868103687
2.952,-1.0447803970574292
2.96,-1.2446894357169098
2.968,-1.4226472990460775
2.976,-1.5759880661506207
2.984,-1.702760922319764
2.992,-1.8017424059328095
3.0,-1.8724232279494266
3.008,-1.914969631405679
3.016,-1.9301605344383417
3.024,-1.9193032382356352
3.032,-1.8841321080544966
3.04,-1.8266961308315282
3.048,-1.7492423831081303
3.056,-1.6541029955510094
3.064,-1.543593024229968
3.072,-1.4199256869570884
3.08,-1.2851497822109854
3.088,-1.1411119959761535
3.096,-0.9894445200045012
3.104,-0.8315762618799556
3.112,-0.6687641606473844
3.12,-0.5021398553703135
3.128,-0.3327662006399986
3.136,-0.16169782367608013
3.144,0.009960009742237923
3.152,0.18099957832664063
3.16,0.3500706630896914
3.168,0.515656143458579
3.176,0.6760660243890938
3.184,0.8294514359732407
3.192,0.973838759260324
3.2,1.107182574262511
3.208,1.2274346931301106
3.216,1.3326252548578466
3.224,1.4209508519728973
3.232,1.49086405297347
3.24,1.5411585446541254
3.248,1.5710444379982071
3.2560000000000002,1.580208975899368
3.2640000000000002,1.5688588175227096
3.2720000000000002,1.5377411146347444
3.2800000000000002,1.4881416370997194
3.2880000000000003,1.4218592005372315
3.2960000000000003,1.3411566021070125
3.3040000000000003,1.2486892136971388
3.3120000000000003,1.147413353969197
3.3200000000000003,1.0404775849688612
3.3280000000000003,0.9311011463231305
3.336,0.8224447941563707
3.344,0.7174802402929024
3.352,0.618865029207153
3.36,0.5288298708097304
3.368,0.4490850362953325
3.376,0.3807513962397231
3.384,0.3243201435482964
3.392,0.27964341908106405
3.4,0.24595620543309255
3.408,0.22192818665837427
3.416,0.20574289008336313
3.424,0.19520031445940061
3.432,0.18783832042567708
3.44,0.18106723234338598
3.448,0.17231135623188037
3.456,0.15915051920434756
3.464,0.13945439853138786
3.472,0.11150245393188869
3.48,0.07408278178011872
3.488,0.026564183896417317
3.496,-0.031062868931019727
3.504,-0.09817899783539528
3.512,-0.17356312858278125
3.52,-0.2554529279821368
3.528,-0.3416353394737172
3.536,-0.4295623701616852
3.544,-0.5164858334973356
3.552,-0.5996036652731082
3.56,-0.676209771693345
3.568,-0.7438391776654426
3.576,-0.8004005317057176
3.584,-0.8442887698500712
3.592,-0.8744718942738028
3.6,-0.8905473095029558
3.608,-0.8927648915925869
3.616,-0.8820158464437237
3.624,-0.8597883404039817
3.632,-0.8280927523814451
3.64,-0.7893610891894275
3.648,-0.746326508704484
3.656,-0.7018898987458535
3.664,-0.6589809773200869
3.672,-0.6204213711814954
3.68,-0.5887966141194955
3.688,-0.5663430639117061
3.696,-0.5548544897422331
3.704,-0.5556116654655895
3.712,-0.5693368393613869
3.72,-0.5961735300935134
3.728,-0.6356907868983042
3.736,-0.6869099017082179
3.744,-0.7483506247335474
3.7520000000000002,-0.8180932703873457
3.7600000000000002,-0.8938527584276702
3.7680000000000002,-0.9730606381885517
3.7760000000000002,-1.05295146334688
3.7840000000000003,-1.1306504337469792
3.7920000000000003,-1.2032598686093714
3.8000000000000003,-1.2679426823645858
3.8080000000000003,-1.3220014920987184
3.8160000000000003,-1.3629522447806015
3.8240000000000003,-1.3885913270430887
3.8320000000000003,-1.3970550711770913
3.84,-1.3868704796499702
3.848,-1.356995935346796
3.856,-1.30685070629866
3.864,-1.2363322267014993
3.872,-1.1458204462619366
3.88,-1.0361689640340863
3.888,-0.9086831539216981
3.896,-0.765085988084226
3.904,-0.607472716962311
3.912,-0.4382559338586805
3.92,-0.26010282473663676
3.928,-0.07586658566515886
3.936,0.11148590589579602
3.944,0.2989480451280083
3.952,0.48354699376663657
3.96,0.6624147425441682
3.968,0.832854972117048
3.976,0.9924042302496688
3.984,1.138886300757607
3.992,1.270459030949236
4.0,1.3856532511156523
4.008,1.4834036838331528
4.016,1.5630718137361044
4.024,1.6244604961243876
4.032,1.6678196080234036
4.04,1.693841370601514
4.048,1.7036432964282837
4.056,1.6987363209843456
4.064,1.6809758423656638
4.072,1.6524942786229024
4.08,1.615615326140615
4.088,1.5727521299658855
4.096,1.5262936916710523
4.104,1.4784856597188631
4.112,1.4313128780330773
4.12,1.3863915603746535
4.128,1.3448787003392098
4.136,1.3074054073934183
4.144,1.2740394179521688
4.152,1.2442802237198092
4.16,1.2170882426550909
4.168,1.1909473759051554
4.176,1.1639582761164724
4.184,1.1339578085949897
4.192,1.098658605925452
4.2,1.0558013676688591
4.208,1.0033116899875472
4.216,0.9394527596100923
4.224,0.8629652331517256
4.232,0.7731860576483846
4.24,0.6701388764111985
4.248,0.5545900040384423
4.256,0.42806572612390736
4.264,0.29282882505666724
4.272,0.15181463420167632
4.28,0.008529388432683803
4.288,-0.13308407383829135
4.296,-0.2688063404641363
4.304,-0.39431902095456406
4.312,-0.5053911777944804
4.32,-0.598065935486465
4.328,-0.6688391685638215
4.336,-0.7148230315908674
4.344,-0.7338880902359961
4.352,-0.7247788277618847
4.36,-0.6871982839759707
4.368,-0.6218585393877059
4.376,-0.5304947351885874
4.384,-0.4158413929842133
4.392,-0.28157103550088775
4.4,-0.1321965369277307
4.408,0.027059800904193465
4.416,0.19042587900451702
4.424,0.35176219073919146
4.432,0.5047600261604258
4.44,0.6431480547789871
4.448,0.7608998694506234
4.456,0.8524355019508811
4.464,0.9128105954654613
4.472,0.9378876860835115
4.48,0.9244848088834614
4.488,0.8704973814903594
4.496,0.7749900554402462
4.5040000000000004,0.6382559970983391
4.5120000000000005,0.4618418715699141
4.5200000000000005,0.2485376241397999
4.5280000000000005,0.0023309343154755877
4.5360000000000005,-0.2716730780140096
4.5440000000000005,-0.5673656791117956
4.5520000000000005,-0.8777800423007582
4.5600000000000005,-1.1952659311455125
4.5680000000000005,-1.5116901780908907
4.5760000000000005,-1.8186585967468096
4.5840000000000005,-2.1077538599196264
4.5920000000000005,-2.3707827661888032
4.6000000000000005,-2.6000253419125943
4.6080000000000005,-2.78847751388483
4.616,-2.930078741078116
4.624,-3.019916072981749
4.632,-3.0543966303816568
4.64,-3.031381474213217
4.648,-2.950275204753853
4.656,-2.812067355015167
4.664,-2.6193236147820276
4.672,-2.376127014911045
4.68,-2.0879712520895612
4.688,-1.7616101663003452
4.696,-1.4048688457299257
4.704,-1.026422844931127
4.712,-0.6355525777921407
4.72,-0.24188019536344255
4.728,0.1449036646639125
4.736,0.5153158278548194
4.744,0.8603517322575149
4.752,1.1717442060885488
4.76,1.4422023300576274
4.768,1.6656230803734302
4.776,1.8372689826035635
4.784,1.9539058558641174
4.792,2.013895854735112
4.8,2.017242352825449
4.808,1.9655846817119969
4.816,1.8621422800347494
4.824,1.7116093760096274
4.832,1.520002891846987
4.84,1.294467794552117
4.848,1.0430455955236402
4.856,0.774413083888531
4.864,0.4975996149157998
4.872,0.2216922979563091
4.88,-0.04446084370605109
4.888,-0.2925393218034193
4.896,-0.5150199254055768
4.904,-0.705418026098109
4.912,-0.8584917569026376
4.92,-0.9704017959280493
4.928,-1.0388211733076604
4.936,-1.0629913597394187
4.944,-1.0437227931595496
4.952,-0.9833398962610395
4.96,-0.8855725012424229
4.968,-0.755397416453139
4.976,-0.5988356329691858
4.984,-0.4227123591427655
4.992,-0.23438864939529722
5.0,-0.041474791155109915
5.008,0.14846327416926694
5.016,0.32819252901644724
5.024,0.49108435976126497
5.032,0.6313573840660354
5.04,0.7442813215177767
5.048,0.8263335112532881
5.056,0.8753021057837698
5.064,0.8903327163891264
5.072,0.871918132958362
5.08,0.8218334798608199
5.088,0.7430216195994572
5.096,0.6394356420761187
5.104,0.5158467970761843
5.112,0.3776272156616335
5.12,0.23051724894351544
5.128,0.08038729409128306
5.136,-0.06699634076165838
5.144,-0.20619257762699217
5.152,-0.33228556887618715
5.16,-0.4410563871165549
5.168,-0.5291203711982864
5.176,-0.5940254108693777
5.184,-0.6343079910929237
5.192,-0.6495056113144826
5.2,-0.6401262279905294
5.208,-0.6075775391008786
5.216,-0.5540610475797438
5.224,-0.48243766661083626
5.232,-0.3960729423339692
5.24,-0.29867063604701105
5.248,-0.19410342028628155
5.256,-0.08624890243064465
5.264,0.021161750420065142
5.272,0.12467651131654704
5.28,0.22123182171653427
5.288,0.30823538045586446
5.296,0.38362089263876853
5.304,0.4458750292354377
5.312,0.4940385570368181
5.32,0.5276850743989552
5.328,0.5468818328659414
5.336,0.5521376064177008
5.344,0.5443424772835606
5.352,0.5247038544591848
5.36,0.494682221729614
5.368,0.45592922307490164
5.376,0.41022986952879226
5.384,0.35944994027924326
5.392,0.3054890345992294
5.4,0.2502391795938496
5.408,0.1955484171970306
5.416,0.1431884412030822
5.424,0.09482521924400501
5.432,0.05199167914991419
5.44,0.016061951302124386
5.448,-0.01177277048631185
5.456,-0.030526134284912906
5.464,-0.0394353306491239
5.472,-0.03797556784067655
5.48,-0.02586955332798904
5.488,-0.003091658149055795
5.496,0.03013308805813233
5.5040000000000004,0.07333468470422065
5.5120000000000005,0.1258079381019158
5.5200000000000005,0.1866258844519719
5.5280000000000005,0.2546567548367256
5.5360000000000005,0.3285847929652146
5.5440000000000005,0.40693555860662906
5.5520000000000005,0.48810641062962484
5.5600000000000005,0.5704025394388714
5.5680000000000005,0.6520781891410444
5.5760000000000005,0.7313816957363176
5.5840000000000005,0.8066019185047383
5.5920000000000005,0.8761128645223598
5.6000000000000005,0.9384130585669651
5.6080000000000005,0.9921566068623919
5.6160000000000005,1.0361738769529822
5.6240000000000006,1.069481054016978
5.632,1.091279256830584
5.64,1.1009451465242976
5.648,1.098015858993161
5.656,1.0821715534317746
5.664,1.053218894238247
5.672,1.0110784306683593
5.68,0.9557782040073144
5.688,0.887455105979674
5.696,0.8063646357348463
5.704,0.7128988260811874
5.712,0.6076112612102899
5.72,0.49124728429135484
5.728,0.364776686942162
5.736,0.22942540852280738
5.744,0.08670213061190585
5.752,-0.06158474040561135
5.76,-0.21332420626296086
5.768,-0.36611791272915545
5.776,-0.5173163987217994
5.784,-0.6640776710153513
5.792,-0.8034474305212033
5.8,-0.9324581143013376
5.808,-1.0482418549919554
5.816,-1.1481507965703428
5.824,-1.22987720955412
5.832,-1.2915656794090777
5.84,-1.3319102909119107
5.848,-1.3502310117763785
5.856,-1.346525083454554
5.864,-1.3214908363111795
5.872,-1.2765227407146995
5.88,-1.2136776255850659
5.888,-1.1356129261570078
5.896,-1.0454987137286336
5.904,-0.9469062337359735
5.912,-0.84367676375601
5.92,-0.7397757274260216
5.928,-0.6391380272642108
5.936,-0.5455113446923668
5.944,-0.46230459155351245
5.952,-0.3924487298760752
5.96,-0.3382767962817512
5.968,-0.30142918977018496
5.976,-0.2827891306344365
5.984,-0.28245170433025574
5.992,-0.2997281172283892
6.0,-0.3331848013055658
6.008,-0.3807149551769487
6.016,-0.4396381884527458
6.024,-0.5068223472717549
6.032,-0.5788205076557373
6.04,-0.6520156183434396
6.048,-0.7227653492727922
6.056,-0.7875402711692763
6.064,-0.8430494340946609
6.072,-0.8863486128272049
6.08,-0.9149278588780384
6.088,-0.9267764813408955
6.096,-0.9204251065534073
6.104,-0.8949659402603355
6.112,-0.850053630511927
6.12,-0.7858900362449198
6.128,-0.7031966046795893
6.136,-0.6031778957779271
6.144,-0.4874791303216695
6.152,-0.358139658056197
6.16,-0.2175431842019768
6.168,-0.06836469059621088
6.176,0.08648658664278745
6.184,0.24392892481951559
6.192,0.4007751853824513
6.2,0.5538051615898429
6.208,0.6998423659272284
6.216,0.8358335179943689
6.224,0.9589281444683134
6.232,1.0665550417356884
6.24,1.1564919902414392
6.248,1.226925123093569
6.256,1.2764947702002944
6.264,1.3043254005502276
6.272,1.3100383902914448
6.28,1.2937476226861162
6.288,1.2560392120052453
6.296,1.1979377610218012
6.304,1.12086235267753
6.312,1.0265758246372416
6.32,0.9171307281526025
6.328,0.7948147605319853
6.336,0.6620975107926121
6.344,0.5215792879439081
6.352,0.37594187639879234
6.36,0.22790052037797562
6.368,0.08015640102115841
6.376,-0.06465071024514009
6.384,-0.20398926286916153
6.392,-0.3354811883042868
6.4,-0.45694419731101255
6.408,-0.566429661142687
6.416,-0.6622548954561097
6.424,-0.7430290869398212
6.432,-0.8076724939221073
6.44,-0.8554287943569358
6.448,-0.8858705259341494
6.456,-0.8988975248048572
6.464,-0.8947282180659686
6.472,-0.8738836425077107
6.48,-0.8371641865087229
6.488,-0.785619277430192
6.496,-0.7205105318098944
6.5040000000000004,-0.6432692155063643
6.5120000000000005,-0.5554492020863477
6.5200000000000005,-0.4586769578020247
6.5280000000000005,-0.3546004091154075
6.5360000000000005,-0.24483884112572302
6.5440000000000005,-0.13093619215206204
6.5520000000000005,-0.014320198498620592
6.5600000000000005,0.10373024556175905
6.5680000000000005,0.22210744259939136
6.5760000000000005,0.33988538737460033
6.5840000000000005,0.45631748546237855
6.5920000000000005,0.57082133399376
6.6000000000000005,0.6829511903729176
6.6080000000000005,0.7923595132534914
6.6160000000000005,0.8987496468878005
6.6240000000000006,1.0018223100362726
6.632000000000001,1.1012190340564918
6.640000000000001,1.196466072310905
6.648000000000001,1.286922578324939
6.656000000000001,1.3717370174326562
6.664,1.4498158056285513
6.672,1.5198079953751058
6.68,1.5801093590406263
6.688,1.6288883663682314
6.696,1.6641352707369381
6.704,1.6837338573761627
6.712,1.685553515829769
6.72,1.6675574063980823
6.728,1.6279208421017528
6.736,1.5651528042996716
6.744,1.478212864917402
6.752,1.3666157240751655
6.76,1.2305160486139077
6.768,1.0707672506117458
6.776,0.8889492154138388
6.784,0.6873617236460519
6.792,0.4689823483044091
6.8,0.23738984662445278
6.808,-0.0033436457711734243
6.816,-0.24878617324829014
6.824,-0.4942980534119442
6.832,-0.7351940687405786
6.84,-0.9669067792089877
6.848,-1.1851421558399178
6.856,-1.3860195846238157
6.864,-1.5661896887524147
6.872,-1.7229251806841914
6.88,-1.854181864440203
6.888,-1.9586287451414945
6.896,-2.0356477992413997
6.904,-2.0853052371423115
6.912,-2.108297073031738
6.92,-2.1058725998502092
6.928,-2.079740056556069
6.936,-2.031959424279107
6.944,-1.9648278656732359
6.952,-1.8807637231810568
6.96,-1.782195091642753
6.968,-1.6714586949105872
6.976,-1.5507141224878573
6.984,-1.4218774984554732
6.992,-1.2865774806481707
7.0,-1.1461352322770784
7.008,-1.0015687323833684
7.016,-0.8536205067782495
7.024,-0.7028065603088992
7.032,-0.5494829963459593
7.04,-0.39392560548241506
7.048,-0.23641673858833456
7.056,-0.07733321325930143
7.064,0.08277104669478609
7.072,0.24309345762943554
7.08,0.40252721645077777
7.088,0.5596254851867597
7.096,0.7125878609137046
7.104,0.8592705568925724
7.112,0.997220757102616
7.12,1.1237347687656094
7.128,1.23593880760251
7.136,1.3308904160007433
7.144,1.4056975607046585
7.152,1.45765135191287
7.16,1.4843670989664997
7.168,1.4839271724697916
7.176,1.4550180532388943
7.184,1.3970532324397718
7.192,1.3102734925738067
7.2,1.1958166843606395
7.208,1.0557504481855384
7.216,0.8930633208773757
7.224,0.711612136740633
7.232,0.5160263425835341
7.24,0.3115725550823726
7.248,0.10398516635819981
7.256,-0.10072914578088561
7.264,-0.2965036745117865
7.272,-0.47743058450537623
7.28,-0.6379762539999133
7.288,-0.7731834626053339
7.296,-0.8788520174044718
7.304,-0.9516910045471516
7.312,-0.9894376262784461
7.32,-0.9909392987908651
7.328,-0.9561971652589416
7.336,-0.8863703544414678
7.344,-0.7837412527046791
7.352,-0.6516429141389141
7.36,-0.49435067952639866
7.368,-0.31694120446069385
7.376,-0.12512337829988252
7.384,0.07495309754639239
7.392,0.27690460934453626
7.4,0.4743284143521919
7.408,0.6610174280341945
7.416,0.8311672829026179
7.424,0.9795684228579805
7.432,1.1017767336021316
7.44,1.1942570932168863
7.448,1.254495196229319
7.456,1.2810740294669798
7.464,1.2737124485407576
7.472,1.2332644175830325
7.48,1.1616786304981854
7.488,1.0619194269187726
7.496,0.9378511471261812
7.5040000000000004,0.7940893332072855
7.5120000000000005,0.6358234689449936
7.5200000000000005,0.4686172323993185
7.5280000000000005,0.29819345613411025
7.5360000000000005,0.1302120529780205
7.5440000000000005,-0.02995006366679336
7.5520000000000005,-0.17740770003399056
7.5600000000000005,-0.3079555867056979
7.5680000000000005,-0.4182276990853004
7.5760000000000005,-0.5058206286271877
7.5840000000000005,-0.5693756190758262
7.5920000000000005,-0.6086157631011556
7.6000000000000005,-0.6243367857369484
7.6080000000000005,-0.6183517275847791
7.6160000000000005,-0.5933916489904039
7.6240000000000006,-0.5529662062844151
7.632000000000001,-0.5011895982818994
7.640000000000001,-0.4425789087622651
7.648000000000001,-0.3818332049178305
7.656000000000001,-0.32360280046332457
7.664000000000001,-0.27225877312998237
7.672000000000001,-0.2316730906665558
7.68,-0.20501953651065422
7.688,-0.19460504893991387
7.696,-0.2017401074738117
7.704,-0.22665540891356617
7.712,-0.2684702457702652
7.72,-0.32521571585894576
7.728,-0.3939131940178409
7.736,-0.47070552052234493
7.744,-0.5510353408576805
7.752,-0.6298622629427654
7.76,-0.7019082623041282
7.768,-0.7619192578900352
7.776,-0.8049300692722159
7.784,-0.8265200010216166
7.792,-0.8230469655312848
7.8,-0.7918492272186495
7.808,-0.7314054365931862
7.816,-0.6414455657979161
7.824,-0.5230076110453225
7.832,-0.3784374179320674
7.84,-0.21133158936917817
7.848,-0.026425986255001033
7.856,0.17056534650499683
7.864,0.373154037512822
7.872,0.5743157078646913
7.88,0.7667533138522046
7.888,0.9431753157464747
7.896,1.0965780103366907
7.904,1.2205211723787286
7.912,1.3093862574519244
7.92,1.35860688775148
7.928,1.3648622344918466
7.936,1.3262252531267147
7.944,1.242259495264213
7.952,1.1140603367396824
7.96,0.9442388088628412
7.968,0.7368486618079402
7.976,0.49725968128067316
7.984,0.2319824835081205
7.992,-0.05154809233373868
8.0,-0.34522238569211655
8.008000000000001,-0.6405284773543504
8.016,-0.9288377430378185
8.024000000000001,-1.2016931576009435
8.032,-1.4510904468369048
8.040000000000001,-1.6697428330403619
8.048,-1.8513209670856396
8.056000000000001,-1.990660575005472
8.064,-2.0839312972392627
8.072000000000001,-2.128761144862654
8.08,-2.124311977471746
8.088000000000001,-2.0713025022513443
8.096,-1.97197660017269
8.104000000000001,-1.8300163905802278
8.112,-1.6504014020655091
8.120000000000001,-1.4392175165759362
8.128,-1.2034218989428094
8.136000000000001,-0.9505727181814165
8.144,-0.6885348270182634
8.152000000000001,-0.42517437662727575
8.16,-0.16805633590740715
8.168000000000001,0.07584108928434624
8.176,0.3003820748980882
8.184000000000001,0.5004875228564151
8.192,0.6722991616447195
8.2,0.8132871384550423
8.208,0.9222977032091174
8.216,0.9995404598914802
8.224,1.0465174317615678
8.232,1.065898758067209
8.24,1.0613521184817325
8.248,1.0373348766476513
8.256,0.9988593635449964
8.264,0.9512426218426756
8.272,0.8998522687702241
8.28,0.8498599039818
8.288,0.8060127184597299
8.296,0.77243270751134
8.304,0.7524512369494378
8.312,0.7484847583641822
8.32,0.7619553333292961
8.328,0.7932574319297833
8.336,0.841770343442882
8.344,0.9059135930329558
8.352,0.9832410931884047
8.36,1.0705684314774973
8.368,1.1641267196635736
8.376,1.259735771553761
8.384,1.3529889814974647
8.392,1.4394420929603573
8.4,1.5147980658917621
8.408,1.575080511014927
8.416,1.6167887291601564
8.424,1.6370283360124815
8.432,1.6336127752356309
8.44,1.6051326544642772
8.448,1.5509916337977636
8.456,1.4714093687792387
8.464,1.3673935755515771
8.472,1.2406845007571823
8.48,1.0936758620342373
8.488,0.9293166727325721
8.496,0.7509983552365933
8.504,0.5624313344099036
8.512,0.36751508232026675
8.52,0.17020553487258247
8.528,-0.025615996628652618
8.536,-0.21626790488889372
8.544,-0.3983824696128234
8.552,-0.5690041750118927
8.56,-0.7256676265477126
8.568,-0.8664515513483961
8.576,-0.9900068539298335
8.584,-1.0955583969579716
8.592,-1.1828818016611578
8.6,-1.2522579142491563
8.608,-1.3044086038963127
8.616,-1.3404183021916352
8.624,-1.3616462546118366
8.632,-1.369634863002967
8.64,-1.3660196783029328
8.648,-1.3524463990800295
8.656,-1.330499500187505
8.664,-1.3016458323132398
8.672,-1.267194852952966
8.68,-1.228275383172181
8.688,-1.1858272925848914
8.696,-1.1406055697120767
8.704,-1.0931939217922393
8.712,-1.0440252514689579
8.72,-0.9934068321188593
8.728,-0.9415484886362107
8.736,-0.8885924101924086
8.744,-0.8346433261643847
8.752,-0.7797977241561662
8.76,-0.7241706916339644
8.768,-0.6679189303597814
8.776,-0.6112586000721493
8.784,-0.554476923779746
8.792,-0.4979369202826057
8.8,-0.4420751781398111
8.808,-0.38739318548597246
8.816,-0.3344433036072496
8.824,-0.283810933387209
8.832,-0.23609468781872567
8.84,-0.1918863785316217
8.848,-0.15175230898496495
8.856,-0.11621675806712602
8.864,-0.08574773149389832
8.872,-0.060744232389858724
8.88,-0.041523682443051525
8.888,-0.02830791619295787
8.896,-0.02120647990654545
8.904,-0.020196751315161205
8.912,-0.02510147337725537
8.92,-0.03556540066738587
8.928,-0.05103363683506094
8.936,-0.07073472503100338
8.944,-0.09367158311528088
8.952,-0.11862299350648864
8.96,-0.14415766368532376
8.968,-0.16866198474427904
8.976,-0.19038164009377917
8.984,-0.20747624382717114
8.992,-0.2180852884776078
9.0,-0.22040290798579937
9.008000000000001,-0.21275835011947872
9.016,-0.19369862164629292
9.024000000000001,-0.16206951674269288
9.032,-0.11709114040712412
9.040000000000001,-0.058424054537152395
9.048,0.013777733063608931
9.056000000000001,0.0988305568042277
9.064,0.19550500870350143
9.072000000000001,0.3020328510412618
9.08,0.4161389796896954
9.088000000000001,0.5350992497788989
9.096,0.6558233265214479
9.104000000000001,0.7749598305680357
9.112,0.8890191914960207
9.120000000000001,0.9945081217355448
9.128,1.0880687174059334
9.136000000000001,1.1666149662246361
9.144,1.2274598108503927
9.152000000000001,1.2684266846961216
9.16,1.2879404013211078
9.168000000000001,1.285093305863733
9.176,1.2596836589355835
9.184000000000001,1.2122243647081787
9.192,1.1439214277587904
9.200000000000001,1.0566229254882908
9.208,0.952740734276632
9.216000000000001,0.835148613723289
9.224,0.7070614024878492
9.232,0.5719009379102186
9.24,0.4331548880000723
9.248,0.29423504481649404
9.256,0.15834183735789142
9.264,0.028341879987408065
9.272,-0.09333481374506707
9.28,-0.2047719106286611
9.288,-0.304613228757042
9.296,-0.3920754392068554
9.304,-0.4669260815130501
9.312,-0.5294284820576693
9.32,-0.5802576178618203
9.328,-0.6203930702540369
9.336,-0.6509967529144469
9.344,-0.6732839821262082
9.352,-0.6883966896815896
9.36,-0.6972872299144783
9.368,-0.7006203972790331
9.376,-0.6987000487291134
9.384,-0.6914252088907644
9.392,-0.6782788105467102
9.4,-0.6583503653145208
9.408,-0.6303919405285645
9.416,-0.5929049069992063
9.424,-0.5442530909514812
9.432,-0.48279629309235356
9.44,-0.4070367190478569
9.448,-0.31576979439476244
9.456,-0.20823020774392642
9.464,-0.08422391836984189
9.472,0.05576266039886927
9.48,0.21048401171534475
9.488,0.3778934558227594
9.496,0.5551416055172953
9.504,0.7386168175988794
9.512,0.9240265827860102
9.52,1.1065163962803526
9.528,1.280820596407024
9.536,1.4414380976166021
9.544,1.5828249516578967
9.552,1.6995952524616833
9.56,1.7867220054915665
9.568,1.839730119459814
9.576,1.8548745299734908
9.584,1.8292975033865877
9.592,1.7611602739182666
9.6,1.6497452379748971
9.608,1.4955258971101797
9.616,1.3002025706520859
9.624,1.0667025919439228
9.632,0.799144293189003
9.64,0.5027646354432982
9.648,0.18381093140139254
9.656,-0.15060218009087467
9.664,-0.49266845108598306
9.672,-0.8340952548713239
9.68,-1.1663338119836226
9.688,-1.4808284009534551
9.696,-1.7692770265416498
9.704,-2.0238946712383585
9.712,-2.237669299702587
9.72,-2.4046004152529523
9.728,-2.51991028870362
9.736,-2.580218973178698
9.744,-2.5836757458703983
9.752,-2.5300414728803218
9.76,-2.420718371881216
9.768,-2.2587256022053768
9.776,-2.0486209726030644
9.784,-1.7963708126104996
9.792,-1.5091717172956858
9.8,-1.195229450762434
9.808,-0.8635017594692934
9.816,-0.5234131579282622
9.824,-0.18455085373253435
9.832,0.14364817123019158
9.84,0.4522083453067671
9.848,0.7329141287880182
9.856,0.9785853206856864
9.864,1.1833187187971008
9.872,1.3426865854622194
9.88,1.4538835387843692
9.888,1.5158150502246415
9.896,1.5291226770803488
9.904,1.4961434597107364
9.912,1.4208035049014918
9.92,1.3084485599540412
9.928,1.165617221981026
9.936,0.9997651570447832
9.944,0.8189511424698411
9.952,0.6314977236812006
9.96,0.44564066873462327
9.968,0.2691821478046641
9.976,0.10916266169555816
9.984,-0.028433770281203814
9.992,-0.13892774040879577
10.0,-0.2191341302362265
10.008000000000001,-0.2674837995182165
10.016,-0.2840705785288355
10.024000000000001,-0.27062023745502417
10.032,-0.23038190740102168
10.040000000000001,-0.16794641459782886
10.048,-0.08899986535410326
10.056000000000001,-2.4283977991057026e-05
10.064,0.09204008330446828
10.072000000000001,0.18015418079864734
10.08,0.25754352166413047
10.088000000000001,0.3180475294099339
10.096,0.3564374554951621
10.104000000000001,0.3686869539534717
10.112,0.3521816896156152
10.120000000000001,0.305857419286495
10.128,0.23025968877596206
10.136000000000001,0.12752242688505014
10.144,0.0012670180698132227
10.152000000000001,-0.14357240135540653
10.16,-0.3009879328067088
10.168000000000001,-0.4641885938612903
10.176,-0.6259277698013269
10.184000000000001,-0.7788510679646856
10.192,-0.9158476327506081
10.200000000000001,-1.0303882637794128
10.208,-1.1168347581802551
10.216000000000001,-1.170706674590027
10.224,-1.188894064153702
10.232000000000001,-1.169807478048445
10.24,-1.1134595694214464
10.248,-1.0214756874512994
10.256,-0.8970338617921515
10.264,-0.7447373868713472
10.272,-0.5704257741036757
10.28,-0.3809321192519824
10.288,-0.18379691930150147
10.296,0.013049953102535093
10.304,0.20162609210163035
10.312,0.37423829227914795
10.32,0.5238148301885083
10.328,0.6442140667049199
10.336,0.7304958199739285
10.344,0.7791431973764539
10.352,0.7882243601808785
10.36,0.7574860056063197
10.368,0.6883731645309008
10.376,0.583973189722392
10.384,0.44888546353040193
10.392,0.28902221858868193
10.4,0.11134967546140691
10.408,-0.07641788404924814
10.416,-0.26615582513547
10.424,-0.449681738636583
10.432,-0.6191055327911689
10.44,-0.7671603992703623
10.448,-0.8874997398357614
10.456,-0.9749476263597266
10.464,-1.0256933382278723
10.472,-1.0374237116694256
10.48,-1.0093902154905319
10.488,-0.9424106580306673
10.496,-0.8388081112403879
10.504,-0.7022919490337887
10.512,-0.5377878251557577
10.52,-0.35122497259202257
10.528,-0.14929040538761365
10.536,0.06083955608871755
10.544,0.271779551420766
10.552,0.47621629192027304
10.56,0.6671799377759022
10.568,0.838295962433512
10.576,0.9840089458173562
10.584,1.0997713153432127
10.592,1.1821918738392325
10.6,1.2291408467638238
10.608,1.2398099469298747
10.616,1.2147274132115666
10.624,1.1557290333323242
10.632,1.0658868390249063
10.64,0.9493976170823321
10.648,0.8114338325029921
10.656,0.6579602131359044
10.664,0.49552020895494636
10.672,0.33099779695222914
10.68,0.1713615285716299
10.688,0.02339912438991593
10.696,-0.10654788188666726
10.704,-0.21283912253225704
10.712,-0.29076933259607995
10.72,-0.3367707990031846
10.728,-0.34857468411499654
10.736,-0.3253229735666886
10.744,-0.26762472219968697
10.752,-0.17755265079460622
10.76,-0.05857886067964035
10.768,0.08454867065684053
10.776,0.24598425065472057
10.784,0.4190100126976012
10.792,0.596299209480624
10.8,0.7702057979879096
10.808,0.9330676557956837
10.816,1.077510269904544
10.824,1.196737952441171
10.832,1.2848005137179368
10.84,1.3368247621748646
10.848,1.3492020706371934
10.856,1.3197254113872934
10.864,1.247671597251543
10.872,1.1338268744522118
10.88,0.9804564116634704
10.888,0.7912205288322545
10.896,0.5710425965751792
10.904,0.32593527886921625
10.912,0.06279305998561396
10.92,-0.21084028830039633
10.928,-0.487020472060409
10.936,-0.7576591095742877
10.944,-1.0147797906757408
10.952,-1.2507663078235054
10.96,-1.4585961456887508
10.968,-1.6320527861127883
10.976,-1.7659108623273319
10.984,-1.8560888071263202
10.992,-1.8997645001459296
11.0,-1.8954505879312276
11.008000000000001,-1.8430276093555102
11.016,-1.7437347204022988
11.024000000000001,-1.6001195370462826
11.032,-1.4159502348245931
11.040000000000001,-1.1960943876038932
11.048,-0.9463699542922897
11.056000000000001,-0.6733742532065744
11.064,-0.3842967107429907
11.072000000000001,-0.08672073640063394
11.08,0.21158056902124445
11.088000000000001,0.5028508206663032
11.096,0.779555297331393
11.104000000000001,1.0345810084075688
11.112,1.2614282214529138
11.120000000000001,1.4543891965974425
11.128,1.6087090706773957
11.136000000000001,1.7207230751392277
11.144,1.7879638579988022
11.152000000000001,1.809232872513399
11.16,1.784630727916949
11.168000000000001,1.7155430328611245
11.176,1.604580410546886
11.184000000000001,1.4554737597304437
11.192,1.2729282265374693
11.200000000000001,1.0624415644246998
11.208,0.8300945050698814
11.216000000000001,0.5823223969771935
11.224,0.325678631438671
11.232000000000001,0.06660115326124492
11.24,-0.18880651366614334
11.248000000000001,-0.43496895839758837
11.256,-0.6669980456646443
11.264,-0.8808106002421215
11.272,-1.0732005090610717
11.28,-1.2418642045661654
11.288,-1.3853814480870066
11.296,-1.5031559106161716
11.304,-1.5953220949302829
11.312,-1.662626604323506
11.32,-1.7062926519177062
11.328,-1.7278770580266134
11.336,-1.7291288379875833
11.344,-1.7118578690498993
11.352,-1.677821072515092
11.36,-1.6286320977073168
11.368,-1.5656987086207828
11.376,-1.4901900390782483
11.384,-1.4030337151207357
11.392,-1.3049406934720502
11.4,-1.196453707439462
11.408,-1.0780136273681806
11.416,-0.9500369847778348
11.424,-0.8129974664601193
11.432,-0.6675043591562636
11.44,-0.5143716348549826
11.448,-0.35467247267155594
11.456,-0.1897753602681477
11.464,-0.021359367083451257
11.472,0.14859237361731953
11.48,0.3178205750137479
11.488,0.4838374845295109
11.496,0.643991723197448
11.504,0.795546898439255
11.512,0.9357701536572554
11.52,1.0620266459364347
11.528,1.171875991710798
11.536,1.263166872341748
11.544,1.3341261174703472
11.552,1.3834386028565129
11.56,1.4103142341585728
11.568,1.414538278967788
11.576,1.3965015658632787
11.584,1.357207772735444
11.592,1.2982562291291502
11.6,1.2218002307751838
11.608,1.1304825330910782
11.616,1.0273511358363248
11.624,0.9157594583806123
11.632,0.7992554663670903
11.64,0.6814643471511
11.648,0.5659691392148225
11.656,0.45619348390938663
11.664,0.35529047632271016
11.672,0.2660414202437936
11.68,0.19076803881250276
11.688,0.13126125146599843
11.696,0.08872895004494145
11.704,0.06376432456545972
11.712,0.056335299646856705
11.72,0.06579466885185366
11.728,0.09090966459665784
11.736,0.12990904540466924
11.744,0.18054534522569587
11.752,0.24016969814559483
11.76,0.3058165851290724
11.768,0.3742958903280943
11.776,0.4422897429793178
11.784,0.5064517097403687
11.792,0.563505970546286
11.8,0.6103441686758293
11.808,0.6441177039042026
11.816,0.6623233667174281
11.824,0.6628803968225954
11.832,0.6441972587986943
11.84,0.6052266032899887
11.848,0.5455069703249102
11.856,0.4651897820931572
11.864,0.3650501219695815
11.872,0.2464798181484999
11.88,0.11146157301941821
11.888,-0.037476608276519136
11.896,-0.19732663010244708
11.904,-0.3646840848003787
11.912,-0.5358484457161009
11.92,-0.7069365345383526
11.928,-0.874005330483836
11.936,-1.033179635768888
11.944,-1.180779785249553
11.952,-1.313444449703774
11.96,-1.42824359898201
11.968,-1.5227768538563062
11.976,-1.595252780027008
11.984,-1.6445451965896616
11.992,-1.6702233193135059
12.0,-1.6725535614390459
12.008000000000001,-1.6524720740888545
12.016,-1.6115285919656959
12.024000000000001,-1.5518037787336645
12.032,-1.4758039139185752
12.040000000000001,-1.3863382696985995
12.048,-1.2863857273402108
12.056000000000001,-1.178957943727273
12.064,-1.066966616559977
12.072000000000001,-0.9531020930328942
12.08,-0.8397297583458776
12.088000000000001,-0.7288094071392687
12.096,-0.6218412509874689
12.104000000000001,-0.5198404731451656
12.112,-0.4233404396907727
12.120000000000001,-0.3324229443944256
12.128,-0.24677232349725095
12.136000000000001,-0.1657490282353877
12.144,-0.08847736197331293
12.152000000000001,-0.013941613126673781
12.16,0.0589152600650169
12.168000000000001,0.13109595702671953
12.176,0.2034611786604707
12.184000000000001,0.276654235882096
12.192,0.35104129539318024
12.200000000000001,0.42666969455263937
12.208,0.5032457886868855
12.216000000000001,0.5801328266821096
12.224,0.6563684175608184
12.232000000000001,0.7307002955924656
12.24,0.8016383630248715
12.248000000000001,0.8675204267225911
12.256,0.9265886603126797
12.264000000000001,0.9770735938311165
12.272,1.0172823053946025
12.280000000000001,1.0456874008365902
12.288,1.0610132691738823
12.296,1.0623159800602997
12.304,1.0490530702996568
12.312,1.0211394100927784
12.32,0.9789854259617086
12.328,0.9235142706912394
12.336,0.8561551448658804
12.344,0.7788109362014289
12.352,0.6937996543013311
12.36,0.6037707456570792
12.368,0.511599164316254
12.376,0.4202618878212266
12.384,0.3327032184042035
12.392,0.25169650412719413
12.4,0.17971068012426314
12.408,0.11879013524539216
12.416,0.07045579141514699
12.424,0.03563396839519437
12.432,0.014617716131965306
12.44,0.007063026609075036
12.448,0.012019918825014183
12.456,0.027996045787434466
12.464,0.05304837966091923
12.472,0.08489681529124883
12.48,0.12105227427585086
12.488,0.15895114668217414
12.496,0.19608771711138334
12.504,0.2301366122676001
12.512,0.2590582727044585
12.52,0.2811819322099144
12.528,0.2952624575398938
12.536,0.30050947286523266
12.544,0.29658925340014697
12.552,0.2836017237911882
12.56,0.2620363962251417
12.568,0.2327121581104646
12.576,0.196706454768751
12.584,0.15527962227505773
12.592,0.10979992260447963
12.6,0.06167422123601222
12.608,0.012288238069274468
12.616,-0.03704104777704045
12.624,-0.08509981582419289
12.632,-0.13079916922489024
12.64,-0.1731860534701818
12.648,-0.2114459327372459
12.656,-0.24490004107613791
12.664,-0.2729997177324454
12.672,-0.2953197085733889
12.68,-0.3115516269224196
12.688,-0.32149822916754794
12.696,-0.32506886698190196
12.704,-0.32227639274307623
12.712,-0.3132357979003123
12.72,-0.29816482456162674
12.728,-0.2773866262313626
12.736,-0.2513342542864636
12.744,-0.2205563608154395
12.752,-0.18572310959041985
12.76,-0.14763094285063783
12.768,-0.10720460796751295
12.776,-0.06549473022191257
12.784,-0.02366924221615143
12.792,0.0170028345309025
12.8,0.0551763912376457
12.808,0.08946458055002653
12.816,0.11848230489052289
12.824,0.14089770716714908
12.832,0.15548952194443855
12.84,0.16120718466661113
12.848,0.1572298137490988
12.856,0.14301970073589218
12.864,0.11836586486311176
12.872,0.08341360549626199
12.88,0.03867682058509114
12.888,-0.014968908065075776
12.896,-0.07631295138341364
12.904,-0.1438548589021352
12.912,-0.2158654968339968
12.92,-0.2904601290799489
12.928,-0.3656785680711544
12.936,-0.4395670873085955
12.944,-0.5102568394407352
12.952,-0.5760340190300058
12.96,-0.6353978489146089
12.968,-0.6871035166055103
12.976,-0.7301882994601223
12.984,-0.7639801846227918
12.992,-0.7880892660693378
13.0,-0.8023831080086247
13.008000000000001,-0.806948158283032
13.016,-0.8020402140613908
13.024000000000001,-0.7880278507803822
13.032,-0.7653335021224051
13.040000000000001,-0.7343773456931809
13.048,-0.6955291387353291
13.056000000000001,-0.649072574732596
13.064,-0.5951856296564306
13.072000000000001,-0.5339388826233038
13.08,-0.4653121418337483
13.088000000000001,-0.38922810020754345
13.096,-0.3056003621130789
13.104000000000001,-0.21439213508114713
13.112,-0.11568121366815108
13.120000000000001,-0.009726582577643243
13.128,0.10296802812920135
13.136000000000001,0.22159807978588836
13.144,0.34501374505838295
13.152000000000001,0.47169067516451757
13.16,0.5997191791140718
13.168000000000001,0.726814359749577
13.176,0.8503489419072174
13.184000000000001,0.9674094843430043
13.192,1.0748754056837326
13.200000000000001,1.1695188629245392
13.208,1.2481221340321111
13.216000000000001,1.3076079130146725
13.224,1.345176927308439
13.232000000000001,1.3584465771817227
13.24,1.3455838725928697
13.248000000000001,1.3054257884310858
13.256,1.2375802784922045
13.264000000000001,1.1425016214736894
13.272,1.0215345802727265
13.280000000000001,0.8769230864714262
13.288,0.7117808087055615
13.296000000000001,0.5300229433890532
13.304,0.3362607240314174
13.312000000000001,0.13566228400426267
13.32,-0.06621457286716106
13.328,-0.2636106081379753
13.336,-0.45076627846140344
13.344,-0.6221271760923934
13.352,-0.7725452639456389
13.36,-0.8974679070070004
13.368,-0.9931075354489809
13.376,-1.056585774844401
13.384,-1.0860469280722636
13.392,-1.0807367407689217
13.4,-1.041043448150426
13.408,-0.9684992495927423
13.416,-0.8657416461846671
13.424,-0.7364355119729165
13.432,-0.5851582887502372
13.44,-0.4172521803491606
13.448,-0.23864854445820607
13.456,-0.055670733768069636
13.464,0.12517762942339894
13.472,0.29743155199540566
13.48,0.4548832309909566
13.488,0.5917928944507476
13.496,0.7030848761942247
13.504,0.784522395711597
13.512,0.8328551975176193
13.52,0.845935048594848
13.528,0.8227950974017099
13.536,0.7636902596049553
13.544,0.6700970961153483
13.552,0.5446730442483159
13.56,0.39117627857846277
13.568,0.2143488191474388
13.576,0.019766680368415286
13.584,-0.18633818997131027
13.592,-0.3972786914105154
13.6,-0.6061299963572828
13.608,-0.8059570371449974
13.616,-0.990044989126658
13.624,-1.152125250393133
13.632,-1.2865891340093485
13.64,-1.3886814978463413
13.648,-1.454666964297575
13.656,-1.481962270662471
13.664,-1.4692295781978477
13.672,-1.4164271092584906
13.68,-1.3248151111517563
13.688,-1.1969167383252959
13.696,-1.0364349550384906
13.704,-0.8481280104943243
13.712,-0.6376474710853852
13.72,-0.4113442199665942
13.728,-0.17604919552520842
13.736,0.06116318102152597
13.744,0.29322008170025204
13.752,0.5132946149538068
13.76,0.7150402323981072
13.768,0.8928064505476159
13.776,1.0418279281150613
13.784,1.1583799724138684
13.792,1.2398947666121132
13.8,1.285033997224124
13.808,1.293715128712222
13.816,1.2670903254209924
13.824,1.207478933853876
13.832,1.118256438506016
13.84,1.0037047779532453
13.848,0.8688307126373452
13.856,0.7191604200797965
13.864,0.5605195160938797
13.872,0.39880815675334524
13.88,0.23978072514599635
13.888,0.08883889685105056
13.896,-0.04915425538647931
13.904,-0.17003282252686777
13.912,-0.27045440075862803
13.92,-0.3479906661816025
13.928,-0.4011798840071048
13.936,-0.42954028576323505
13.944,-0.433544564043651
13.952,-0.41455719135356695
13.96,-0.3747378326752113
13.968,-0.3169156630448742
13.976,-0.2444407465032203
13.984,-0.1610196229286978
13.992,-0.0705427942808795
14.0,0.023088104271623115
14.008000000000001,0.11612596100270238
14.016,0.20512978924342204
14.024000000000001,0.2870962246611279
14.032,0.35956587943588353
14.040000000000001,0.4207006728778128
14.048,0.46932954339752164
14.056000000000001,0.5049613320991247
14.064,0.5277650723099517
14.072000000000001,0.5385193671982303
14.08,0.538533926893515
14.088000000000001,0.5295476045515288
14.096,0.5136083595592573
14.104000000000001,0.4929414337556131
14.112,0.46981260684382886
14.120000000000001,0.446393658360896
14.128,0.4246370698788823
14.136000000000001,0.4061665282802661
14.144,0.39218893547239964
14.152000000000001,0.38343241854184806
14.16,0.38011332904924977
14.168000000000001,0.38193351539101095
14.176,0.38810736509884586
14.184000000000001,0.3974163712888277
14.192,0.408287402728086
14.200000000000001,0.4188895601350903
14.208,0.4272435699774891
14.216000000000001,0.4313371587884262
14.224,0.4292397882026604
14.232000000000001,0.41921049895702467
14.24,0.39979336189492853
14.248000000000001,0.3698960871149283
14.256,0.32884859806523914
14.264000000000001,0.27643972166586517
14.272,0.21293146345976
14.280000000000001,0.13905152675596055
14.288,0.055965721430102734
14.296000000000001,-0.034767350254942674
14.304,-0.13125645485693094
14.312000000000001,-0.23134960442022118
14.32,-0.33271445372446823
14.328000000000001,-0.4329240989515541
14.336,-0.5295453153710448
14.344,-0.6202264554502047
14.352,-0.7027823979054477
14.36,-0.7752740693991126
14.368,-0.8360801524831974
14.376,-0.8839586674577138
14.384,-0.9180962150137462
14.392,-0.9381428499207577
14.4,-0.9442308856797227
14.408,-0.9369764492481845
14.416,-0.9174633133744454
14.424,-0.8872093730170342
14.432,-0.848116991403706
14.44,-0.8024091899305918
14.448,-0.7525541883304608
14.456,-0.701181073142733
14.464,-0.6509894126338309
14.472,-0.6046555289172655
14.48,-0.5647379842521332
14.488,-0.5335847191187559
14.496,-0.5132442332740986
14.504,-0.5053832219454197
14.512,-0.5112131293075993
14.52,-0.5314281053547139
14.528,-0.5661567931181665
14.536,-0.6149301849459906
14.544,-0.6766674473938707
14.552,-0.7496811366742873
14.56,-0.8317026580895988
14.568,-0.9199282307421248
14.576,-1.0110850598195436
14.584,-1.1015169061049062
14.592,-1.1872877298164766
14.6,-1.2643014847479295
14.608,-1.328435367755832
14.616,-1.3756828759835293
14.624,-1.402301986461332
14.632,-1.4049628438430672
14.64,-1.380888747440482
14.648,-1.3279841322147947
14.656,-1.2449436691982834
14.664,-1.1313374508519178
14.672,-0.9876682678987453
14.68,-0.8153980270015008
14.688,-0.6169413024258175
14.696,-0.39562489069989126
14.704,-0.155613171763147
14.712,0.09819978912555209
14.72,0.3603290741265087
14.728,0.6248647613575812
14.736,0.8856592337869107
14.744,1.1365289258854203
14.752,1.3714623835896647
14.76,1.5848259098758897
14.768,1.7715580190070537
14.776,1.9273444138356026
14.784,2.0487661692971346
14.792,2.1334151565174286
14.8,2.1799723619595373
14.808,2.1882465215864126
14.816,2.1591722771659745
14.824,2.0947687544910165
14.832,1.9980609628951829
14.84,1.8729676527805748
14.848,1.7241602145480004
14.856,1.556897876403368
14.864,1.3768449175572774
14.872,1.1898759325794361
14.88,1.0018754247131454
14.888,0.8185381952932996
14.896,0.645177111346432
14.904,0.4865448192120532
14.912,0.3466757678912544
14.92,0.22875447170804114
14.928,0.1350152705085547
14.936,0.06667795496301823
14.944,0.023922535745038883
14.952,0.005905150686695442
14.96,0.01081560049855779
14.968,0.03597525233708046
14.976,0.07797205675505843
14.984,0.13282726939825543
14.992,0.19618633235031435
15.0,0.2635245061099057
15.008000000000001,0.3303565282635204
15.016,0.3924390388019262
15.024000000000001,0.44595488407905254
15.032,0.4876696958185777
15.040000000000001,0.5150532186177904
15.048,0.526360502318112
15.056000000000001,0.5206709777256787
15.064,0.49788625062298125
15.072000000000001,0.458689858399335
15.08,0.40447400953240087
15.088000000000001,0.3372393912164361
15.096,0.25947456483061815
15.104000000000001,0.17402146455046646
15.112,0.08393329369730923
15.120000000000001,-0.0076691495041376345
15.128,-0.09773690938308484
15.136000000000001,-0.1834224666166185
15.144,-0.2621941417385531
15.152000000000001,-0.3319303974801051
15.16,-0.39098985416584386
15.168000000000001,-0.4382539272413219
15.176,-0.4731404753471727
15.184000000000001,-0.49558863418428817
15.192,-0.5060169322715933
15.200000000000001,-0.5052585990556907
15.208,-0.4944794370126228
15.216000000000001,-0.47508455421960777
15.224,-0.44862056991696864
15.232000000000001,-0.41667965614885827
15.24,-0.38081108829986565
15.248000000000001,-0.34244499946837015
15.256,-0.30283190507987545
15.264000000000001,-0.26300038380823443
15.272,-0.2237341299807641
15.280000000000001,-0.18556846705744376
15.288,-0.14880535520840518
15.296000000000001,-0.11354495883178499
15.304,-0.07973098374687625
15.312000000000001,-0.047206274417356295
15.32,-0.015774609605958424
15.328000000000001,0.014735715429447939
15.336,0.0444110478627094
15.344000000000001,0.07319866214662896
15.352,0.10086414578276422
15.36,0.12696319618565657
15.368,0.1508302519285662
15.376,0.17158532512620278
15.384,0.18815924409249823
15.392,0.19933633647111348
15.4,0.20381246622384083
15.408,0.20026536024552344
15.416,0.1874333823652534
15.424,0.16419837100215848
15.432,0.1296678640781843
15.44,0.08325198286529542
15.448,0.024730413704821437
15.456,-0.045694714983573116
15.464,-0.1273637409837223
15.472,-0.21914517725006893
15.48,-0.31944443487178936
15.488,-0.4262368241411395
15.496,-0.5371249816337976
15.504,-0.6494195767354873
15.512,-0.7602407000277692
15.52,-0.866635802141435
15.528,-0.9657085636505832
15.536,-1.0547518008431793
15.544,-1.1313766232697318
15.552,-1.1936297078092104
15.56,-1.2400908434185225
15.568,-1.2699438683229243
15.576,-1.2830157274523997
15.584,-1.2797804998274651
15.592,-1.2613276848273973
15.6,-1.2292965438566
15.608,-1.1857806123198373
15.616,-1.133208405409801
15.624,-1.074207689563517
15.632,-1.0114614127635233
15.64,-0.94756349477449
15.648,-0.8848822543238875
15.656,-0.8254384249932887
15.664,-0.7708036387311241
15.672,-0.7220240740169332
15.68,-0.6795727577412732
15.688,-0.6433327788206842
15.696,-0.6126123524043983
15.704,-0.5861911861292987
15.712,-0.5623959232269957
15.72,-0.5392006660754726
15.728,-0.5143469312627226
15.736,-0.48547612326805756
15.744,-0.45026696294259505
15.752,-0.4065703564190566
15.76,-0.35253485627826464
15.768,-0.286716936580559
15.776,-0.20817152845043552
15.784,-0.11651945769540831
15.792,-0.01198952033394552
15.8,0.10456604149843199
15.808,0.23168286984416384
15.816,0.36732176097069863
15.824,0.5089299337756338
15.832,0.6535233878979987
15.84,0.7977867098429143
15.848,0.9381862643285025
15.856,1.071092585470239
15.864,1.1929078571585856
15.872,1.3001945017296963
15.88,1.3898009618685667
15.888,1.4589807169732643
15.896,1.505500463467509
15.904,1.527733315381816
15.912,1.5247329771576918
15.92,1.4962852184563133
15.928,1.442933708894742
15.936,1.3659783544720818
15.944,1.2674456492833006
15.952,1.1500320744764958
15.96,1.0170230441867338
15.968,0.8721911066899295
15.976,0.7196779003911938
15.984,0.5638646867349849
15.992,0.40923620836674224
16.0,0.2602423144061535
16.008,0.12116143631516312
16.016000000000002,-0.004030292447841845
16.024,-0.11178068608289185
16.032,-0.1990705371873642
16.04,-0.26350694270923175
16.048000000000002,-0.30339832117290033
16.056,-0.31780917375146506
16.064,-0.30659338767451677
16.072,-0.2704055927656255
16.080000000000002,-0.21069065827278768
16.088,-0.12965181917670765
16.096,-0.030198182664708903
16.104,0.08412743330554394
16.112000000000002,0.20923915216867786
16.12,0.34061570271208336
16.128,0.4734232307473678
16.136,0.6026509544862801
16.144000000000002,0.7232569058936236
16.152,0.8303205642086847
16.16,0.9191987819491346
16.168,0.98568102726028
16.176000000000002,1.0261396200853252
16.184,1.0376703396586466
16.192,1.0182185648507758
16.2,0.9666860295642112
16.208000000000002,0.8830133858317115
16.216,0.7682341055316765
16.224,0.6244958310445223
16.232,0.4550460938442538
16.240000000000002,0.26418032755811066
16.248,0.0571512688738473
16.256,-0.1599598749343284
16.264,-0.3804087455238462
16.272000000000002,-0.5969864717564795
16.28,-0.8022469988280596
16.288,-0.9887569915312164
16.296,-1.1493606903761568
16.304000000000002,-1.2774506228627878
16.312,-1.3672337264608136
16.32,-1.4139813994543444
16.328,-1.4142514879296715
16.336000000000002,-1.3660704648623982
16.344,-1.2690652036241041
16.352,-1.1245357961494664
16.36,-0.9354636632653027
16.368000000000002,-0.7064524821949741
16.376,-0.4436029000760939
16.384,-0.1543253251228453
16.392,0.15290192898057298
16.4,0.4688193653612357
16.408,0.7837061672922757
16.416,1.0877201312700095
16.424,1.3712438708765682
16.432,1.6252233848858384
16.44,1.8414855816491764
16.448,2.0130224249702486
16.456,2.134230963102975
16.464,2.201100548164843
16.472,2.2113409474456702
16.48,2.164447660558811
16.488,2.0617034307595263
16.496,1.9061175076788253
16.504,1.7023065311273684
16.512,1.4563228576216518
16.52,1.175437705482694
16.528,0.8678876748316663
16.536,0.5425940600465547
16.544,0.20886495544176562
16.552,-0.12390954504817951
16.56,-0.4465587897567144
16.568,-0.750419827371851
16.576,-1.0276035210884462
16.584,-1.27123078502495
16.592,-1.475632637614661
16.6,-1.6365091916222225
16.608,-1.7510439511449447
16.616,-1.8179708029411479
16.624,-1.8375919522137811
16.632,-1.8117459405397478
16.64,-1.7437259837787387
16.648,-1.6381502810901065
16.656,-1.5007876341259543
16.664,-1.3383435183276917
16.672,-1.1582134607768395
16.68,-0.968212041414166
16.688,-0.7762869882821496
16.696,-0.590228716647409
16.704,-0.4173863236510139
16.712,-0.2644014859978918
16.72,-0.13697178835518015
16.728,-0.0396545007898911
16.736,0.024279521375704053
16.744,0.052934455882327355
16.752,0.045816499606196784
16.76,0.0037988791220219904
16.768,-0.07097150110559809
16.776,-0.1752185345864135
16.784,-0.3047223789120346
16.792,-0.45453386338050794
16.8,-0.6192049467642252
16.808,-0.7930225188119456
16.816,-0.9702339050124091
16.824,-1.1452541663332825
16.832,-1.312847435423455
16.84,-1.4682768522912986
16.848,-1.6074199466775625
16.856,-1.7268484102024624
16.864,-1.8238730193485215
16.872,-1.8965559712833684
16.88,-1.9436940726776493
16.888,-1.9647770898191088
16.896,-1.959926147434638
16.904,-1.9298173752678105
16.912,-1.87559606193146
16.92,-1.7987863938290258
16.928,-1.7012014394759234
16.936,-1.5848574027158777
16.944,-1.4518953534452204
16.952,-1.304512726276835
16.96,-1.1449059577118177
16.968,-0.9752248161667624
16.976,-0.7975383441341124
16.984,-0.6138119026033382
16.992,-0.4258945514229637
17.0,-0.23551584206599357
17.008,-0.04429095972257423
17.016000000000002,0.14626702890659263
17.024,0.3347293065122164
17.032,0.5197295810185617
17.04,0.6999405513242581
17.048000000000002,0.8740508303733806
17.056,1.0407447093382216
17.064,1.1986871165731026
17.072,1.3465159200706456
17.080000000000002,1.482843327296092
17.088,1.6062675514319253
17.096,1.7153951570826746
17.104,1.808873614813029
17.112000000000002,1.8854326552418588
17.12,1.9439321202868987
17.128,1.9834132772547481
17.136,2.0031500978472128
17.144000000000002,2.0026968794824427
17.152,1.9819288153861772
17.16,1.9410726592102352
17.168,1.880725392930032
17.176000000000002,1.8018596885287632
17.184,1.705815854014533
17.192,1.5942807902012897
17.2,1.4692551960609666
17.208000000000002,1.3330108075378122
17.216,1.1880398154435445
17.224,1.0369987763164135
17.232,0.8826493154717281
17.240000000000002,0.7277977493208482
17.248,0.575235464976346
17.256,0.42768154153873866
17.264,0.2877287360534705
17.272000000000002,0.15779363867949237
17.28,0.040071560623240556
17.288,-0.06350343271564704
17.296,-0.15129300121005723
17.304000000000002,-0.2219831938273754
17.312,-0.2746069578929884
17.32,-0.3085601514600544
17.328,-0.32361074689799624
17.336000000000002,-0.31990099566832386
17.344,-0.297942462985143
17.352,-0.2586040284790529
17.36,-0.20309316384233378
17.368000000000002,-0.13293100917801917
17.376,-0.04992193887145328
17.384,0.04388160273880105
17.392,0.1462182363250149
17.400000000000002,0.2546601359888208
17.408,0.3666584974265127
17.416,0.4795918961948577
17.424,0.5908176760462135
17.432,0.6977265749114927
17.44,0.7978006145633195
17.448,0.8886738130566519
17.456,0.9681945572100306
17.464,1.0344875903876816
17.472,1.0860126718217713
17.48,1.121616217662442
17.488,1.1405718138171905
17.496,1.1426055441183596
17.504,1.1279026935714496
17.512,1.0970935657084706
17.52,1.0512177932924451
17.528,0.9916684306698687
17.536,0.9201190479305914
17.544,0.838438747762192
17.552,0.7486012733129346
17.56,0.6525950054330251
17.568,0.5523405698785072
17.576,0.449621981309328
17.584,0.34603581760817054
17.592,0.24296099966699963
17.6,0.1415495649593082
17.608,0.042736623987341335
17.616,-0.052734253700590775
17.624,-0.14427541123755708
17.632,-0.23141515208393762
17.64,-0.31375931492011605
17.648,-0.39095939996258666
17.656,-0.46269085297486545
17.664,-0.5286433654576969
17.672,-0.5885232534455354
17.68,-0.6420663649526269
17.688,-0.6890586805976894
17.696,-0.7293608734012706
17.704,-0.7629325990816981
17.712,-0.7898522172666185
17.72,-0.8103280416765901
17.728,-0.8246981330647221
17.736,-0.8334170805893146
17.744,-0.8370300496654478
17.752,-0.8361363500366468
17.76,-0.8313465346221638
17.768,-0.8232382090598435
17.776,-0.8123160604109227
17.784,-0.7989810495880378
17.792,-0.7835124160186683
17.8,-0.7660644195922899
17.808,-0.7466779351841147
17.816,-0.7253054004559716
17.824,-0.7018463713304156
17.832,-0.6761901277114128
17.84,-0.6482613847533143
17.848,-0.6180651513093988
17.856,-0.5857270694141339
17.864,-0.551526094353
17.872,-0.5159170623245067
17.88,-0.47954147404043446
17.888,-0.44322563604593873
17.896,-0.4079660923530191
17.904,-0.3749029994162851
17.912,-0.345282706633893
17.92,-0.32041127029750655
17.928,-0.3016009336369133
17.936,-0.29011175525702043
17.944,-0.28709060024129085
17.952,-0.2935096905682146
17.96,-0.31010692677990626
17.968,-0.33733030655670576
17.976,-0.3752889912575862
17.984,-0.4237138492339428
17.992,-0.4819305118440983
18.0,-0.5488479670026727
18.008,-0.6229653664794227
18.016000000000002,-0.7023989880790107
18.024,-0.7849302070578232
18.032,-0.8680739939967358
18.04,-0.9491660021675173
18.048000000000002,-1.0254648684493242
18.056,-1.0942650415610462
18.064,-1.153014364822617
18.072,-1.1994298654949178
18.080000000000002,-1.2316048289322579
18.088,-1.248100352274636
18.096,-1.248015245169877
18.104,-1.2310293818697722
18.112000000000002,-1.1974173286215672
18.12,-1.1480310961634745
18.128,-1.0842529598019601
18.136,-1.0079212095218528
18.144000000000002,-0.9212332680590425
18.152,-0.8266317806153792
18.16,-0.7266800676971358
18.168,-0.6239338187913025
18.176000000000002,-0.520816143695727
18.184,-0.4195030783778785
18.192,-0.3218262857912019
18.2,-0.22919890014082425
18.208000000000002,-0.14256917755574142
18.216,-0.06240486738200759
18.224,0.011290864233474305
18.232,0.07893334221379855
18.240000000000002,0.1412836296186136
18.248,0.1993544522611675
18.256,0.2543015253414841
18.264,0.3073078585268956
18.272000000000002,0.35946890516062996
18.28,0.41168617440142063
18.288,0.464576212898384
18.296,0.5184007819181302
18.304000000000002,0.5730227054372722
18.312,0.6278903236997778
18.32,0.682051806857968
18.328,0.7341988017783465
18.336000000000002,0.7827370535587072
18.344,0.8258798571973205
18.352,0.8617586031578232
18.36,0.888543463614397
18.368000000000002,0.9045665855369238
18.376,0.9084400991932889
18.384,0.8991617943237432
18.392,0.8762023384595613
18.400000000000002,0.8395692352616079
18.408,0.7898441754796962
18.416,0.7281919039899173
18.424,0.6563401645929502
18.432000000000002,0.576531683773402
18.44,0.49145051068856305
18.448,0.40412630568262153
18.456,0.31782128389005865
18.464,0.23590537025900515
18.472,0.16172561354560971
18.48,0.09847598661306102
18.488,0.04907337297048508
18.496,0.01604486436009287
18.504,0.001430572088873096
18.512,0.006705109546929202
18.52,0.032719862658570985
18.528,0.07966723840247845
18.536,0.14706733542252606
18.544,0.23377691811074272
18.552,0.33802013333758774
18.56,0.4574399830413835
18.568,0.5891690595619609
18.576,0.729917427021729
18.584,0.8760748415678865
18.592,1.0238238676311968
18.6,1.169260003678981
18.608,1.308514762548592
18.616,1.4378777426046392
18.624,1.5539139671466864
18.632,1.6535730131597282
18.64,1.7342865893845603
18.648,1.7940512501045156
18.656,1.8314929458415912
18.664,1.8459102792114823
18.672,1.837293804977791
18.68,1.8063195602045925
18.688,1.7543161983920568
18.696,1.6832065047877471
18.704,1.5954255167825282
18.712,1.4938187933418483
18.72,1.381525435501831
18.728,1.2618511703102122
18.736,1.1381371397667541
18.744,1.0136300000896277
18.752,0.8913585922595783
18.76,0.7740218767556819
18.768,0.6638921248386171
18.776,0.5627366023237937
18.784,0.47176021830901804
18.792,0.3915708608741509
18.8,0.32216840581864686
18.808,0.26295765996451337
18.816,0.21278478973369128
18.824,0.16999609703811977
18.832,0.13251734452457015
18.84,0.09795119454680971
18.848,0.06368968691096698
18.856,0.027038008006293964
18.864,-0.01465491319172312
18.872,-0.06386416570204986
18.88,-0.12276075973038542
18.888,-0.1930937663083145
18.896,-0.2760886211142078
18.904,-0.3723667857721845
18.912,-0.4818907164402526
18.92,-0.6039365579692779
18.928,-0.7370954731362656
18.936,-0.8793033036836395
18.944,-1.027897457805326
18.952,-1.179699434156602
18.96,-1.3311209776098192
18.968,-1.4782912464273483
18.976,-1.6172014046580117
18.984,-1.743861789439042
18.992,-1.8544654749487948
19.0,-1.9455509766162367
19.008,-2.0141562742620733
19.016000000000002,-2.057956403668803
19.024,-2.0753775375716104
19.032,-2.0656816060029497
19.04,-2.0290169188593796
19.048000000000002,-1.9664318103009808
19.056,-1.8798499428492441
19.064,-1.7720075519247047
19.072,-1.646354556740708
19.080000000000002,-1.506923075711157
19.088,-1.3581684049219114
19.096,-1.2047888711726327
19.104,-1.0515320812373046
19.112000000000002,-0.9029958972886398
19.12,-0.7634329400360579
19.128,-0.6365675431712683
19.136,-0.5254338555980544
19.144000000000002,-0.43224321565910634
19.152,-0.35828800501369573
19.16,-0.30388792306261425
19.168,-0.26838299178647346
19.176000000000002,-0.25017558563855113
19.184,-0.2468213684849492
19.192,-0.25516623361274005
19.2,-0.27152329197873754
19.208000000000002,-0.2918808740739651
19.216,-0.3121297712300617
19.224,-0.32829598636351004
19.232,-0.3367644886671682
19.240000000000002,-0.3344800829602378
19.248,-0.3191134496707373
19.256,-0.28918335841833553
19.264,-0.24412952153196782
19.272000000000002,-0.1843340433142672
19.28,-0.11109256901888041
19.288,-0.026538853659974788
19.296,0.06647148104022889
19.304000000000002,0.1645106991273938
19.312,0.2637538116403881
19.32,0.36016942145178166
19.328,0.44971704277701113
19.336000000000002,0.5285413362583367
19.344,0.5931539953245295
19.352,0.6405946801667087
19.36,0.6685634427608209
19.368000000000002,0.6755185284186028
19.376,0.6607352609791078
19.384,0.6243238706720639
19.392,0.5672065136262996
19.400000000000002,0.4910562159643312
19.408,0.39820285365340163
19.416,0.29151330717067336
19.424,0.17425435439878043
19.432000000000002,0.04994748475258208
19.44,-0.07777545237028667
19.448,-0.20530794160476395
19.456,-0.32918971218590126
19.464,-0.4462087468854973
19.472,-0.5534822880219772
19.48,-0.6485165262530721
19.488,-0.7292460691319693
19.496,-0.7940552653057611
19.504,-0.8417840160371037
19.512,-0.8717208882557681
19.52,-0.8835862247409041
19.528,-0.877507610452577
19.536,-0.8539895854924082
19.544,-0.813878976655263
19.552,-0.7583267232098989
19.56,-0.6887466562025372
19.568,-0.6067713941216635
19.576,-0.5142053612803921
19.584,-0.41297491994728747
19.592,-0.3050757205166316
19.6,-0.19251759831674709
19.608,-0.07726766709706719
19.616,0.03880732981964878
19.624,0.1539978581003101
19.632,0.266805522126452
19.64,0.3759914480722658
19.648,0.4806160507927243
19.656,0.580066915332073
19.664,0.6740716675986137
19.672,0.762693250389782
19.68,0.8463059304722358
19.688,0.9255515305270741
19.696,1.0012766574304868
19.704,1.0744529526868372
19.712,1.1460835484022815
19.72,1.2170999657753245
19.728,1.2882546674638966
19.736,1.3600153699815052
19.744,1.4324679647832683
19.752,1.5052353344768095
19.76,1.577419293329141
19.768,1.64757217469734
19.776,1.7137031834140324
19.784,1.7733226151990105
19.792,1.8235246171215613
19.8,1.861106573057647
19.808,1.882720678472976
19.816,1.8850509914633797
19.824,1.865007318283777
19.832,1.8199257787676577
19.84,1.7477648625036948
19.848,1.6472853087487132
19.856,1.5182023110308072
19.864,1.361299433772833
19.872,1.1784952540939717
19.88,0.9728560527711481
19.888,0.748550741921458
19.896,0.5107474418292024
19.904,0.2654544839219728
19.912,0.019311896715762975
19.92,-0.22065758285994824
19.928,-0.447326424427401
19.936,-0.6537557280578716
19.944,-0.8334896328341541
19.952,-0.9808359277715292
19.96,-1.0911187114632077
19.968,-1.1608904389723826
19.976,-1.1880929572478682
19.984,-1.172160001585569
19.992,-1.1140568856125181
20.0,-1.0162565086540123
20.008,-0.8826540566583644
20.016000000000002,-0.7184256297640925
20.024,-0.5298382830889006
20.032,-0.32402049849640235
20.04,-0.10870291895350502
20.048000000000002,0.10806059056164213
20.056,0.3181816124194841
20.064,0.5138258656043238
20.072,0.6876923865286396
20.080000000000002,0.833273779076509
20.088,0.9450882545707454
20.096,1.0188745579002123
20.104,1.0517416812410185
20.112000000000002,1.0422666316392062
20.12,0.9905354711042736
20.128,0.8981253105046598
20.136,0.7680277441716278
20.144000000000002,0.6045171270193465
20.152,0.412969852256718
20.16,0.1996431284416972
20.168,-0.028576512945728202
20.176000000000002,-0.2644437099937727
20.184,-0.500632119174032
20.192,-0.7300081524293386
20.2,-0.9458897244002701
20.208000000000002,-1.1422800388685481
20.216,-1.3140676387174557
20.224,-1.4571854490713285
20.232,-1.568723382210284
20.240000000000002,-1.646991215323731
20.248,-1.691530786263135
20.256,-1.7030788982639564
20.264,-1.683484483273862
20.272000000000002,-1.6355853860097143
20.28,-1.5630515169107664
20.288,-1.4702020827097277
20.296,-1.3618051899241794
20.304000000000002,-1.2428683872568727
20.312,-1.1184286991726657
20.32,-0.9933504028160994
20.328,-0.8721381976829695
20.336000000000002,-0.7587725128767007
20.344,-0.656572532429061
20.352,-0.5680911807157132
20.36,-0.49504490479835195
20.368000000000002,-0.43827971232406204
20.376,-0.39777362286766443
20.384,-0.3726744671122129
20.392,-0.3613707913686199
20.400000000000002,-0.36159247153143026
20.408,-0.37053653033468664
20.416,-0.38501265938144613
20.424,-0.4016021831829631
20.432000000000002,-0.4168237698220988
20.44,-0.4272991444085836
20.448,-0.4299123756619369
20.456,-0.42195689514638923
20.464000000000002,-0.40126515250806066
20.472,-0.36631659592512894
20.48,-0.3163204198171664
20.488,-0.25127021518462805
20.496,-0.17196830945831473
20.504,-0.08001824223943292
20.512,0.02221544189851703
20.52,0.13168002490989977
20.528,0.24473894669329066
20.536,0.3573052568761052
20.544,0.46500041987802554
20.552,0.5633332961807004
20.56,0.6478928267719408
20.568,0.7145468908876071
20.576,0.7596390714805046
20.584,0.7801746773180283
20.592,0.7739873270111692
20.6,0.7398776847809959
20.608,0.6777165598054352
20.616,0.588505581939597
20.624,0.4743901019416388
20.632,0.33862086735158875
20.64,0.1854633706892269
20.648,0.02005645266060618
20.656,-0.15177540239542744
20.664,-0.32374883404378435
20.672,-0.48937765703465586
20.68,-0.6422463645230263
20.688,-0.7762878530820873
20.696,-0.8860515180663193
20.704,-0.9669480876097318
20.712,-1.0154586242933132
20.72,-1.0292969611900469
20.728,-1.0075173303601304
20.736,-0.9505619133294175
20.744,-0.8602462828176471
20.752,-0.7396839800114577
20.76,-0.5931545512945595
20.768,-0.4259220507206318
20.776,-0.2440131490709208
20.784,-0.05396549018478395
20.792,0.13744222073105847
20.8,0.3234666843579977
20.808,0.49767161601267135
20.816,0.6541837825533338
20.824,0.7879237268765806
20.832,0.8948025818353534
20.84,0.9718776422390567
20.848,1.017460774367076
20.856,1.031175358190913
20.864,1.0139593337151884
20.872,0.9680140601454479
20.88,0.8967010142609512
20.888,0.8043906992573411
20.896,0.6962703201972421
20.904,0.5781186334899157
20.912,0.4560577709755808
20.92,0.336292711158384
20.928,0.2248494120951873
20.936,0.1273224615313154
20.944,0.04864249178589155
20.952,-0.00712738615276647
20.96,-0.0369581818786158
20.968,-0.03897825790043785
20.976,-0.012548509174924982
20.984,0.04171338200378505
20.992,0.12196063013301855
21.0,0.2251961217967895
21.008,0.34739958564916185
21.016000000000002,0.483698629408342
21.024,0.6285773089333742
21.032,0.7761141449603898
21.04,0.9202398926387572
21.048000000000002,1.0550040288919642
21.056,1.1748380123297568
21.064,1.2748030378928523
21.072,1.3508103492359826
21.080000000000002,1.399803205621161
21.088,1.419891271643177
21.096,1.4104303988623885
21.104,1.3720433643039576
21.112000000000002,1.3065799836254468
21.12,1.2170179932915466
21.128,1.1073090669064984
21.136,0.9821771654544935
21.144000000000002,0.8468789847712892
21.152,0.706938417603952
21.16,0.5678685537303876
21.168,0.43489566751291775
21.176000000000002,0.31269977104745905
21.184,0.2051855578781085
21.192,0.11529590063257497
21.2,0.044877558022970845
21.208000000000002,-0.005394437760103443
21.216,-0.03603083305251569
21.224,-0.048681429750403946
21.232,-0.04603178074579249
21.240000000000002,-0.03165036960806646
21.248,-0.00979549386454696
21.256,0.014807570334547016
21.264,0.037207951957464694
21.272000000000002,0.05247799923041266
21.28,0.055958914768774785
21.288,0.04349335731539981
21.296,0.01163598819213308
21.304000000000002,-0.04216621789163617
21.312,-0.11943117091923466
21.32,-0.22054252419329787
21.328,-0.3446988513447068
21.336000000000002,-0.48991386384013796
21.344,-0.653068091867219
21.352,-0.8300100049198587
21.36,-1.015702231664867
21.368000000000002,-1.2044065857163382
21.376,-1.389900128073197
21.384,-1.5657134770066647
21.392,-1.7253819077793324
21.400000000000002,-1.8626993643710688
21.408,-1.9719653010361011
21.416,-2.0482143427207133
21.424,-2.087419218106583
21.432000000000002,-2.086658387733063
21.44,-2.0442413033652893
21.448,-1.959786235465057
21.456,-1.8342479447498157
21.464000000000002,-1.669894946624083
21.472,-1.470238503173515
21.48,-1.2399175739750907
21.488,-0.9845456063719805
21.496000000000002,-0.7105261573409544
21.504,-0.42484490504497774
21.512,-0.13484570533811538
21.52,0.15200188312371754
21.528,0.42833657952070797
21.536,0.6871342672122166
21.544,0.9219255559610992
21.552,1.126996085969742
21.56,1.2975638924680544
21.568,1.4299284185674233
21.576,1.5215861156074948
21.584,1.5713080667330865
21.592,1.5791757665714772
21.6,1.5465721370005558
21.608,1.4761260977407573
21.616,1.3716105664628502
21.624,1.237795629070909
21.632,1.0802607363606123
21.64,0.9051720215837812
21.648,0.7190330073473065
21.656,0.5284188617945108
21.664,0.33970577005634894
21.672,0.1588077620290346
21.68,-0.009066584302036973
21.688,-0.15962575526802453
21.696,-0.289664662852639
21.704,-0.39718298433243804
21.712,-0.48144598067771455
21.72,-0.5429839589203066
21.728,-0.5835295058628296
21.736,-0.6058947532562401
21.744,-0.6137940740514082
21.752,-0.6116205638953867
21.76,-0.6041872354640323
21.768,-0.5964458725850893
21.776,-0.5931978279992853
21.784,-0.5988116267754049
21.792,-0.6169620276289787
21.8,-0.6504042033299238
21.808,-0.7007949630511344
21.816,-0.7685705165543052
21.824,-0.8528872759795268
21.832,-0.951628766509348
21.84,-1.0614780983727572
21.848,-1.1780519163472822
21.856,-1.2960885743466806
21.864,-1.4096807162251308
21.872,-1.5125406121432106
21.88,-1.5982855163757625
21.888,-1.6607298987561419
21.896,-1.6941715450537025
21.904,-1.6936591328394748
21.912,-1.6552299341587076
21.92,-1.576107780995016
21.928,-1.454853355984176
21.936,-1.291461185763803
21.944,-1.0874002828525868
21.952,-0.8455980017822206
21.96,-0.5703691253864306
21.968,-0.2672942970435986
21.976,0.05694643495228876
21.984,0.394778004579934
21.992,0.7379649068083705
22.0,1.0778677701181927
22.008,1.405713518752448
22.016000000000002,1.7128707121274036
22.024,1.9911218052202244
22.032,2.2329243736679896
22.04,2.431653772372525
22.048000000000002,2.581820227859229
22.056,2.679253985848053
22.064,2.721252837380007
22.072,2.706687132532871
22.080000000000002,2.6360582768964216
22.088,2.511507720255233
22.096,2.3367746229795543
22.104,2.1171017560111967
22.112000000000002,1.8590907762351756
22.12,1.5705098141318365
22.128,1.2600582603989885
22.136,0.9370956237632909
22.144000000000002,0.6113431726625154
22.152,0.29256855887882777
22.16,-0.009735428399380686
22.168,-0.2866665014627808
22.176000000000002,-0.5302116845872872
22.184,-0.7335187668390257
22.192,-0.8911308081168701
22.2,-0.9991751514596463
22.208000000000002,-1.0554994941905558
22.216,-1.0597487948714717
22.224,-1.0133782821971
22.232,-0.9195997342901904
22.240000000000002,-0.7832606096578743
22.248,-0.6106585397968519
22.256,-0.4092970271891488
22.264,-0.18759169087937302
22.272000000000002,0.0454602990440384
22.28,0.28063230137324024
22.288,0.5088249211639653
22.296,0.7214102743556473
22.304000000000002,0.9105479081731744
22.312,1.0694588642536722
22.32,1.1926474912316753
22.328,1.276063977791268
22.336000000000002,1.3172037845381197
22.344,1.31514298922242
22.352,1.2705109976827933
22.36,1.1854042004085048
22.368000000000002,1.0632460809645468
22.376,0.908601068470813
22.384,0.7269510588411918
22.392,0.5244449315177014
22.400000000000002,0.3076324444046801
22.408,0.08319447274431975
22.416,-0.14231844383246145
22.424,-0.36272793530790487
22.432000000000002,-0.5724400059588497
22.44,-0.7666194537666929
22.448,-0.9413205863545314
22.456,-1.0935707262566725
22.464000000000002,-1.2214053865767802
22.472,-1.3238562259791526
22.48,-1.4008948951584181
22.488,-1.4533376552317854
22.496000000000002,-1.4827171857345542
22.504,-1.4911292863291865
22.512,-1.4810631536086278
22.52,-1.4552244995713242
22.528,-1.416360897741834
22.536,-1.3670983662257128
22.544,-1.3097973539641004
22.552,-1.246435068187173
22.56,-1.1785195720490957
22.568,-1.1070393878365234
22.576,-1.0324505316937604
22.584,-0.9547010235620526
22.592,-0.8732909978701435
22.6,-0.7873646417616055
22.608,-0.6958283972640408
22.616,-0.5974883016597953
22.624,-0.491198137914685
22.632,-0.3760093411746688
22.64,-0.25131343778993126
22.648,-0.11696820997116104
22.656,0.02660024207571974
22.664,0.1783259046448132
22.672,0.3364662599482511
22.68,0.49860320857796575
22.688,0.6616819481661531
22.696,0.8220863061216614
22.704,0.9757473144478263
22.712,1.1182804055268138
22.72,1.24514551708947
22.728,1.351823605090745
22.736,1.4340025380283317
22.744,1.4877650425806943
22.752,1.5097712514263812
22.76,1.4974284500506794
22.768,1.4490408362648228
22.776,1.3639325262949107
22.784,1.2425377113023308
22.792,1.0864528265410829
22.8,0.8984468481091634
22.808,0.6824273401824648
22.816,0.44336156145691047
22.824,0.18715371401083689
22.832,-0.07951878833957744
22.84,-0.3494053725185576
22.848,-0.6149122505229904
22.856,-0.868354083995498
22.864,-1.1022175579206765
22.872,-1.3094256877240564
22.88,-1.4835908462934553
22.888,-1.6192444496890586
22.896,-1.712032159021997
22.904,-1.7588653503355358
22.912,-1.7580222933446172
22.92,-1.7091956379621323
22.928,-1.6134860544001444
22.936,-1.4733448646375156
22.944,-1.2924709905031515
22.952,-1.075669385439886
22.96,-0.8286792659810592
22.968,-0.5579809373580096
22.976,-0.2705898864981964
22.984,0.026153799151889114
22.992,0.3247936066169126
23.0,0.6179564820314282
23.008,0.8985398063941075
23.016000000000002,1.159882040696164
23.024,1.3959146357794083
23.032,1.601293572617472
23.04,1.7715094084145593
23.048000000000002,1.9029749898057193
23.056,1.9930901298192836
23.064,2.040282619578483
23.072,2.044025045700143
23.080000000000002,2.0048270805188504
23.088,1.9242032501721302
23.096,1.804616680010064
23.104,1.649399949417548
23.112000000000002,1.4626549109001936
23.12,1.2491340739179075
23.128,1.0141068513551532
23.136,0.7632145550911745
23.144000000000002,0.5023184644591722
23.152,0.23734555267559335
23.16,-0.025863471657479268
23.168,-0.281699276343931
23.176000000000002,-0.5249179672569909
23.184,-0.750760424794407
23.192,-0.9550539479264288
23.2,-1.1342940778641477
23.208000000000002,-1.285705366431297
23.216,-1.4072807054073828
23.224,-1.497799551127283
23.232,-1.5568259018645354
23.240000000000002,-1.5846871987725664
23.248,-1.5824354571123926
23.256,-1.5517919615242157
23.264,-1.4950768622958017
23.272000000000002,-1.4151250725426008
23.28,-1.3151900563805359
23.288,-1.198837454450051
23.296,-1.0698310154628154
23.304000000000002,-0.9320139461290198
23.312,-0.7891894708992929
23.32,-0.6450049935324459
23.328,-0.5028446528235923
23.336000000000002,-0.36573515563003023
23.344,-0.23626947172982227
23.352,-0.11655225063542181
23.36,-0.008169689449918941
23.368000000000002,0.08781487534675173
23.376,0.17084002259844744
23.384,0.24080197682088944
23.392,0.29799054905873534
23.400000000000002,0.343010047170628
23.408,0.3766907879088701
23.416,0.3999973503180168
23.424,0.4139398604596149
23.432000000000002,0.4194943931498275
23.44,0.41753799372022
23.448,0.4088028235872351
23.456,0.3938525017678366
23.464000000000002,0.37308190139990055
23.472,0.3467396098394065
23.48,0.3149701991024056
23.488,0.2778716401484929
23.496000000000002,0.2355618578415133
23.504,0.18824770638456978
23.512,0.1362895851472169
23.52,0.08025545807307045
23.528000000000002,0.020959074526970895
23.536,-0.04052141969583577
23.544,-0.10284668210197624
23.552,-0.16444168481681215
23.56,-0.22354237101738916
23.568,-0.27826077084802564
23.576,-0.32666462471562624
23.584,-0.3668666317892197
23.592,-0.3971178967160758
23.6,-0.4158999905751792
23.608,-0.42201022870286414
23.616,-0.4146352234720101
23.624,-0.3934084192632669
23.632,-0.3584481152958958
23.64,-0.3103734297421577
23.648,-0.25029678439815506
23.656,-0.17979280798490765
23.664,-0.10084501990749045
23.672,-0.01577312820669855
23.68,0.0728549513761058
23.688,0.16232138782034522
23.696,0.24986176415245784
23.704,0.33276842453405864
23.712,0.4084895107138432
23.72,0.47472027126245914
23.728,0.5294841377664107
23.736,0.5712018113348971
23.744,0.5987471231557828
23.752,0.6114887403950454
23.76,0.6093169471493425
23.768,0.5926548134039757
23.776,0.5624531346653764
23.784,0.5201686260886932
23.792,0.467725022918178
23.8,0.40745700848498634
23.808,0.3420372979778004
23.816,0.27438778111298834
23.824,0.20757638003058226
23.832,0.14470218614590935
23.84,0.0887724359945665
23.848,0.042575869545472135
23.856,0.008557861372896134
23.864,-0.011296701172925057
23.872,-0.015566609378361459
23.88,-0.003477654458254489
23.888,0.02503913654248641
23.896,0.06931839919260348
23.904,0.12796301531925566
23.912,0.19887926789815968
23.92,0.2793438023434239
23.928,0.3661001382969249
23.936,0.4554812176967325
23.944,0.5435534424342048
23.952,0.6262767902901403
23.96,0.6996748412560981
23.968,0.7600078806011346
23.976,0.8039417143198312
23.984,0.8287045305888747
23.992,0.832224178822125
24.0,0.8132387097668874
24.008,0.7713739768160685
24.016000000000002,0.7071835338921382
24.024,0.6221479080041842
24.032,0.5186324392764206
24.04,0.3998050793132455
24.048000000000002,0.269517609164467
24.056,0.132155495023294
24.064,-0.007537069007350569
24.072,-0.14464948907283443
24.080000000000002,-0.27430650196496914
24.088,-0.3918710707768045
24.096,-0.49314011921773254
24.104,-0.5745248588548065
24.112000000000002,-0.6332077809153439
24.12,-0.6672690413447754
24.128,-0.6757760492157913
24.136,-0.6588315946176352
24.144000000000002,-0.6175777613323351
24.152,-0.554155030371549
24.16,-0.471618219672705
24.168,-0.3738130392694942
24.176000000000002,-0.26521890289629935
24.184,-0.1507651003620129
24.192,-0.035628438797387654
24.2,0.07497897764469141
24.208000000000002,0.17602295398058146
24.216,0.2628525553127373
24.224,0.33138895926505246
24.232,0.37828954817850474
24.240000000000002,0.4010796760714374
24.248,0.39824574819987796
24.256,0.369285101795823
24.264,0.31471065556325994
24.272000000000002,0.23601116733698635
24.28,0.13557079535730804
24.288,0.016554045701503553
24.296,-0.11723623600655031
24.304000000000002,-0.2615195312744508
24.312,-0.4117088673140707
24.32,-0.5630852384996204
24.328,-0.710968899706024
24.336000000000002,-0.8508822277069283
24.344,-0.97869973392761
24.352,-1.0907815107064796
24.36,-1.1840869294219216
24.368000000000002,-1.256265850332706
24.376,-1.3057250354464942
24.384,-1.3316679574624388
24.392,-1.3341068263010591
24.400000000000002,-1.3138464277334823
24.408,-1.2724402607627212
24.416,-1.212120411577936
24.424,-1.1357035351563387
24.432000000000002,-1.046476156655201
24.44,-0.9480631967614701
24.448,-0.8442841376993399
24.456,-0.7390015807978886
24.464000000000002,-0.6359671364657297
24.472,-0.5386696932668834
24.48,-0.4501912004490358
24.488,-0.3730752063331287
24.496000000000002,-0.30921350122464347
24.504,-0.25975622063340204
24.512,-0.22505052003620407
24.52,-0.2046122812938744
24.528000000000002,-0.1971341605932811
24.536,-0.20053165373075388
24.544,-0.21202686451429514
24.552,-0.22826752001846953
24.560000000000002,-0.2454767050567212
24.568,-0.2596269776172436
24.576,-0.26663110703618403
24.584,-0.26254071383124744
24.592,-0.2437435985357186
24.6,-0.20715050358305884
24.608,-0.15036241262749295
24.616,-0.07181020652573161
24.624,0.02914047000887396
24.632,0.15212492848809905
24.64,0.2957598588969434
24.648,0.45767053530355006
24.656,0.6345645259952893
24.664,0.8223490568468321
24.672,1.0162866042954855
24.68,1.2111810012697493
24.688,1.4015846013207554
24.696,1.5820160572222213
24.704,1.7471780931423695
24.712,1.8921652128309707
24.72,2.0126524239957404
24.728,2.1050575672135516
24.736,2.1666715230851286
24.744,2.195752278922396
24.752,2.191580458937398
24.76,2.154475400430371
24.768,2.085772176902721
24.776,1.9877611454818298
24.784,1.8635926674252792
24.792,1.717150653189544
24.8,1.552899536854835
24.808,1.3757101822018818
24.816,1.1906710330884405
24.824,1.0028914943750333
24.832,0.8173050074059162
24.84,0.6384795063870051
24.848,0.4704428588511697
24.856,0.3165304753137084
24.864,0.17926152061587744
24.872,0.06024910518104411
24.88,-0.03985146347707535
24.888,-0.1213537621826266
24.896,-0.18550964740667286
24.904,-0.2344376015331105
24.912,-0.27101235771501636
24.92,-0.29871981914460766
24.928,-0.3214829171841639
24.936,-0.34346553477534325
24.944,-0.36886284589809176
24.952,-0.40168727479924954
24.96,-0.4455596709354731
24.968,-0.503515183722276
24.976,-0.5778327158771448
24.984,-0.6698957947050803
24.992,-0.780091321965801
25.0,-0.9077510595885405
25.008,-1.0511389968125473
25.016000000000002,-1.2074860198670205
25.024,-1.3730716179596474
25.032,-1.5433506974851026
25.04,-1.7131218754208948
25.048000000000002,-1.8767318069973624
25.056,-2.0283081493154884
25.064,-2.162011759660694
25.072,-2.272296889427499
25.080000000000002,-2.3541667605365477
25.088,-2.403411296032233
25.096,-2.4168141178260227
25.104,-2.3923172651407794
25.112000000000002,-2.3291343140529808
25.12,-2.227805467807671
25.128,-2.0901914672257655
25.136,-1.9194065716245445
25.144000000000002,-1.7196941456605692
25.152,-1.4962513596025653
25.16,-1.2550120145840769
25.168,-1.0023984263083952
25.176000000000002,-0.7450545685331658
25.184,-0.48957326381868194
25.192,-0.24223013160866508
25.2,-0.008736324316768134
25.208000000000002,0.2059791039304259
25.216,0.39794793372271314
25.224,0.5642952378118582
25.232,0.7033202760684351
25.240000000000002,0.8145228251479703
25.248,0.8985743698978647
25.256,0.9572361109443256
25.264,0.993228267312924
25.272000000000002,1.0100575189977699
25.28,1.0118114573969657
25.288,1.002930425906822
25.296,0.9879680409061989
25.304000000000002,0.9713519781731306
25.312,0.9571563607859422
25.32,0.9488963905865213
25.328,0.9493548013488737
25.336000000000002,0.9604482984923169
25.344,0.9831403632975692
25.352,1.0174046159233983
25.36,1.0622403860781555
25.368000000000002,1.1157393621784597
25.376,1.1751993953976714
25.384,1.2372789774977369
25.392,1.2981838124989749
25.400000000000002,1.3538753982783995
25.408,1.4002906606531784
25.416,1.4335614001979535
25.424,1.4502225552047763
25.432000000000002,1.4473990028647932
25.44,1.422961795252234
25.448,1.3756463492605837
25.456,1.305127146410081
25.464000000000002,1.2120458556075473
25.472,1.0979923080660083
25.48,0.965440226567085
25.488,0.8176418494536944
25.496000000000002,0.6584874624064515
25.504,0.49233731139299414
25.512,0.3238344384341799
25.52,0.1577076967909967
25.528000000000002,-0.0014254321271719075
25.536,-0.14924663894742277
25.544,-0.2819061715052443
25.552,-0.39616591757292113
25.560000000000002,-0.4895100444711083
25.568,-0.5602192873297082
25.576,-0.6074074637689089
25.584,-0.6310212379105179
25.592000000000002,-0.6318062779980936
25.6,-0.6112445399867352
25.608,-0.5714683594808236
25.616,-0.51515734889422
25.624,-0.4454238712048376
25.632,-0.3656922620452718
25.64,-0.2795762026975592
25.648,-0.19075790607305707
25.656,-0.1028722046618603
25.664,-0.01939826156627583
25.672,0.05643860614942168
25.68,0.12175273587540761
25.688,0.1740696738425895
25.696,0.21138216188330136
25.704,0.2321899804099011
25.712,0.23552385323349692
25.72,0.2209542966721435
25.728,0.1885867522196285
25.736,0.13904453725506968
25.744,0.07344111616843872
25.752,-0.006656982037057038
25.76,-0.09927549964762702
25.768,-0.2020851387232311
25.776,-0.3124608271897695
25.784,-0.4275468235523786
25.792,-0.544326872287977
25.8,-0.6596985066995722
25.808,-0.7705504393371738
25.816,-0.8738418059101453
25.824,-0.966681852630419
25.832,-1.046408482364398
25.84,-1.1106638948599168
25.848,-1.1574653634880279
25.856,-1.1852689921974426
25.864,-1.1930241230174206
25.872,-1.1802159713112186
25.88,-1.1468941161475485
25.888,-1.0936847133593128
25.896,-1.0217847377230174
25.904,-0.9329371623717033
25.912,-0.829386682601633
25.92,-0.713816323134589
25.928,-0.5892659995786752
25.936,-0.45903484730348487
25.944,-0.32656992438309074
25.952,-0.19534477151475094
25.96,-0.06873225328205604
25.968,0.05012297726443253
25.976,0.15842630485286688
25.984,0.2538427838920577
25.992,0.3345881775228248
26.0,0.39949565107660506
26.008,0.4480535616949128
26.016000000000002,0.48041144149313614
26.024,0.49735324156741956
26.032,0.5002390035427814
26.04,0.4909181543317637
26.048000000000002,0.47161938981145823
26.056,0.4448234755393663
26.064,0.4131261605790498
26.072,0.379098756002946
26.080000000000002,0.3451538130992357
26.088,0.31342282453092635
26.096,0.2856520543982109
26.104,0.26312156534246783
26.112000000000002,0.24659132160296587
26.12,0.23627695236534849
26.128,0.23185637991108193
26.136,0.2325070515254229
26.144000000000002,0.23697196033075166
26.152,0.2436510232631014
26.16,0.2507127852549792
26.168,0.25621998301197674
26.176000000000002,0.2582614170958888
26.184,0.2550820254256299
26.192,0.24520313482133002
26.2,0.22752559383396068
26.208000000000002,0.20140975778407755
26.216,0.1667279333134022
26.224,0.12388670392866523
26.232,0.07381838411540179
26.240000000000002,0.0179425678359991
26.248,-0.04189972661132221
26.256,-0.10353550002914465
26.264,-0.1645679188203507
26.272000000000002,-0.22249746362269646
26.28,-0.27484982575343636
26.288,-0.31930401756210075
26.296,-0.35381417511679647
26.304000000000002,-0.376718856811855
26.312,-0.38683229007456776
26.32,-0.38351297108865023
26.328,-0.3667062143840673
26.336000000000002,-0.3369585702133047
26.344,-0.2954033470925199
26.352,-0.24371768611361264
26.36,-0.18405268794434457
26.368000000000002,-0.11893902842272576
26.376,-0.051171406144143276
26.384,0.0163238651247082
26.392,0.08063275352283553
26.400000000000002,0.13900247720234515
26.408,0.1889882463611112
26.416,0.22858998035086553
26.424,0.2563712283241366
26.432000000000002,0.2715531232065031
26.44,0.27407730483092285
26.448,0.26463321752389984
26.456,0.24464687272705316
26.464000000000002,0.21622996803893718
26.472,0.182090132353174
26.48,0.1454050202644875
26.488,0.10966499165095615
26.496000000000002,0.07849111203421041
26.504,0.05543705536633147
26.512,0.04378499911121894
26.52,0.046346592244484744
26.528000000000002,0.0652804219093122
26.536,0.10193705114879734
26.544,0.15674166441678544
26.552,0.22912269592367998
26.560000000000002,0.31749259432547405
26.568,0.41928415805955455
26.576,0.5310427322418718
26.584,0.6485711129330792
26.592000000000002,0.7671204677956219
26.6,0.8816172619246968
26.608,0.9869134431200868
26.616,1.078045340860357
26.624000000000002,1.150486101994464
26.632,1.200377079099847
26.64,1.2247252741827552
26.648,1.2215564526021208
26.656,1.1900165488290213
26.664,1.130417163014821
26.672,1.0442240256257123
26.68,0.9339900984818286
26.688,0.803237392996323
26.696,0.6562936267769646
26.704,0.4980915889293778
26.712,0.33394064143509267
26.72,0.16928118938180645
26.728,0.00943412654302708
26.736,-0.14064200383321165
26.744,-0.27657337403400356
26.752,-0.3947609239078183
26.76,-0.49252818623659367
26.768,-0.5682197561266865
26.776,-0.6212465941422126
26.784,-0.65207780095372
26.792,-0.6621817044126731
26.8,-0.6539217936838024
26.808,-0.6304150839355611
26.816,-0.5953618651676851
26.824,-0.5528565020389131
26.832,-0.5071890512022941
26.84,-0.4626470037398596
26.848,-0.4233255232828782
26.856,-0.3929532619503897
26.864,-0.3747393768151474
26.872,-0.3712459509017682
26.88,-0.38428883150288895
26.888,-0.41486902627290706
26.896,-0.46313619213571355
26.904,-0.5283852270885504
26.912,-0.6090862854664421
26.92,-0.7029474945138698
26.928,-0.807008220540688
26.936,-0.9177590688075594
26.944,-1.0312831876613353
26.952,-1.143412192328995
26.96,-1.2498893473077468
26.968,-1.3465326192475926
26.976,-1.4293907612245407
26.984,-1.4948865505899194
26.992,-1.5399424886401811
27.0,-1.562085518592821
27.008,-1.5595285112534318
27.016000000000002,-1.5312273317320984
27.024,-1.4769131963414321
27.032,-1.3971007423880788
27.04,-1.2930727707133673
27.048000000000002,-1.1668430037941913
27.056,-1.0210984667202307
27.064,-0.8591232896174386
27.072,-0.6847058966450287
27.080000000000002,-0.5020317319220396
27.088,-0.31556390546198887
27.096,-0.12991442983838708
27.104,0.050290954556679514
27.112000000000002,0.22055103501677353
27.12,0.37662683782212647
27.128,0.5146749600308043
27.136,0.6313725990003701
27.144000000000002,0.7240304167596484
27.152,0.7906895858649233
27.16,0.8301996981043966
27.168,0.8422746298828176
27.176000000000002,0.8275238933341565
27.184,0.7874574222362576
27.192,0.7244621487694938
27.2,0.6417491720437885
27.208000000000002,0.5432708897842362
27.216,0.43360825583002743
27.224,0.31782940730370457
27.232,0.20132229409244037
27.240000000000002,0.08960559319692281
27.248,-0.011876011561760083
27.256,-0.09796433335200691
27.264,-0.16399859952652635
27.272000000000002,-0.20601439051014533
27.28,-0.2209199083236367
27.288,-0.20663945537734166
27.296,-0.16221549130187432
27.304000000000002,-0.08786295280530022
27.312,0.015027533482908226
27.32,0.14393763997915887
27.328,0.29531737827629656
27.336000000000002,0.4647232003395304
27.344,0.6469900621469363
27.352,0.8364281673989155
27.36,1.0270348516176482
27.368000000000002,1.2127125406909305
27.376,1.3874845987935007
27.384,1.5457018376316336
27.392,1.682233273658028
27.400000000000002,1.7926353480779176
27.408,1.8732943756115454
27.416,1.9215376416366927
27.424,1.9357094745028705
27.432000000000002,1.9152098371985227
27.44,1.860494460653908
27.448,1.7730371556574382
27.456,1.6552565411764313
27.464000000000002,1.510410877099728
27.472,1.3424658881249478
27.48,1.155941355086855
27.488,0.955742816254162
27.496000000000002,0.7469849885255538
27.504,0.5348135391189073
27.512,0.3242316728234599
27.52,0.11993769430417896
27.528000000000002,-0.07382072591611885
27.536,-0.2533704277768262
27.544,-0.415710380997264
27.552,-0.5585796117442277
27.560000000000002,-0.680493172209506
27.568,-0.7807452269802783
27.576,-0.8593797641827824
27.584,-0.9171308863467206
27.592000000000002,-0.9553360207800854
27.6,-0.9758266541183209
27.608,-0.9808022946061025
27.616,-0.9726942485006339
27.624000000000002,-0.9540263940369094
27.632,-0.9272803563353982
27.64,-0.8947722367045333
27.648,-0.8585472750031989
27.656,-0.8202975478025466
27.664,-0.7813061494983667
27.672,-0.7424194683590929
27.68,-0.7040473785529691
27.688,-0.6661896027757572
27.696,-0.6284852480591991
27.704,-0.5902815749605025
27.712,-0.5507173666533252
27.72,-0.5088157605242523
27.728,-0.463581079668386
27.736,-0.4140941016051562
27.744,-0.35960040083516437
27.752,-0.2995869516575746
27.76,-0.23384306273152858
27.768,-0.16250284162210954
27.776,-0.08606760945593385
27.784,-0.0054078522435382715
27.792,0.07825470084491674
27.8,0.1633834812168365
27.808,0.24817995835626053
27.816,0.33065049907461824
27.824,0.4086843185885911
27.832,0.4801392974847925
27.84,0.5429321678434249
27.848,0.5951293872208455
27.856,0.6350349455372444
27.864,0.6612714047851436
27.872,0.6728506603271989
27.88,0.6692312280437203
27.888,0.650359285180696
27.896,0.6166911981832647
27.904,0.5691958308831017
27.912,0.5093355237692068
27.92,0.43902527369290145
27.928,0.3605703535166743
27.936,0.27658344007567337
27.944,0.1898833046373289
27.952,0.10337825856670597
27.96,0.01993876692980061
27.968,-0.05773519342956903
27.976,-0.1272455217596745
27.984,-0.186619078886967
27.992,-0.23441538559331832
28.0,-0.26981234512894703
28.008,-0.29266438580175036
28.016000000000002,-0.30352879877726363
28.024,-0.3036577022813026
28.032,-0.2949548751279306
28.04,-0.27989855454505813
28.048000000000002,-0.26143307850436104
28.056,-0.24283387268360246
28.064,-0.2275516494050843
28.072,-0.21904273087323026
28.080000000000002,-0.22059309053438472
28.088,-0.2351440210557954
28.096,-0.26512732103974257
28.104,-0.3123176057697187
28.112000000000002,-0.3777088453812044
28.12,-0.46142153242423306
28.128,-0.5626459368433385
28.136,-0.6796256332862631
28.144000000000002,-0.8096838043102127
28.152,-0.949292729687993
28.16,-1.094184486603043
28.168,-1.2394984502253317
28.176000000000002,-1.3799590045386216
28.184,-1.5100752261581065
28.192,-1.6243533550936078
28.2,-1.7175126350770353
28.208000000000002,-1.7846954844637122
28.216,-1.82166376937339
28.224,-1.8249740087987338
28.232,-1.7921254974977625
28.240000000000002,-1.7216764904305148
28.248,-1.6133247099776877
28.256,-1.4679495183933995
28.264,-1.2876141811631723
28.272000000000002,-1.0755277844765458
28.28,-0.8359676003560982
28.288,-0.5741640130634671
28.296,-0.2961514718623309
28.304000000000002,-0.008590214454884813
28.312,0.28143540400692724
28.32,0.5666353285298
28.328,0.8397418190472409
28.336000000000002,1.0937396980812246
28.344,1.3220914792101688
28.352,1.5189502023061316
28.36,1.6793531106921842
28.368000000000002,1.799389745665717
28.376,1.876338627759519
28.384,1.9087674635175678
28.392,1.8965927625279955
28.400000000000002,1.8410958470944798
28.408,1.7448934484492993
28.416,1.6118623823278957
28.424,1.4470191881013572
28.432000000000002,1.2563571363851829
28.44,1.0466447012651352
28.448,0.8251914530028714
28.456,0.5995892662988459
28.464000000000002,0.377438569005453
28.472,0.16607082100531245
28.48,-0.027720738804003036
28.488,-0.19792997820614508
28.496000000000002,-0.339555057786405
28.504,-0.44877409336918106
28.512,-0.5230715474782974
28.52,-0.5613100488794576
28.528000000000002,-0.5637449755598967
28.536,-0.5319818206682494
28.544,-0.4688789812132679
28.552,-0.37840106570674675
28.560000000000002,-0.2654300063124994
28.568,-0.1355430746734542
28.576,0.0052317660031153184
28.584,0.1506719707200464
28.592000000000002,0.29461662566216973
28.6,0.4312118647169015
28.608,0.5551356180769501
28.616,0.6617933211102136
28.624000000000002,0.7474780379269371
28.632,0.8094904286592737
28.64,0.8462159284694029
28.648,0.857158257884242
28.656000000000002,0.8429298625210232
28.664,0.8052010804057854
28.672,0.7466108192004486
28.68,0.6706423891852747
28.688,0.5814689697179436
28.696,0.48377404033258814
28.704,0.3825529871994824
28.712,0.282902956741537
28.72,0.18980878354929434
28.728,0.10793335148151852
28.736,0.041420927023837505
28.744,-0.006278275101948502
28.752,-0.032554826852324505
28.76,-0.035751940674396444
28.768,-0.015237942786978048
28.776,0.028563204057538427
28.784,0.09418388995555846
28.792,0.17916598982130436
28.8,0.28015203946971734
28.808,0.3930099184138011
28.816,0.5129854043502999
28.824,0.6348762264341866
28.832,0.7532208561006712
28.84,0.8624952014837171
28.848,0.9573105629470338
28.856,1.032606600481824
28.864,1.083833591798408
28.872,1.1071188577798785
28.88,1.0994128429313434
28.888,1.058610920272648
28.896,0.9836475192766397
28.904,0.8745596500015271
28.912,0.7325173376787713
28.92,0.5598189338880667
28.928,0.35984979699668335
28.936,0.13700351134919725
28.944,-0.10343428367829954
28.952,-0.3554381985020221
28.96,-0.6124287789603782
28.968,-0.8674870291188181
28.976,-1.113591225415149
28.984,-1.3438674250792666
28.992,-1.5518432166453697
29.0,-1.7316929016710256
29.008,-1.8784617280086509
29.016000000000002,-1.9882572225988597
29.024,-2.0583971499565443
29.032,-2.087506032879065
29.04,-2.0755552553892405
29.048000000000002,-2.0238451912151407
29.056,-1.93493122616024
29.064,-1.812498675981905
29.072,-1.6611942185017285
29.080000000000002,-1.4864234130218525
29.088,-1.2941251034609849
29.096,-1.0905339985557907
29.104,-0.8819425570989681
29.112000000000002,-0.6744725810033594
29.12,-0.4738657516648644
29.128,-0.2853008508306787
29.136,-0.11324369028132776
29.144000000000002,0.03866607225152346
29.152,0.1676889468651037
29.16,0.2720200338350741
29.168,0.35078519425842425
29.176000000000002,0.4040019000753056
29.184,0.4325090526374376
29.192,0.437871124729303
29.2,0.4222627051753368
29.208000000000002,0.38833987868689196
29.216,0.3391048591898132
29.224,0.27776995457229947
29.232,0.20762635179252248
29.240000000000002,0.13192246812344285
29.248,0.053755802878233935
29.256,-0.024018601009419795
29.264,-0.098860798755573
29.272000000000002,-0.16859823378721944
29.28,-0.23145707652665073
29.288,-0.28607288527051244
29.296,-0.3314817160203854
29.304000000000002,-0.3670935856538043
29.312,-0.39265084496349517
29.32,-0.408174529854331
29.328,-0.4139021600670101
29.336000000000002,-0.41022080137507927
29.344,-0.39759953909317747
29.352,-0.37652580455299106
29.36,-0.3474501432113538
29.368000000000002,-0.3107438423549246
29.376,-0.2666731816587363
29.384,-0.21539285143602377
29.392,-0.15695936444718386
29.400000000000002,-0.09136327538970189
29.408,-0.018577016863051805
29.416,0.06138652901090086
29.424,0.14841073153406814
29.432000000000002,0.2422136162754741
29.44,0.34229409654612636
29.448,0.44789119229522056
29.456,0.5579599478071298
29.464000000000002,0.6711660493136357
29.472,0.7858994205414647
29.48,0.9003055588309476
29.488,1.0123322161351296
29.496000000000002,1.1197882848601577
29.504,1.220411390985635
29.512,1.3119406455884735
29.52,1.3921911628949282
29.528000000000002,1.4591272299530549
29.536,1.5109313437456156
29.544,1.5460666743387956
29.552,1.5633308481125132
29.560000000000002,1.5618992726290364
29.568,1.5413565575457484
29.576,1.501714944619053
29.584,1.4434190642252118
29.592000000000002,1.3673367985203304
29.6,1.2747365521712872
29.608,1.1672517929524453
29.616,1.0468342881821344
29.624000000000002,0.9156979708288753
29.632,0.7762557522613188
29.64,0.6310517967606875
29.648,0.48269175878421805
29.656000000000002,0.33377328093987707
29.664,0.18681873158261483
29.672,0.04421182412916827
29.68,-0.09186050932403028
29.688000000000002,-0.21945978236725477
29.696,-0.3369400319082154
29.704,-0.4429832515878647
29.712,-0.5366252471019122
29.72,-0.6172711993787302
29.728,-0.6847005262942468
29.736,-0.7390609701698918
29.744,-0.7808521435697667
29.752,-0.8108990025443826
29.76,-0.8303158930712641
29.768,-0.8404619812122642
29.776,-0.8428890889462726
29.784,-0.8392832484898133
29.792,-0.8314016422915887
29.8,-0.8210069523853767
29.808,-0.809801422546091
29.816,-0.799363081424837
29.824,-0.791086573759319
29.832,-0.7861309366181098
29.84,-0.7853764942096568
29.848,-0.7893928604724295
29.856,-0.7984198108659243
29.864,-0.81236243671361
29.872,-0.8308014353386509
29.88,-0.8530185717773257
29.888,-0.8780363250434483
29.896,-0.9046696610343754
29.904,-0.9315869704388904
29.912,-0.9573766614818762
29.92,-0.9806157839621129
29.928,-0.9999373212376123
29.936,-1.014093251251163
29.944,-1.0220109542380371
29.952,-1.0228409104502687
29.96,-1.015993883230265
29.968,-1.0011660238171516
29.976,-0.978350703552695
29.984,-0.9478364676655683
29.992,-0.9101913001445496
30.0,-0.8662342752005988
30.008,-0.8169964768730156
30.016000000000002,-0.7636736389193696
30.024,-0.7075732061663651
30.032,-0.6500584480823489
30.04,-0.5924919403236956
30.048000000000002,-0.5361802848313257
30.056,-0.4823214843430813
30.064,-0.4319560246005377
30.072,-0.38592251119124893
30.080000000000002,-0.34481867013615675
30.088,-0.30896860613575333
30.096,-0.27839732628713826
30.104,-0.2528135713909216
30.112000000000002,-0.2316018751584428
30.12,-0.21382449018287333
30.128,-0.19823345806624187
30.136,-0.18329279003730606
30.144000000000002,-0.16721058109087542
30.152,-0.14798094486956284
30.16,-0.12343585956897021
30.168,-0.09130720030159555
30.176000000000002,-0.04929921738476664
30.184,0.004828634439955998
30.192,0.07316934597291158
30.2,0.157568365681816
30.208000000000002,0.2595190832205288
30.216,0.38005810643196986
30.224,0.5196656612819622
30.232,0.6781770784445083
30.240000000000002,0.8547114737802679
30.248,1.0476233365762113
30.256,1.2544818456310376
30.264,1.4720814496343595
30.272000000000002,1.6964857284813033
30.28,1.9231049493876708
30.288,2.146806161151928
30.296,2.3620531933581246
30.304000000000002,2.563072562620316
30.312,2.7440400347033016
30.32,2.8992814566572247
30.328,3.0234804860582423
30.336000000000002,3.111885056142615
30.344,3.1605038896669786
30.352,3.1662841749255204
30.36,3.1272617000687912
30.368000000000002,3.042675348525869
30.376,2.9130389147677924
30.384,2.7401647140599596
30.392,2.5271354191413997
30.400000000000002,2.2782229185275007
30.408,1.9987556714158972
30.416,1.6949388961381813
30.424,1.3736347807922893
30.432000000000002,1.04211251272108
30.44,0.7077800424724948
30.448,0.37791090692344326
30.456,0.05937997104128963
30.464000000000002,-0.2415784778753666
30.472,-0.5195782308392363
30.48,-0.7702444346644437
30.488,-0.9903257197446232
30.496000000000002,-1.1777515280085422
30.504,-1.331634343862969
30.512,-1.4522196665830878
30.52,-1.5407892484653956
30.528000000000002,-1.599525213538054
30.536,-1.6313441092343939
30.544,-1.6397107427822937
30.552,-1.6284418798234466
30.560000000000002,-1.601509627917952
30.568,-1.5628536909988258
30.576,-1.516210743155242
30.584,-1.4649679737533507
30.592000000000002,-1.4120464017739591
30.6,-1.3598178287096898
30.608,-1.3100573104123545
30.616,-1.2639308743068374
30.624000000000002,-1.2220160872550103
30.632,-1.1843512586868252
30.64,-1.1505077965479784
30.648,-1.1196796580867865
30.656000000000002,-1.0907839115728737
30.664,-1.062566937478884
30.672,-1.0337114556409996
30.68,-1.0029401182376176
30.688000000000002,-0.9691117480108384
30.696,-0.9313064846760462
30.704,-0.8888963004528971
30.712,-0.8415977422981035
30.72,-0.7895044605734197
30.728,-0.7330980792820677
30.736,-0.6732371362484897
30.744,-0.6111250070539189
30.752,-0.5482587661263497
30.76,-0.48636172144646966
30.768,-0.42730284002785496
30.776,-0.37300648122255065
30.784,-0.32535585674448864
30.792,-0.2860935673317452
30.8,-0.25672256479480915
30.808,-0.23841105636563195
30.816,-0.23190522258920382
30.824,-0.23745407022615497
30.832,-0.25475111022638064
30.84,-0.2828976313781377
30.848,-0.3203919691963262
30.856,-0.3651482785091739
30.864,-0.4145469460841372
30.872,-0.46551704801865296
30.88,-0.514649326096086
30.888,-0.5583361887676533
30.896,-0.5929333765284462
30.904,-0.6149362860797287
30.912,-0.6211626246163626
30.92,-0.6089321566169306
30.928,-0.5762338908474676
30.936,-0.521871192890551
30.944,-0.4455760184870182
30.952,-0.34808471507835537
30.96,-0.2311695513346194
30.968,-0.09762218735775695
30.976,0.048812441639285296
30.984,0.20355101008804435
30.992,0.3613323030720063
31.0,0.5164179298230858
31.008,0.662825735253564
31.016000000000002,0.794586485996896
31.024,0.9060127740612977
31.032,0.9919678154758409
31.04,1.048121032775432
31.048000000000002,1.0711771218644317
31.056,1.0590658408317029
31.064,1.0110811227681678
31.072,0.9279603455024414
31.080000000000002,0.8118976208919813
31.088,0.6664885971971393
31.096,0.4966081883031299
31.104,0.3082264858550488
31.112000000000002,0.10817153258941312
31.12,-0.09614961168499608
31.128,-0.29705812263945514
31.136,-0.48692445038081794
31.144000000000002,-0.6584882329182993
31.152,-0.8051624785513363
31.16,-0.9213083268838904
31.168,-1.0024681567845013
31.176000000000002,-1.0455467581197904
31.184,-1.0489326770135443
31.192,-1.0125546337368823
31.2,-0.937871026979556
31.208000000000002,-0.827793854683955
31.216,-0.6865516997169412
31.224,-0.5194994737375987
31.232,-0.33288507993029115
31.240000000000002,-0.13358479176500812
31.248,0.07118016395937907
31.256,0.27413351508437933
31.264,0.4682288635348424
31.272000000000002,0.6469192965133748
31.28,0.804402596481695
31.288,0.9358341063305117
31.296,1.0375003776099496
31.304000000000002,1.106947824975093
31.312,1.1430618602621332
31.32,1.146093480454168
31.328,1.1176320617001
31.336000000000002,1.0605251220007585
31.344,0.9787479589192825
31.352,0.8772282125953118
31.36,0.7616324014341853
31.368000000000002,0.6381231876371132
31.376,0.5130974398736264
31.384,0.392916003946794
31.392,0.2836364525600774
31.400000000000002,0.19075998355295115
31.408,0.11900310655851279
31.416,0.0721038233420926
31.424,0.0526706672472482
31.432000000000002,0.062081212430862544
31.44,0.10043450492607729
31.448,0.16655937003363475
31.456,0.25807784946235013
31.464000000000002,0.37152031050215245
31.472,0.5024862620373399
31.48,0.6458427955462765
31.488,0.7959509691786263
31.496000000000002,0.9469094234937783
31.504,1.092804052769878
31.512,1.2279526139912487
31.52,1.3471336801733176
31.528000000000002,1.4457902775858569
31.536,1.5201998333166502
31.544,1.5676036505648214
31.552,1.5862909772429177
31.560000000000002,1.575634790977329
31.568,1.5360786331069471
31.576,1.469076108229556
31.584,1.3769869186774657
31.592000000000002,1.2629353935592253
31.6,1.1306392574818322
31.608,0.9842177363225247
31.616,0.827988925763452
31.624000000000002,0.6662666132700036
31.632,0.5031664563740357
31.64,0.3424306277044039
31.648,0.18727881015897735
31.656000000000002,0.040291844300001184
31.664,-0.09666751808394602
31.672,-0.22249431754960836
31.68,-0.3368411847736091
31.688000000000002,-0.44007987298975415
31.696,-0.5332279679319788
31.704,-0.6178457058123755
31.712,-0.6959089297915484
31.720000000000002,-0.7696649104972819
31.728,-0.8414780833886133
31.736,-0.913672786027288
31.744,-0.9883798868667629
31.752,-1.067393838516883
31.76,-1.1520461859248863
31.768,-1.243100911268897
31.776,-1.340676189873399
31.784,-1.4441961574403481
31.792,-1.5523751551616267
31.8,-1.6632356497060583
31.808,-1.7741596587925876
31.816,-1.8819721013100366
31.824,-1.9830530942421265
31.832,-2.0734749047013588
31.84,-2.14915810718037
31.848,-2.206040569263692
31.856,-2.240252265864773
31.864,-2.2482886605624635
31.872,-2.2271755203060066
31.88,-2.1746185282009605
31.888,-2.089131858359689
31.896,-1.9701408669396694
31.904,-1.818055112246441
31.912,-1.6343089431692652
31.92,-1.421367834218756
31.928,-1.1826994943072333
31.936,-0.9227095734063263
31.944,-0.6466425950486417
31.952,-0.36044961246555796
31.96,-0.07062506697483019
31.968,0.2159835599591433
31.976,0.4923884748505444
31.984,0.751690543007516
31.992,0.9873170569599456
32.0,1.1932596644651683
32.008,1.364302872622812
32.016,1.496232990145426
32.024,1.5860173437102747
32.032000000000004,1.63194421319042
32.04,1.6337152192010442
32.048,1.592483821614437
32.056,1.5108360134136172
32.064,1.3927120183327546
32.072,1.2432706085786696
32.08,1.068700380956258
32.088,0.8759848729130877
32.096000000000004,0.6726307346587855
32.104,0.46637027964994326
32.112,0.26485153816026374
32.12,0.07533026973225226
32.128,-0.09562099160202489
32.136,-0.2423721225170157
32.144,-0.36044952795661217
32.152,-0.44669441231257045
32.160000000000004,-0.49935782192110456
32.168,-0.5181290096411
32.176,-0.504097742659893
32.184,-0.45965500032052725
32.192,-0.38833977603989933
32.2,-0.2946421870905905
32.208,-0.18377469393746063
32.216,-0.06142392835995833
32.224000000000004,0.06650448757380589
32.232,0.19413652883864993
32.24,0.31586541995501605
32.248,0.4265635887862429
32.256,0.5217639203590767
32.264,0.5978051662466665
32.272,0.6519382497073798
32.28,0.6823920588622857
32.288000000000004,0.688399073438736
32.296,0.6701827530650527
32.304,0.6289099589636781
32.312,0.5666127350904372
32.32,0.48608451358018645
32.328,0.39075623345085114
32.336,0.2845579921945407
32.344,0.17177172040982228
32.352000000000004,0.056880018532859775
32.36,-0.05558423520514368
32.368,-0.16118355300523407
32.376,-0.25571354322705186
32.384,-0.3353300974146743
32.392,-0.39666405586644143
32.4,-0.436921694025794
32.408,-0.45396948325033615
32.416000000000004,-0.4464015118359152
32.424,-0.4135878369848789
32.432,-0.355702042179106
32.44,-0.27372653128494756
32.448,-0.1694346409962815
32.456,-0.045349421562275456
32.464,0.09532023541286284
32.472,0.2487647184990744
32.480000000000004,0.41067813538009307
32.488,0.5763797844415393
32.496,0.7409500794482082
32.504,0.8993779622770075
32.512,1.046716260581768
32.52,1.1782406735184487
32.528,1.2896072008524717
32.536,1.3770020402036522
32.544000000000004,1.4372774524060725
32.552,1.4680669960152304
32.56,1.4678739625247588
32.568,1.436127838267441
32.576,1.3732051382717714
32.584,1.2804128914168438
32.592,1.1599352345631229
32.6,1.0147457856854183
32.608000000000004,0.8484904898966331
32.616,0.6653472609821129
32.624,0.46986981002431255
32.632,0.2668234657154214
32.64,0.061020546347007765
32.648,-0.1428379506226627
32.656,-0.34030871269650137
32.664,-0.52733612604346
32.672000000000004,-0.7003626191069581
32.68,-0.856416835707851
32.688,-0.9931777046449999
32.696,-1.1090129190168827
32.704,-1.2029908447170978
32.712,-1.274865596638813
32.72,-1.3250360217275345
32.728,-1.354480577537776
32.736000000000004,-1.3646714742148833
32.744,-1.3574727810102172
32.752,-1.3350282862077076
32.76,-1.2996455548036987
32.768,-1.253682719323077
32.776,-1.1994440307374552
32.784,-1.1390891739606723
32.792,-1.0745600064617948
32.8,-1.0075269471329027
32.808,-0.9393559307774136
32.816,-0.8710957585540224
32.824,-0.8034848076426332
32.832,-0.7369753264155876
32.84,-0.6717728377677241
32.848,-0.6078874630560066
32.856,-0.5451933076872564
32.864,-0.48349152898816194
32.872,-0.42257246634379625
32.88,-0.36227234431567834
32.888,-0.30252058362865136
32.896,-0.24337462205764515
32.904,-0.18504025290608161
32.912,-0.127876700770794
32.92,-0.07238683614227095
32.928,-0.019193959728986375
32.936,0.030992628249071674
32.944,0.07742056865496255
32.952,0.11934299296639798
32.96,0.15606983160757662
32.968,0.1870192458447037
32.976,0.2117668265829425
32.984,0.23009044574472634
32.992,0.24200877259318793
33.0,0.24781144322277765
33.008,0.24807872924715257
33.016,0.24368840274017498
33.024,0.23580751002610492
33.032000000000004,0.22586712468378628
33.04,0.21551896063729367
33.048,0.20657397298044172
33.056,0.2009246010069051
33.064,0.20045386456142852
33.072,0.20693585212150337
33.08,0.22193305231667682
33.088,0.24669641310341475
33.096000000000004,0.28207400465155497
33.104,0.32843380947575346
33.112,0.3856055601887097
33.12,0.45284574541897027
33.128,0.5288289186970928
33.136,0.6116672640249902
33.144,0.6989589970117953
33.152,0.787864647286245
33.160000000000004,0.8752086527006774
33.168,0.9576021101295988
33.176,1.0315811058211113
33.184,1.0937539321742729
33.192,1.1409498170343915
33.2,1.1703616371389245
33.208,1.1796754841317343
33.216,1.1671808419005683
33.224000000000004,1.1318563845137937
33.232,1.0734278390908998
33.24,0.9923958079889923
33.248,0.8900327885814723
33.256,0.7683498128937201
33.264,0.630034159229087
33.272,0.4783605038522094
33.28,0.31707872963813793
33.288000000000004,0.15028242363394287
33.296,-0.017737114943417755
33.304,-0.18264579308162807
33.312,-0.3402243667088174
33.32,-0.4865221526157095
33.328,-0.6179999837582532
33.336,-0.7316557830447796
33.344,-0.8251267610112349
33.352000000000004,-0.8967633127056153
33.36,-0.9456711551488534
33.368,-0.9717200141150694
33.376,-0.9755190992537609
33.384,-0.95836153011068
33.392,-0.9221416114291568
33.4,-0.8692502407494399
33.408,-0.8024546503877732
33.416000000000004,-0.7247690962493455
33.424,-0.6393230383714242
33.432,-0.5492328993455663
33.44,-0.45748275008240774
33.448,-0.36681836977038396
33.456,-0.2796581519977592
33.464,-0.19802335122595088
33.472,-0.12348922898884798
33.480000000000004,-0.057157792837231866
33.488,0.0003479681302546241
33.496,0.04886916301926565
33.504,0.0886768590322505
33.512,0.12042078863712288
33.52,0.14506353050355295
33.528,0.16380330500469695
33.536,0.1779889763090103
33.544000000000004,0.18903120322169611
33.552,0.19831387443498538
33.56,0.20710994090688667
33.568,0.21650547790421076
33.576,0.22733527432418585
33.584,0.24013251481074843
33.592,0.25509429254026655
33.6,0.2720638801571644
33.608000000000004,0.2905299762760702
33.616,0.30964256048059247
33.624,0.32824449809592204
33.632,0.3449175750525543
33.64,0.358041163890053
33.648,0.3658612223850853
33.656,0.36656685929630645
33.664,0.35837135400345776
33.672000000000004,0.3395943712265992
33.68,0.3087422127051362
33.688,0.26458328313541807
33.696,0.20621645424484117
33.704,0.1331305904698391
33.712,0.0452540411196149
33.72,-0.05700669618205958
33.728,-0.17273975147125578
33.736000000000004,-0.3005127609128661
33.744,-0.4383707516419844
33.752,-0.5838482479150152
33.76,-0.7339970347821979
33.768,-0.8854309967141404
33.776,-1.0343891044791345
33.784,-1.1768169650968014
33.792,-1.3084664742378036
33.8,-1.425012153873513
33.808,-1.5221818334489834
33.816,-1.5958984884273917
33.824,-1.6424292670581746
33.832,-1.6585369676715034
33.84,-1.6416284556166136
33.848,-1.5898937819374852
33.856,-1.5024292096807574
33.864,-1.3793371299116666
33.872,-1.2217960973817688
33.88,-1.0320950010547987
33.888,-0.8136266795894894
33.896,-0.5708379919994997
33.904,-0.30913531818552437
33.912,-0.03474655645029585
33.92,0.24545720301547
33.928,0.5241750978819919
33.936,0.7939178489510772
33.944,1.047268158618253
33.952,1.2771497990346348
33.96,1.4770939463072301
33.968,1.6414907084395582
33.976,1.7658137836446666
33.984,1.846806879545987
33.992,1.8826219951333707
34.0,1.87290191530284
34.008,1.8188021802735608
34.016,1.722951131419516
34.024,1.5893500661563615
34.032000000000004,1.4232186969673177
34.04,1.2307937064999943
34.048,1.0190900557712446
34.056,0.7956358171292015
34.064,0.5681917609380374
34.072,0.3444668664461664
34.08,0.13184048433962034
34.088,-0.06289885778956006
34.096000000000004,-0.2337889939226515
34.104,-0.3758961783430896
34.112,-0.48547721172696157
34.12,-0.560096692584892
34.128,-0.5986960489935538
34.136,-0.6016126270242864
34.144,-0.5705486963994334
34.152,-0.5084917263838941
34.160000000000004,-0.41958864876134605
34.168,-0.30897805188727695
34.176,-0.18258536966837519
34.184,-0.046887204980410255
34.192,0.09134796896592662
34.2,0.22533431425231198
34.208,0.348548725167454
34.216,0.45500580787333617
34.224000000000004,0.5395162634474158
34.232,0.5979169760278142
34.24,0.6272616100447933
34.248,0.6259617968574408
34.256,0.5938709684304933
34.264,0.5323054110486933
34.272,0.44399997214180587
34.28,0.33299888541165723
34.288000000000004,0.204485251979136
34.296,0.06455572471569546
34.304,-0.080050217341412
34.312,-0.2222544847689109
34.32,-0.3549641117883253
34.328,-0.4713991548680428
34.336,-0.565408859798575
34.344,-0.6317606081051219
34.352000000000004,-0.6663875357638096
34.36,-0.666583004733153
34.368,-0.6311331348682464
34.376,-0.5603821163106459
34.384,-0.4562287009167918
34.392,-0.3220557762224192
34.4,-0.16259796405877497
34.408,0.01624542120942729
34.416000000000004,0.2076430039286987
34.424,0.4040993792625342
34.432,0.5977476369452384
34.44,0.7806550257859532
34.448,0.9451301906040233
34.456,1.0840204581861466
34.464,1.1909880460462798
34.472,1.2607548951251488
34.480000000000004,1.28930709935673
34.488,1.2740515568411594
34.496,1.213919379240356
34.504,1.1094126362500005
34.512,0.9625930767160789
34.52,0.777013498310094
34.528,0.5575944114324987
34.536,0.31045055042863023
34.544000000000004,0.04267360441508556
34.552,-0.23792077618275737
34.56,-0.5230721643188956
34.568,-0.8043700137539355
34.576,-1.073552261449374
34.584,-1.322795988413061
34.592,-1.5449884033518588
34.6,-1.7339671159614802
34.608000000000004,-1.8847199439941305
34.616,-1.9935363485126114
34.624,-2.05810497184477
34.632,-2.077554552686725
34.64,-2.0524385119643256
34.648,-1.9846664498320032
34.656,-1.8773883292544606
34.664,-1.7348389466710625
34.672000000000004,-1.5621512516830192
34.68,-1.3651472329372558
34.688,-1.1501146899339922
34.696,-0.923577608026533
34.704,-0.6920673419975817
34.712,-0.4619015174823849
34.72,-0.23897740277392956
34.728,-0.02858627652012299
34.736000000000004,0.16474519562171802
34.744,0.3373814633057334
34.752,0.48666859420456154
34.76,0.6109862903352534
34.768,0.7097602893901336
34.776,0.7834352378512014
34.784,0.8334092154351289
34.792,0.8619321789293745
34.800000000000004,0.8719718054331215
34.808,0.8670515909826224
34.816,0.851067503860447
34.824,0.8280907931001057
34.832,0.8021654765253838
34.84,0.7771094213483293
34.848,0.7563277678547734
34.856,0.7426468500034482
34.864,0.7381759098187212
34.872,0.7442029150423523
34.88,0.761129687017431
34.888,0.78845022900031
34.896,0.8247744709811486
34.904,0.8678975327258331
34.912,0.9149121104732258
34.92,0.9623589299680768
34.928,1.006407695979287
34.936,1.0430589271520063
34.944,1.0683557307406881
34.952,1.0785940502046354
34.96,1.07052019314248
34.968,1.0415054200020861
34.976,0.9896889135086451
34.984,0.9140824182030418
34.992,0.81463210421128
35.0,0.6922356280063612
35.008,0.5487147773913094
35.016,0.3867463257492117
35.024,0.2097556176962505
35.032000000000004,0.02177884875357889
35.04,-0.1726990428001739
35.048,-0.368923409751005
35.056,-0.5620581153393209
35.064,-0.7473750390355948
35.072,-0.9204368625436299
35.08,-1.0772651376517792
35.088,-1.2144859353999338
35.096000000000004,-1.3294461688879333
35.104,-1.4202950929857794
35.112,-1.4860274720780244
35.12,-1.5264872571202601
35.128,-1.5423330064494054
35.136,-1.534968408587354
35.144,-1.5064429120607665
35.152,-1.4593285751786145
35.160000000000004,-1.396579877726284
35.168,-1.3213835039398778
35.176,-1.237005120316632
35.184,-1.1466399942354604
35.192,-1.0532739418927977
35.2,-0.9595605401803255
35.208,-0.8677197684412731
35.216,-0.7794622606049492
35.224000000000004,-0.6959421670509328
35.232,-0.617740291006951
35.24,-0.5448777349787711
35.248,-0.4768588380938832
35.256,-0.41274077965857436
35.264,-0.35122594018011827
35.272,-0.29077201252652085
35.28,-0.22971399358061317
35.288000000000004,-0.16639159765860775
35.296,-0.0992753433396975
35.304,-0.027084595293252883
35.312,0.051108791370282645
35.32,0.1357968647923102
35.328,0.22697659594040373
35.336,0.3241187498707378
35.344,0.4261662294365743
35.352000000000004,0.5315617664849132
35.36,0.638303081363009
35.368,0.7440220193880902
35.376,0.8460828571103416
35.384,0.9416940899237396
35.392,1.0280276592623934
35.4,1.1023397662669048
35.408,1.1620880583464985
35.416000000000004,1.2050408736990985
35.424,1.2293751418044234
35.432,1.2337602495386786
35.44,1.2174255885649172
35.448,1.180209647497526
35.456,1.1225885765712977
35.464,1.0456823549047376
35.472,0.9512372040964078
35.480000000000004,0.8415837753871135
35.488,0.7195718232458577
35.496,0.588483408565621
35.504,0.45192796041402794
35.512,0.31372359610039485
35.52,0.17776983385717446
35.528,0.047917170882226204
35.536,-0.07216105391871874
35.544000000000004,-0.1790894752524058
35.552,-0.26989976287538525
35.56,-0.3421242091248835
35.568,-0.39387085307942965
35.576,-0.4238778723280976
35.584,-0.43154571752543747
35.592,-0.4169462986129225
35.6,-0.38080949944035875
35.608000000000004,-0.3244883747906483
35.616,-0.24990545990158874
35.624,-0.15948352752186612
35.632,-0.05606469001645272
35.64,0.05717814706971069
35.648,0.17683383118809914
35.656,0.2993465946426046
35.664,0.42110880065631273
35.672000000000004,0.5385517676477172
35.68,0.6482343406587832
35.688,0.7469291638467115
35.696,0.8317063678508518
35.704,0.9000136473867841
35.712,0.9497506456261511
35.72,0.9793344805136777
35.728,0.9877524771280412
35.736000000000004,0.9745979704260698
35.744,0.9400855211292846
35.752,0.8850429765760691
35.76,0.8108793102831559
35.768,0.7195288410199223
35.776,0.6133740418171092
35.784,0.4951505449542098
35.792,0.36783904323678956
35.800000000000004,0.2345495430300452
35.808,0.09840382922828787
35.816,-0.03757794237163587
35.824,-0.17058089307356863
35.832,-0.2980842739524351
35.84,-0.4179313527083741
35.848,-0.5283772346478538
35.856,-0.6281127191357814
35.864,-0.716263554890425
35.872,-0.7923657282695544
35.88,-0.8563186710559969
35.888,-0.9083194979869589
35.896,-0.9487825657897734
35.904,-0.9782497443550721
35.912,-0.9972977257139726
35.92,-1.0064493493347122
35.928,-1.006096157348714
35.936,-0.9964390856749914
35.944,-0.9774532589815266
35.952,-0.9488812622358721
35.96,-0.9102570664014237
35.968,-0.8609601517859221
35.976,-0.8002965693185701
35.984,-0.7276010574797327
35.992,-0.6423522520166091
36.0,-0.5442917671022107
36.008,-0.43353761174271765
36.016,-0.3106829727296318
36.024,-0.17687264378690792
36.032000000000004,-0.033851056504273155
36.04,0.11602224345257807
36.048,0.26979186141950406
36.056,0.4239607483905079
36.064,0.5745775162770289
36.072,0.7173531321306131
36.08,0.8478015091369648
36.088,0.9613971380215938
36.096000000000004,1.0537420601572243
36.104,1.1207342649811447
36.112,1.1587299777428155
36.12,1.1646931589380987
36.128,1.1363266707537578
36.136,1.0721807840784467
36.144,0.9717358561890717
36.152,0.8354570267533394
36.160000000000004,0.6648196421791988
36.168,0.4623048490076732
36.176,0.23136543701634382
36.184,-0.023637394453138384
36.192,-0.29752509040574526
36.2,-0.5844187591643696
36.208,-0.877879676886029
36.216,-1.1710701538501747
36.224000000000004,-1.45693099295064
36.232,-1.728371148431651
36.24,-1.978464619443184
36.248,-2.200649111545352
36.256,-2.3889205916132736
36.264,-2.538017571998361
36.272,-2.6435888191926664
36.28,-2.702338229839782
36.288000000000004,-2.7121408989980074
36.296,-2.6721249717905975
36.304,-2.582714767542681
36.312,-2.445631931056795
36.32,-2.263853005429873
36.328,-2.0415237863245026
36.336,-1.7838329807458888
36.344,-1.496849841219775
36.352000000000004,-1.1873323132077045
36.36,-0.8625135726230897
36.368,-0.5298754989750442
36.376,-0.19691764780549115
36.384,0.1290701710480111
36.392,0.4412242819780002
36.4,0.7333057560278161
36.408,0.9998751080534185
36.416000000000004,1.2364375314368936
36.424,1.4395538705465973
36.432,1.6069135925853042
36.44,1.7373674471525185
36.448,1.8309191976319776
36.456,1.888677566117629
36.464,1.9127711232663245
36.472,1.9062301163983388
36.480000000000004,1.8728401241541086
36.488,1.8169730267203121
36.496,1.743401217759936
36.504,1.6571013805093127
36.512,1.5630545730078464
36.52,1.4660498086247546
36.528,1.3704987002370148
36.536,1.2802689276368333
36.544000000000004,1.1985441249295217
36.552,1.127717107721912
36.56,1.0693220593264001
36.568,1.024009362547365
36.576,0.9915643214384764
36.584,0.9709683087487657
36.592,0.9604982095417456
36.6,0.9578577105113034
36.608000000000004,0.9603322338745361
36.616,0.9649582539639525
36.624,0.9686973815675206
36.632,0.968605898485967
36.64,0.9619912709368234
36.648,0.9465484416363229
36.656,0.9204702648541294
36.664,0.8825281757827262
36.672000000000004,0.8321209529829557
36.68,0.7692911329544445
36.688,0.6947101814472866
36.696,0.6096348535034217
36.704,0.5158382465964849
36.712,0.4155198580821751
36.72,0.3111995103875211
36.728,0.2056003284662345
36.736000000000004,0.10152607017637975
36.744,0.0017380432125748374
36.752,-0.09116339198236857
36.76,-0.17484812178106532
36.768,-0.24735229506506198
36.776,-0.3071576085642733
36.784,-0.3532511418310846
36.792,-0.38516380680788875
36.800000000000004,-0.4029862992578638
36.808,-0.4073622889762073
36.816,-0.3994594609139744
36.824,-0.38091991532002845
36.832,-0.3537923283089765
36.84,-0.3204491115148688
36.848,-0.2834925088780606
36.856,-0.24565403742010486
36.864000000000004,-0.20969184138983665
36.872,-0.17829035258755668
36.88,-0.15396615616886491
36.888,-0.13898322245062203
36.896,-0.13527978400724153
36.904,-0.14440822591800673
36.912,-0.16748851945752743
36.92,-0.20517504972133613
36.928,-0.2576362212400187
36.936,-0.3245459943758178
36.944,-0.40508649565358146
36.952,-0.4979610119496094
36.96,-0.601416953622927
36.968,-0.7132786757454913
36.976,-0.8309902996373252
36.984,-0.9516688083383137
36.992,-1.0721676474820672
37.0,-1.1891508223026896
37.008,-1.2991770490435952
37.016,-1.3987929318833712
37.024,-1.4846334531181176
37.032000000000004,-1.5535273517215673
37.04,-1.6026042872538653
37.048,-1.6294000964339916
37.056,-1.6319559925232872
37.064,-1.608907270266333
37.072,-1.5595569955299138
37.08,-1.4839303108494146
37.088,-1.3828054038222433
37.096000000000004,-1.257717885226368
37.104,-1.1109363166160688
37.112,-0.9454079041958767
37.12,-0.764674902300957
37.128,-0.5727639743748406
37.136,-0.37405252536843087
37.144,-0.17311768716652204
37.152,0.02542497698734333
37.160000000000004,0.21708505928182534
37.168,0.3976548649439806
37.176,0.5633529438497398
37.184,0.7109465563389619
37.192,0.8378475260538644
37.2,0.9421777995672506
37.208,1.0228030680798619
37.216,1.079334786922907
37.224000000000004,1.1121026494950557
37.232,1.1221008893695537
37.24,1.110912643185856
37.248,1.0806170452655632
37.256,1.0336838437156062
37.264,0.9728602440075623
37.272,0.9010544890030123
37.28,0.8212204164425326
37.288000000000004,0.7362469012391083
37.296,0.6488556877573767
37.304,0.5615106646216543
37.312,0.4763411797393909
37.32,0.39508159655479996
37.328,0.31902898818893455
37.336,0.24902062434510544
37.344,0.18543262130901567
37.352000000000004,0.12820064620506186
37.36,0.07686275843495913
37.368,0.03062328714969307
37.376,-0.011564834672607867
37.384,-0.050903432177778714
37.392,-0.08864370820571446
37.4,-0.12597868416787522
37.408,-0.16394045603257376
37.416000000000004,-0.20330905576924785
37.424,-0.24453890749056512
37.432,-0.28770757879776443
37.44,-0.33248990895331054
37.448,-0.3781588260884136
37.456,-0.42361242139321037
37.464,-0.4674252741876065
37.472,-0.5079207119332801
37.480000000000004,-0.5432596813115549
37.488,-0.5715411949506454
37.496,-0.5909088798716762
37.504,-0.5996579713265315
37.512,-0.596337169626679
37.52,-0.5798401174393689
37.528,-0.5494818594017988
37.536,-0.5050564816976943
37.544000000000004,-0.4468731247152173
37.552,-0.3757686202267401
37.56,-0.2930960339626134
37.568,-0.2006893406755352
37.576,-0.10080532161071802
37.584,0.003955402225168945
37.592,0.11074544875517435
37.6,0.21658223463398726
37.608000000000004,0.31846949990837686
37.616,0.41352347888172514
37.624,0.49909779887023314
37.632,0.5729009025478037
37.64,0.6330998874859968
37.648,0.6784051547281509
37.656,0.7081311250210466
37.664,0.7222294526482784
37.672000000000004,0.7212925627058391
37.68,0.7065268729401699
37.688,0.6796966503675661
37.696,0.643041011581332
37.704,0.5991680220776343
37.712,0.5509311061273187
37.72,0.5012939726376305
37.728,0.4531909302269846
37.736000000000004,0.40938975346883916
37.744,0.37236413438727956
37.752,0.3441821940137489
37.76,0.32641655597693653
37.768,0.32008015654511696
37.776,0.3255903843543244
37.784,0.34276244175129583
37.792,0.37083114457117844
37.800000000000004,0.40849886446080713
37.808,0.45400607507590013
37.816,0.5052200585399749
37.824,0.5597367850700847
37.832,0.6149907756225117
37.84,0.6683678341630283
37.848,0.7173158067056865
37.856,0.7594489023344433
37.864000000000004,0.7926415403805411
37.872,0.8151081613830001
37.88,0.8254659990160127
37.888,0.8227785164586351
37.896,0.8065780990368235
37.904,0.7768676384247402
37.912,0.734101744679629
37.92,0.6791493402226645
37.928,0.6132401920513768
37.936,0.5378984500752448
37.944,0.454866486554213
37.952,0.36602234917650955
37.96,0.27329405416225616
37.968,0.17857384931190093
37.976,0.08363552211491387
37.984,-0.009942181762990259
37.992,-0.10084296477121506
38.0,-0.18806819313818113
38.008,-0.27097707022857587
38.016,-0.34930925349456987
38.024,-0.42318795455711256
38.032000000000004,-0.4931023460949332
38.04,-0.559869093910944
38.048,-0.6245739827636032
38.056,-0.6884958253719504
38.064,-0.7530160295279877
38.072,-0.8195182326513892
38.08,-0.8892831847656673
38.088,-0.9633844811554872
38.096000000000004,-1.042590770191275
38.104,-1.1272797037522277
38.112,-1.2173682283560716
38.12,-1.312262942163614
38.128,-1.4108332773909866
38.136,-1.5114092920916062
38.144,-1.61180490856579
38.152,-1.7093665170161765
38.160000000000004,-1.8010459507594674
38.168,-1.883495912566733
38.176,-1.9531849870345337
38.184,-2.006528433725124
38.192,-2.0400300719457123
38.2,-2.050429820624898
38.208,-2.034850945207649
38.216,-1.9909408833401048
38.224000000000004,-1.9169997267614185
38.232,-1.8120910035431295
38.24,-1.6761302132549816
38.248,-1.5099474310724672
38.256,-1.3153210322549023
38.264,-1.0949801038330043
38.272,-0.8525734630780237
38.28,-0.5926035914229185
38.288000000000004,-0.32032448051019097
38.296,-0.041603585135980566
38.304,0.237250150095576
38.312,0.5096879948587811
38.32,0.7691462493269103
38.328,1.009285264805262
38.336,1.224231918501016
38.344,1.408813638496357
38.352000000000004,1.5587717592110841
38.36,1.6709425626979058
38.368,1.743395790271548
38.376,1.7755225767680993
38.384,1.7680674886985959
38.392,1.723102421142132
38.4,1.6439432956544298
38.408,1.53501357909182
38.416000000000004,1.4016614105641754
38.424,1.2499394157827257
38.432,1.0863579850362437
38.44,0.917623823500092
38.448,0.7503759306165377
38.456,0.5909308512412288
38.464,0.445048119481605
38.472,0.3177253645418333
38.480000000000004,0.21303066518362965
38.488,0.1339775487264913
38.496,0.08244568474014209
38.504,0.059148004443571725
38.512,0.06364287813138475
38.52,0.09438827429526503
38.528,0.14883360423753247
38.536,0.22354421753740514
38.544000000000004,0.3143531420122333
38.552,0.41653447611624483
38.56,0.524992665487026
38.568,0.6344616232217211
38.576,0.7397072843474938
38.584,0.8357268095640635
38.592,0.9179374081862641
38.6,0.9823477642443967
38.608000000000004,1.0257054076145764
38.616,1.0456141031781427
38.624,1.0406164175751589
38.632,1.010238015710625
38.64,0.954991869213892
38.648,0.876342344101091
38.656,0.7766309782905519
38.664,0.6589675490093568
38.672000000000004,0.5270916403618301
38.68,0.38521122680312925
38.688,0.23782568553430325
38.696,0.0895410848454673
38.704,-0.055114423378937676
38.712,-0.1918676777436539
38.72,-0.31686328897575866
38.728,-0.42680620496326793
38.736000000000004,-0.5190790634003579
38.744,-0.5918303341514621
38.752,-0.6440303317620542
38.76,-0.6754933546498297
38.768,-0.6868654777469012
38.776,-0.6795788517314217
38.784,-0.6557746773800985
38.792,-0.6181982498893056
38.800000000000004,-0.5700705363218752
38.808,-0.5149416127539873
38.816,-0.4565319237031583
38.824,-0.3985677313020729
38.832,-0.34461730227126186
38.84,-0.2979343475068011
38.848,-0.2613149917794069
38.856,-0.23697411598556412
38.864000000000004,-0.22644628312400156
38.872,-0.23051562923824553
38.88,-0.2491780704021535
38.888,-0.28163795494880345
38.896,-0.3263399056378851
38.904,-0.38103510500027393
38.912,-0.4428797573761283
38.92,-0.5085620007464111
38.928,-0.5744522174015682
38.936,-0.6367705562581395
38.944,-0.6917645550563124
38.952,-0.7358890473797556
38.96,-0.7659800754142464
38.968,-0.7794143498498619
38.976,-0.7742459789145866
38.984,-0.7493128178423523
38.992,-0.7043059385473054
39.0,-0.6397974077322458
39.008,-0.5572237421550581
39.016,-0.45882496204692175
39.024,-0.34754190330220375
39.032000000000004,-0.22687714263599043
39.04,-0.10072727736833588
39.048,0.026803869810953496
39.056,0.15160048003571103
39.064,0.2697275475685523
39.072,0.3776110353329002
39.08,0.4721964533296577
39.088,0.5510787187489068
39.096000000000004,0.6125981692438758
39.104,0.6558996280381505
39.112,0.6809532989758258
39.12,0.6885379046046932
39.128,0.6801878419319026
39.136,0.6581072517608048
39.144,0.6250548568331983
39.152,0.5842043132578921
39.160000000000004,0.5389857039800787
39.168,0.49291468720667353
39.176,0.44941663044522606
39.184,0.4116536906292444
39.192,0.3823631002008797
39.2,0.3637147614440007
39.208,0.35719555451023766
39.216,0.363526509061088
39.224000000000004,0.3826172310489764
39.232,0.4135598505561156
39.24,0.45466246847915126
39.248,0.5035198678589974
39.256,0.557117335846912
39.264,0.6119619501335924
39.272,0.6642346445499289
39.28,0.709955717690845
39.288000000000004,0.7451560964837577
39.296,0.7660465790499437
39.304,0.7691775240033552
39.312,0.7515821688530914
39.32,0.7108980711768403
39.328,0.645463051616194
39.336,0.5543842320958885
39.344,0.43758086162832227
39.352000000000004,0.2958031060421531
39.36,0.13062949803388324
39.368,-0.055554732859167955
39.376,-0.2595973871659407
39.384,-0.4776373063815094
39.392,-0.705181765429499
39.4,-0.9372044421708502
39.408,-1.1682644340473753
39.416000000000004,-1.3926454559410577
39.424,-1.6045127468630285
39.432,-1.7980836523369819
39.44,-1.9678065327340255
39.448,-2.10854164682335
39.456,-2.2157369730014005
39.464,-2.2855915546228602
39.472,-2.315198929335206
39.480000000000004,-2.3026636032936665
39.488,-2.247184434507631
39.496,-2.1491002129781656
39.504,-2.0098945940357464
39.512,-1.8321596909286255
39.52,-1.619519847179862
39.528,-1.3765191746794923
39.536,-1.1084781923588998
39.544000000000004,-0.8213262296946641
39.552,-0.521417123717142
39.56,-0.215336128877628
39.568,0.09029411471288616
39.576,0.3890012257606691
39.584,0.6746379250826295
39.592,0.9415388920791253
39.6,1.1846558520282398
39.608000000000004,1.3996685075423154
39.616,1.5830701255244846
39.624,1.732227449696728
39.632,1.8454150860044511
39.64,1.9218246794870835
39.648,1.9615492332827993
39.656,1.9655430097135478
39.664,1.9355577579713212
39.672000000000004,1.8740566075464598
39.68,1.784107833194979
39.688,1.669261744483503
39.696,1.5334150470997407
39.704,1.3806680170775758
39.712,1.2151805844076564
39.72,1.0410338274153033
39.728,0.8621033638475673
39.736000000000004,0.6819506691619043
39.744,0.5037374843615194
39.752,0.33016725322888363
39.76,0.1634560193418731
39.768,0.0053334773454831435
39.776,-0.14292703378369162
39.784,-0.2804528115588833
39.792,-0.4066955362657063
39.800000000000004,-0.5213414214418673
39.808,-0.6242159676299633
39.816,-0.7151920340270329
39.824,-0.794109548218235
39.832,-0.8607138765049379
39.84,-0.9146178770448814
39.848,-0.9552902932811513
39.856,-0.982070776916694
39.864000000000004,-0.9942097232040412
39.872,-0.9909293629038447
39.88,-0.9715011541991735
39.888,-0.9353333769732087
39.896,-0.8820619336183089
39.904,-0.8116368064083734
39.912,-0.7243966077970917
39.92,-0.6211243790575504
39.928000000000004,-0.5030793102291394
39.936,-0.37200123154573494
39.944,-0.23008723178377627
39.952,-0.07994216842852227
39.96,0.0754932273525025
39.968,0.23303169634455415
39.976,0.3893407463613944
39.984,0.5410504189211703
39.992,0.6848624412329701
40.0,0.8176562511257593
40.008,0.936588013205199
40.016,1.0391793684982698
40.024,1.123393252550558
40.032000000000004,1.1876946661391687
40.04,1.231094774756697
40.048,1.2531771355097858
40.056,1.2541052056746735
40.064,1.2346106065710345
40.072,1.195961960668779
40.08,1.1399145659971228
40.088,1.0686417856559798
40.096000000000004,0.98464983676137
40.104,0.8906786297679983
40.112,0.7895923457959162
40.12,0.6842644151941134
40.128,0.5774623261691634
40.136,0.4717381050122731
40.144,0.36933025644060613
40.152,0.2720823773996068
40.160000000000004,0.1813825851001803
40.168,0.09812644726839007
40.176,0.02270446439681061
40.184,-0.044986440722670676
40.192,-0.1055093167346881
40.2,-0.1598343165590123
40.208,-0.20926997237194297
40.216,-0.25538219259783895
40.224000000000004,-0.2999044721375248
40.232,-0.3446425832599453
40.24,-0.3913767841594859
40.248,-0.44176444866278497
40.256,-0.4972460410853955
40.264,-0.5589575297574217
40.272,-0.6276525818042608
40.28,-0.7036380927138921
40.288000000000004,-0.7867266422606677
40.296,-0.8762092159683635
40.304,-0.9708509142956875
40.312,-1.068911373321075
40.32,-1.1681902865640925
40.328,-1.2660968547991476
40.336,-1.359740359248833
40.344,-1.4460375460734445
40.352000000000004,-1.521831319612053
40.36,-1.5840145247932893
40.368,-1.6296524461312543
40.376,-1.6560980722387162
40.384,-1.6610951004487735
40.392,-1.6428649429213888
40.4,-1.6001754439101725
40.408,-1.5323904001467414
40.416000000000004,-1.43950008272771
40.424,-1.3221336519943443
40.432,-1.1815546133234394
40.44,-1.019640377873243
40.448,-0.8388467454271417
40.456,-0.6421579062515133
40.464,-0.4330225011654166
40.472,-0.21527643141989583
40.480000000000004,0.00694656015759979
40.488,0.2293150825347339
40.496,0.44740914671324855
40.504,0.6568357035336376
40.512,0.8533478706811752
40.52,1.0329646410716204
40.528,1.1920874813848492
40.536,1.3276099029368402
40.544000000000004,1.4370158725833095
40.552,1.5184628961726738
40.56,1.5708458129684697
40.568,1.5938378277867449
40.576,1.5879060901003887
40.584,1.554300183784985
40.592,1.4950131599175955
40.6,1.41271613727675
40.608000000000004,1.3106688943161144
40.616,1.192610153604867
40.624,1.0626322915146311
40.632,0.9250458907612324
40.64,0.7842398254259032
40.648,0.6445424086152681
40.656,0.5100885800820745
40.664,0.3846972633725545
40.672000000000004,0.27176202833032215
40.68,0.17415722622879787
40.688,0.09416097284401481
40.696,0.03339583100259605
40.704,-0.0072122008729029515
40.712,-0.027455819270276918
40.72,-0.027849023846029875
40.728,-0.009609530730285906
40.736000000000004,0.025379556654744114
40.744,0.07462899623512523
40.752,0.13512309776376044
40.76,0.20341846326303478
40.768,0.2757593016412021
40.776,0.34820572940032823
40.784,0.41677048954261964
40.792,0.4775588148175356
40.800000000000004,0.526905820549589
40.808,0.5615058659459666
40.816,0.578528746137236
40.824,0.5757183087836389
40.832,0.5514700486597502
40.84,0.5048853340666254
40.848,0.43580107186925876
40.856,0.34479473655686405
40.864000000000004,0.23316569063160603
40.872,0.10289453758261238
40.88,-0.04341717347443047
40.888,-0.2026242404306007
40.896,-0.3711293210545462
40.904,-0.5449858832460831
40.912,-0.720009817082052
40.92,-0.891896866645147
40.928000000000004,-1.0563428736508984
40.936,-1.2091636117779443
40.944,-1.3464108420349652
40.952,-1.4644812561970908
40.96,-1.5602152693518998
40.968,-1.6309831609519279
40.976,-1.6747567507874095
40.984,-1.6901654907808756
40.992,-1.676536420325287
41.0,-1.6339177844333952
41.008,-1.5630862282647209
41.016,-1.4655373989352976
41.024,-1.3434595933656037
41.032000000000004,-1.199689905399567
41.04,-1.037652271129962
41.048,-0.861276997615415
41.056,-0.6749018553092132
41.064,-0.48315562623758174
41.072,-0.29082607065682947
41.08,-0.1027154949571307
41.088,0.07651166313485888
41.096000000000004,0.24248370558922233
41.104,0.39127260589429586
41.112,0.5195340737473474
41.12,0.6246297023503924
41.128,0.7047244913271883
41.136,0.7588538826606688
41.144,0.7869557968795307
41.152,0.7898649666667561
41.160000000000004,0.7692690230786757
41.168,0.7276281141334853
41.176,0.6680620966640127
41.184,0.5942113048301311
41.192,0.5100783724139402
41.2,0.419859462283307
41.208,0.32777351746730804
41.216,0.23789785149777884
41.224000000000004,0.1540176445305447
41.232,0.07949582737010005
41.24,0.017168534429697162
41.248,-0.03073011670675819
41.256,-0.0626116491381651
41.264,-0.07754452056003476
41.272,-0.07523395496577154
41.28,-0.05597285689130659
41.288000000000004,-0.020568064471689844
41.296,0.0297521885889443
41.304,0.09344243632825525
41.312,0.16874787795124105
41.32,0.25380815242781746
41.328,0.3467499644861869
41.336,0.4457630157086112
41.344,0.549155532732246
41.352000000000004,0.6553875588539204
41.36,0.7630818472186527
41.368,0.8710135780873888
41.376,0.9780812760872469
41.384,1.0832623443620255
41.392,1.1855576400721293
41.4,1.2839304611410922
41.408,1.3772460592987557
41.416000000000004,1.464218150141242
41.424,1.5433687008519712
41.432,1.6130064822683916
41.44,1.6712285331571632
41.448,1.7159469503146567
41.456,1.7449414775680667
41.464,1.7559364014318155
41.472,1.7466984183311478
41.480000000000004,1.715150525990395
41.488,1.6594956862350771
41.496,1.5783430629027022
41.504,1.4708290970329347
41.512,1.3367255716253101
41.52,1.1765271615054638
41.528,0.9915117739837143
41.536,0.7837682636491737
41.544000000000004,0.5561878226275937
41.552,0.31241742903738956
41.56,0.056776036260264715
41.568,-0.20586350808316456
41.576,-0.4702217598189008
41.584,-0.7307825415775769
41.592,-0.9819777322474055
41.6,-1.2183789822551248
41.608000000000004,-1.4348885233690625
41.616,-1.626921768519381
41.624,-1.7905750966990568
41.632,-1.9227729421352577
41.64,-2.0213889702694425
41.648,-2.0853367077116074
41.656,-2.1146255411812116
41.664,-2.1103785999624334
41.672000000000004,-2.0748098028377324
41.68,-2.011158397361654
41.688,-1.9235807247463301
41.696,-1.81700072191989
41.704,-1.6969227616020828
41.712,-1.5692126984538235
41.72,-1.4398552475361304
41.728,-1.3146978518209111
41.736000000000004,-1.1991927722689937
41.744,-1.0981500517993692
41.752,-1.0155141111021642
41.76,-0.9541759591698685
41.768,-0.9158313704362822
41.776,-0.9008930108336305
41.784,-0.9084615748096906
41.792,-0.9363577552835242
41.800000000000004,-0.9812135568078548
41.808,-1.0386183225379177
41.816,-1.1033120974927315
41.824,-1.1694167712133672
41.832,-1.230693952343555
41.84,-1.2808177780034375
41.848,-1.313650828413615
41.856,-1.3235118990738852
41.864000000000004,-1.305425404570307
41.872,-1.2553434345394032
41.88,-1.1703327551705645
41.888,-1.0487202380736884
41.896,-0.8901913282556404
41.904,-0.6958373896921738
41.912,-0.4681492997342418
41.92,-0.21095664774693987
41.928000000000004,0.07068569148594143
41.936,0.3706592093176715
41.944,0.6819847443209762
41.952,0.997057890634675
41.96,1.3079066420936878
41.968,1.606460547696937
41.976,1.8848207487735387
41.984,2.1355207872860156
41.992,2.3517688463636053
42.0,2.5276630347991795
42.008,2.6583724804945668
42.016,2.7402784178040984
42.024,2.771071170458652
42.032000000000004,2.749800890870313
42.04,2.6768819764940406
42.048,2.554053056348703
42.056,2.3842961499450723
42.064,2.171719930606372
42.072,1.9214129372208757
42.08,1.6392731024070886
42.088,1.3318201732323705
42.096000000000004,1.005997582028542
42.104,0.6689701649395938
42.112,0.32792389103192576
42.12,-0.010126510153112013
42.128,-0.33851645437911104
42.136,-0.6510917795469524
42.144,-0.9423457871711822
42.152,-1.2075292094594865
42.160000000000004,-1.442730277232143
42.168,-1.644923318477146
42.176,-1.8119857576580445
42.184,-1.942684911009828
42.192,-2.036637442520791
42.2,-2.0942455945752596
42.208,-2.116615177135974
42.216,-2.1054606787830634
42.224000000000004,-2.0630027308865113
42.232,-1.9918626004961297
42.24,-1.8949575837866985
42.248,-1.7754003248199117
42.256,-1.6364043560302195
42.264,-1.4811976161150027
42.272,-1.3129453181563202
42.28,-1.134683226421987
42.288000000000004,-0.9492620656591356
42.296,-0.7593033931080263
42.304,-0.5671668382542292
42.312,-0.3749282325287131
42.32,-0.1843678925112534
42.328,0.003031761632895154
42.336,0.1860799719973764
42.344,0.36386327951451786
42.352000000000004,0.5357232358440076
42.36,0.7012261732971158
42.368,0.8601249664838532
42.376,1.0123129339229702
42.384,1.1577705434987842
42.392,1.296506360742716
42.4,1.428494588536484
42.408,1.5536124110193636
42.416000000000004,1.6715809935704657
42.424,1.7819142845905995
42.432,1.8838796867192966
42.44,1.9764742728814184
42.448,2.0584196115293483
42.456,2.128177509304191
42.464,2.1839880913749057
42.472,2.2239305764416097
42.480000000000004,2.246005809089406
42.488,2.248238080206542
42.496,2.2287920828178693
42.504,2.186099196618518
42.512,2.11898590164352
42.52,2.026796206284239
42.528,1.9094996799554191
42.536,1.7677770493812595
42.544000000000004,1.6030763041231866
42.552,1.4176337602511753
42.56,1.2144564285375485
42.568,0.9972642026086141
42.576,0.7703927037533655
42.584,0.5386599688367911
42.592,0.307202409560669
42.6,0.08128745566155646
42.608000000000004,-0.1338881295929336
42.616,-0.3334042384146898
42.624,-0.512817286875264
42.632,-0.6683438046378825
42.64,-0.7970184981323907
42.648,-0.8968190047673683
42.656,-0.9667514336983275
42.664,-1.006892894363892
42.672000000000004,-1.018389347921374
42.68,-1.0034091057391001
42.688,-0.9650540410726642
42.696,-0.9072320694964918
42.704,-0.8344957689821834
42.712,-0.7518532598325456
42.72,-0.6645587119241703
42.728,-0.5778910551297083
42.736000000000004,-0.49693049273995643
42.744,-0.42634304880440704
42.752,-0.370183425346976
42.76,-0.33172579733225416
42.768,-0.3133308437755351
42.776,-0.31635541974396153
42.784,-0.3411089953389893
42.792,-0.38685851692571277
42.800000000000004,-0.4518808564871072
42.808,-0.5335596487553292
42.816,-0.6285211836677173
42.824,-0.7328022097560704
42.832,-0.8420410783982403
42.84,-0.9516826685758359
42.848,-1.0571870112170825
42.856,-1.1542315025407075
42.864000000000004,-1.2388970649508197
42.872,-1.3078295729565306
42.88,-1.3583692773326277
42.888,-1.3886427688380079
42.896,-1.3976141241078481
42.904,-1.3850941417721052
42.912,-1.35170886033832
42.92,-1.298830704688759
42.928000000000004,-1.2284775039581994
42.936,-1.143186153673595
42.944,-1.0458687824106492
42.952,-0.9396598818277242
42.96,-0.8277629534627371
42.968,-0.7133048301266801
42.976,-0.599204984619573
42.984,-0.48806590680563905
42.992000000000004,-0.3820890928460674
43.0,-0.28301944326200335
43.008,-0.19211901806567974
43.016,-0.11016926827392703
43.024,-0.037499184406897576
43.032000000000004,0.0259645941089249
43.04,0.0806306658798842
43.048,0.1271642470316281
43.056,0.16640262266678554
43.064,0.19926996410691183
43.072,0.22669629406029299
43.08,0.2495447886729396
43.088,0.2685510156549544
43.096000000000004,0.28427711040908227
43.104,0.2970831932308455
43.112,0.3071174138732689
43.12,0.3143248171159569
43.128,0.31847381254024437
43.136,0.31919758066500553
43.144,0.31604649772181354
43.152,0.30854683440860065
43.160000000000004,0.29626070865514553
43.168,0.27884255377785006
43.176,0.2560880992029454
43.184,0.22797288728490475
43.192,0.19467848965647352
43.2,0.15660568440003708
43.208,0.11437479497587859
43.216,0.06881410452808893
43.224000000000004,0.020937725750921513
43.232,-0.028085446638339662
43.24,-0.07696998711957503
43.248,-0.12435768170072616
43.256,-0.1688650736244468
43.264,-0.20913313235618625
43.272,-0.243877342905496
43.28,-0.2719364698675593
43.288000000000004,-0.29231821526965207
43.296,-0.30423999695271997
43.304,-0.3071631604095143
43.312,-0.3008191277670731
43.32,-0.2852262899065098
43.328,-0.2606968438143814
43.336,-0.2278332264028365
43.344,-0.18751424382782736
43.352000000000004,-0.14087138725744264
43.36,-0.08925612008223575
43.368,-0.03419909740581003
43.376,0.02263765583119193
43.384,0.0795145862633656
43.392,0.1346734540687036
43.4,0.18640006731675457
43.408,0.23308953932594337
43.416000000000004,0.27331223681814826
43.424,0.3058779754968789
43.432,0.32989540005347645
43.44,0.34482304676805087
43.448,0.35050849934348
43.456,0.3472123957367931
43.464,0.3356147879582819
43.472,0.3168023590644782
43.480000000000004,0.2922360847959213
43.488,0.2636999507381528
43.496,0.23323224202534726
43.504,0.20304173497211023
43.512,0.17541189696762924
43.52,0.15259697383850784
43.528,0.13671457446549354
43.536,0.12963994229957373
43.544000000000004,0.13290739429056042
43.552,0.14762430043145408
43.56,0.1744024381725607
43.568,0.21331064032565214
43.576,0.2638514829232918
43.584,0.32496347287043237
43.592,0.39504891723405616
43.6,0.4720264682010359
43.608000000000004,0.5534062776300472
43.616,0.636384766468812
43.624,0.7179552013084289
43.632,0.7950295525812456
43.64,0.8645664785084813
43.648,0.9236997600015495
43.656,0.9698611747285046
43.664,1.000891756213785
43.672000000000004,1.0151357591857182
43.68,1.0115125232528752
43.688,0.9895627703977774
43.696,0.9494675398758892
43.704,0.8920397123576986
43.712,0.818689637435641
43.72,0.7313675564840953
43.728,0.6324862360868975
43.736000000000004,0.5248275589517081
43.744,0.41143690867085636
43.752,0.2955091960710886
43.76,0.18027042720461808
43.768,0.06885885130579081
43.776,-0.03579007616481048
43.784,-0.13105050643068356
43.792,-0.21470033843040218
43.800000000000004,-0.28499845291781356
43.808,-0.34074135926562155
43.816,-0.3812965005695947
43.824,-0.4066107035072754
43.832,-0.41719367439642796
43.84,-0.4140778426419681
43.848,-0.3987570592588729
43.856,-0.37310756229056025
43.864000000000004,-0.33929520912044053
43.872,-0.299673313099387
43.88,-0.2566756026282815
43.888,-0.2127089118871506
43.896,-0.1700502207279277
43.904,-0.13075253723058025
43.912,-0.09656378773629246
43.92,-0.0688622940337507
43.928000000000004,-0.048611574525458445
43.936,-0.03633615958547576
43.944,-0.03211895223082112
43.952,-0.03561949477257394
43.96,-0.046111408316033935
43.968,-0.06253631948556647
43.976,-0.08357082043080216
43.984,-0.10770245272995004
43.992000000000004,-0.13331038489828062
44.0,-0.15874638429729682
44.008,-0.18241187897874442
44.016,-0.20282736518433517
44.024,-0.21869112922943987
44.032000000000004,-0.2289251862517404
44.04,-0.23270743463686763
44.048,-0.22949019217048758
44.056,-0.21900639011416145
44.064,-0.2012656005822498
44.072,-0.17654261098261154
44.08,-0.14536133601773657
44.088,-0.10847646282779903
44.096000000000004,-0.06685445545510756
44.104,-0.021654583087552876
44.112,0.025790304689286527
44.12,0.07399427222923541
44.128,0.12134151077829407
44.136,0.16611382192610483
44.144,0.20652373767911741
44.152,0.24075423967880227
44.160000000000004,0.26700549118858397
44.168,0.28354836157722973
44.176,0.2887838505134743
44.184,0.2813068446222585
44.192,0.2599719948550304
44.2,0.22395891958012268
44.208,0.1728334510363565
44.216,0.10660129316255053
44.224000000000004,0.025750297522317975
44.232,-0.06872235351737434
44.24,-0.17530139170653863
44.248,-0.29196577468298973
44.256,-0.41622369243613644
44.264,-0.5451706196119673
44.272,-0.675569311386591
44.28,-0.8039491329376383
44.288000000000004,-0.9267206955580622
44.296,-1.0403005984962355
44.304,-1.1412402817086598
44.312,-1.2263526732786245
44.32,-1.2928304871086447
44.328,-1.338350630924863
44.336,-1.3611600969776385
44.344,-1.3601397821633638
44.352000000000004,-1.3348438032947527
44.36,-1.2855129804227168
44.368,-1.2130622588026927
44.376,-1.1190429545503804
44.384,-1.005581842142674
44.392,-0.8753001974213657
44.4,-0.7312168545053521
44.408,-0.5766399973553658
44.416000000000004,-0.4150526932147527
44.424,-0.24999707553860684
44.432,-0.08496168017792699
44.44,0.07672412810219544
44.448,0.23198528772909335
44.456,0.37808289316595495
44.464,0.5126803551213008
44.472,0.6338918420725254
44.480000000000004,0.7403114131444724
44.488,0.8310218206876724
44.496,0.9055827150048359
44.504,0.9639989325004693
44.512,1.0066706498762616
44.52,1.0343283471807558
44.528,1.0479566052102092
44.536,1.0487116120560322
44.544000000000004,1.0378377306882627
44.552,1.0165885012244662
44.56,0.9861570139662563
44.568,0.9476197645979624
44.576,0.9018970121005363
44.584,0.8497314347252498
44.592,0.7916856315129887
44.6,0.7281578244777092
44.608000000000004,0.6594140272381258
44.616,0.5856339879870524
44.624,0.5069674089852558
44.632,0.42359631161911515
44.64,0.3357989789450001
44.648,0.2440106946064091
44.656,0.1488765400193907
44.664,0.0512918419152876
44.672000000000004,-0.04757350038713905
44.68,-0.1462696396772781
44.688,-0.24308199123303956
44.696,-0.33606728818558784
44.704,-0.42310930395964724
44.712,-0.5019916906461215
44.72,-0.5704841928865305
44.728,-0.6264375889662722
44.736000000000004,-0.6678821491021003
44.744,-0.6931242114032768
44.752,-0.7008356433185082
44.76,-0.6901314268329892
44.768,-0.6606312994113733
44.776,-0.6125022152424385
44.784,-0.5464792975896309
44.792,-0.46386390202292255
44.800000000000004,-0.36649840208869
44.808,-0.2567183534651871
44.816,-0.13728378055931512
44.824,-0.011292411640986835
44.832,0.1179213238677761
44.84,0.24689693500679954
44.848,0.37216304508684517
44.856,0.49035183106303765
44.864000000000004,0.5983075955099855
44.872,0.6931847447266101
44.88,0.7725310602082164
44.888,0.8343529470994766
44.896,0.877160329508877
44.904,0.8999900548557893
44.912,0.9024080458675957
44.92,0.8844918965725813
44.928000000000004,0.8467969547527907
44.936,0.7903099268341748
44.944,0.7163944758594077
44.952,0.6267330740846834
44.96,0.5232686002650953
44.968,0.4081480627426412
44.976,0.2836696692872641
44.984,0.15223349953944207
44.992000000000004,0.016295400350342996
45.0,-0.12167657261195443
45.008,-0.2592438780859959
45.016,-0.3940379577548333
45.024,-0.5237998022962559
45.032000000000004,-0.646418663411467
45.04,-0.7599695793382848
45.048,-0.8627489362327987
45.056,-0.953306836833823
45.064,-1.0304746960200981
45.072,-1.09338634974901
45.08,-1.1414911319069199
45.088,-1.1745578440383735
45.096000000000004,-1.1926692231792448
45.104,-1.1962072440207996
45.112,-1.1858302024534768
45.12,-1.1624428913097042
45.128,-1.1271612470285142
45.136,-1.0812726521790659
45.144,-1.0261927241042346
45.152,-0.9634190463301627
45.160000000000004,-0.8944820616612698
45.168,-0.8208933784268672
45.176,-0.7440921181272174
45.184,-0.6653906305788557
45.192,-0.5859217876163633
45.2,-0.5065909195051657
45.208,-0.42803603956857667
45.216,-0.35060012932614826
45.224000000000004,-0.27431885938222245
45.232,-0.19892625519992593
45.24,-0.12387962584504188
45.248,-0.048403733225966125
45.256,0.02844715562989386
45.264,0.1077119121734873
45.272,0.19043351300115366
45.28,0.27756280725204635
45.288000000000004,0.3698602091978981
45.296,0.4678008831621046
45.304,0.5714892198419151
45.312,0.6805884007679066
45.32,0.794270564124124
45.328,0.9111924553988955
45.336,1.0295004089316584
45.344,1.1468670380684882
45.352000000000004,1.2605601594593479
45.36,1.3675423708953485
45.368,1.4645975372967521
45.376,1.5484784349344822
45.384,1.61606815403475
45.392,1.664546699902034
45.4,1.6915536280390884
45.408,1.6953375041523766
45.416000000000004,1.6748834577404075
45.424,1.6300110360034776
45.432,1.5614358907282557
45.44,1.4707904745562361
45.448,1.3606008277166846
45.456,1.23421866181557
45.464,1.095710258990494
45.472,0.949706143773021
45.480000000000004,0.8012179301522189
45.488,0.6554309909020554
45.496,0.5174833647147083
45.504,0.3922423313091019
45.512,0.28409016242252655
45.52,0.19672969112286523
45.528,0.1330187238228122
45.536,0.09484027550125426
45.544000000000004,0.08301348328483413
45.552,0.09724808921266231
45.56,0.13614365794567274
45.568,0.19723314319437635
45.576,0.2770689105172821
45.584,0.3713477736417046
45.592,0.475070015474446
45.6,0.5827258539287834
45.608000000000004,0.6885015411951138
45.616,0.7864964070365199
45.624,0.8709417668116393
45.632,0.9364127339478073
45.64,0.9780245665027679
45.648,0.9916061700875234
45.656,0.9738446998805467
45.664,0.9223967781418657
45.672000000000004,0.8359635864707703
45.68,0.7143288934850058
45.688,0.5583607923885424
45.696,0.3699793802571902
45.704,0.15209366110600037
45.712,-0.09148847883471774
45.72,-0.3561732521686154
45.728,-0.6367130967891147
45.736000000000004,-0.9273543533837986
45.744,-1.221996964553403
45.752,-1.5143624751704094
45.76,-1.798166203795545
45.768,-2.067288979078912
45.776,-2.315943488372689
45.784,-2.5388302237607103
45.792,-2.7312782964404563
45.800000000000004,-2.8893669881973403
45.808,-3.0100247148253305
45.816,-3.091102963301449
45.824,-3.1314236184755395
45.832,-3.1307988388997487
45.84,-3.0900232475659517
45.848,-3.010838699467658
45.856,-2.8958723528305397
45.864000000000004,-2.7485493121506694
45.872,-2.5729818225565855
45.88,-2.373837905469727
45.888,-2.1561933655028422
45.896,-1.925372106491965
45.904,-1.686780469822817
45.912,-1.4457416894973145
45.92,-1.2073364896492638
45.928000000000004,-0.9762553994598613
45.936,-0.7566676814171268
45.944,-0.5521110259914346
45.952,-0.3654054614025249
45.96,-0.19859426710203973
45.968,-0.05291398953630292
45.976,0.07120516339599875
45.984,0.17410829847056686
45.992000000000004,0.25685516674633163
46.0,0.3211322044378819
46.008,0.36914104231810235
46.016,0.40346852848166936
46.024,0.42694435495017363
46.032000000000004,0.4424930780141324
46.04,0.4529876112844285
46.048,0.4611111359648184
46.056000000000004,0.46923385490977754
46.064,0.4793101968141464
46.072,0.49280104927469165
46.08,0.5106244393354885
46.088,0.5331368191847786
46.096000000000004,0.5601457432376029
46.104,0.5909532190206463
46.112,0.6244273872045415
46.12,0.6590985099403184
46.128,0.6932736650326545
46.136,0.7251632395594201
46.144,0.7530114614178168
46.152,0.7752229117133996
46.160000000000004,0.7904772515627955
46.168,0.7978252232528182
46.176,0.7967602484570598
46.184,0.7872615294403373
46.192,0.7698063515669953
46.2,0.7453511851755454
46.208,0.7152830928494809
46.216,0.6813447585160117
46.224000000000004,0.6455380525556559
46.232,0.6100123167335593
46.24,0.5769443972449922
46.248,0.5484178157476628
46.256,0.5263083409644369
46.264,0.5121826505111451
46.272,0.5072158294165386
46.28,0.5121322226790407
46.288000000000004,0.5271727196798618
46.296,0.5520899611482472
46.304,0.5861712850886133
46.312,0.6282875418036337
46.32,0.6769643117810701
46.328,0.7304706793043532
46.336,0.7869196778418679
46.344,0.8443739317543841
46.352000000000004,0.9009499198647072
46.36,0.954914663181076
46.368,1.00476942083934
46.376,1.0493160642473376
46.384,1.0877030835109527
46.392,1.1194495667417101
46.4,1.144446897826171
46.408,1.1629392612523777
46.416000000000004,1.1754852374298244
46.424,1.1829037257048267
46.432,1.1862080586147026
46.44,1.1865324153235441
46.448,1.1850545082603787
46.456,1.1829180791099472
46.464,1.1811581326831257
46.472,1.1806312208885141
46.480000000000004,1.181952610127551
46.488,1.1854419205740145
46.496,1.191078843308201
46.504,1.198470776011044
46.512,1.206834555099544
46.52,1.2149947307367612
46.528,1.2214008335504498
46.536,1.2241656453159666
46.544000000000004,1.2211255244287733
46.552,1.2099223983508662
46.56,1.1881053034139777
46.568,1.1532475971470244
46.576,1.1030744591704136
46.584,1.0355942216512761
46.592,0.9492264972312514
46.6,0.8429199670683615
46.608000000000004,0.7162529766106466
46.616,0.5695107043007308
46.624,0.40373361315576983
46.632,0.22073319832674093
46.64,0.0230727200774085
46.648,-0.18598740000437272
46.656,-0.40257770764497874
46.664,-0.6223375263715453
46.672000000000004,-0.8405569407335451
46.68,-1.0523363331590412
46.688,-1.2527563638595778
46.696,-1.4370513373066875
46.704,-1.6007793328278848
46.712,-1.7399830982928677
46.72,-1.8513363533958176
46.728,-1.9322707253779996
46.736000000000004,-1.9810790208627274
46.744,-1.9969909665361325
46.752,-1.9802180271427212
46.76,-1.9319645602738809
46.768,-1.8544035121519198
46.776,-1.7506161550921793
46.784,-1.624496973262244
46.792,-1.4806265699398666
46.800000000000004,-1.3241171793821322
46.808,-1.160436803323571
46.816,-0.9952190095436694
46.824,-0.8340659864779331
46.832,-0.6823525943848451
46.84,-0.5450389836788325
46.848,-0.4264989434891815
46.856,-0.33037052732362104
46.864000000000004,-0.25943465939848404
46.872,-0.2155263220330608
46.88,-0.19948155743101434
46.888,-0.21112193901578155
46.896,-0.24927648778902464
46.904,-0.3118393678510223
46.912,-0.3958602251466163
46.92,-0.49766283041624987
46.928000000000004,-0.6129867978350348
46.936,-0.7371465779227496
46.944,-0.8652016413119247
46.952,-0.9921317394523075
46.96,-1.1130113061058224
46.968,-1.2231774075042186
46.976,-1.3183861206735012
46.984,-1.3949527846787513
46.992000000000004,-1.4498721996216901
47.0,-1.4809155193180334
47.008,-1.486701275889025
47.016,-1.4667386712068822
47.024,-1.4214419573254184
47.032000000000004,-1.3521153961739687
47.04,-1.2609089353964444
47.048,-1.1507453691684537
47.056000000000004,-1.025220386788534
47.064,-0.8884775718866385
47.072,-0.745061128080623
47.08,-0.5997498966119209
47.088,-0.45737711131088543
47.096000000000004,-0.3226412986248805
47.104,-0.19991473235493237
47.112,-0.09305680206843407
47.12,-0.0052404071167877625
47.128,0.06120013214789409
47.136,0.10489131709826925
47.144,0.1255053542960101
47.152,0.12380164845873882
47.160000000000004,0.10162092910800566
47.168,0.06183048724177238
47.176,0.00822162789105573
47.184,-0.05463696983073076
47.192,-0.12158394598500888
47.2,-0.18708001019031392
47.208,-0.2454432899839158
47.216,-0.2910949010751976
47.224000000000004,-0.3188039960816935
47.232,-0.32392169599106063
47.24,-0.3025939145225955
47.248,-0.25194408751703185
47.256,-0.17021815950695313
47.264,-0.05688580398653765
47.272,0.08730629469479381
47.28,0.26033126176063187
47.288000000000004,0.4589290415507189
47.296,0.6787016374237311
47.304,0.9142527106395175
47.312,1.1593659744712417
47.32,1.4072154104579369
47.328,1.6505992430340612
47.336,1.8821888501684607
47.344,2.0947833608335134
47.352000000000004,2.281560588931118
47.36,2.4363151703850883
47.368,2.553675298965911
47.376,2.629290291663383
47.384,2.6599823500246074
47.392,2.6438573071333837
47.4,2.5803708295745964
47.408,2.4703484148549624
47.416000000000004,2.3159594786317133
47.424,2.120647715732872
47.432,1.8890215855673227
47.44,1.6267100869907631
47.448,1.340189888670829
47.456,1.0365903892080484
47.464,0.7234834796073567
47.472,0.4086647675687731
47.480000000000004,0.09993286247689487
47.488,-0.19512698433551778
47.496,-0.4693490799545141
47.504,-0.7161782437130942
47.512,-0.9298413520947221
47.52,-1.1054963363424577
47.528,-1.239356436001809
47.536,-1.328788179080324
47.544000000000004,-1.3723818312256215
47.552,-1.369992938553554
47.56,-1.3227532240340425
47.568,-1.2330487236809957
47.576,-1.1044629325666344
47.584,-0.9416831017731442
47.592,-0.7503688313440591
47.6,-0.536983768889538
47.608000000000004,-0.30859343563255875
47.616,-0.07263470282081494
47.624,0.1633351390713786
47.632,0.39189983639567594
47.64,0.6060451185352173
47.648,0.7994078421493089
47.656,0.9665025617573757
47.664,1.1029157756200778
47.672000000000004,1.205459328281436
47.68,1.2722757468582653
47.688,1.3028897117513623
47.696,1.298201641750408
47.704,1.260421748535464
47.712,1.1929459646867886
47.72,1.1001786859344307
47.728,0.9873108631321964
47.736000000000004,0.8600650953057696
47.744,0.7244215454850795
47.752,0.5863394646203829
47.76,0.45148885062791655
47.768,0.3250054721875918
47.776,0.2112804371897028
47.784,0.11379298646216286
47.792,0.03499250720800764
47.800000000000004,-0.02376691605865618
47.808,-0.0622386409217231
47.816,-0.08124389082434405
47.824,-0.08258425094445283
47.832,-0.06891206929276171
47.84,-0.04356648124198356
47.848,-0.010384409584113515
47.856,0.026502900965047593
47.864000000000004,0.06287669160430072
47.872,0.09462996733922296
47.88,0.11794948738917606
47.888,0.12947257446570454
47.896,0.12641320609815668
47.904,0.10665437347689365
47.912,0.0688060663275183
47.92,0.01223022688992506
47.928000000000004,-0.06296452431645781
47.936,-0.1559546885709995
47.944,-0.2652561217447516
47.952,-0.38879660897379925
47.96,-0.5240029318386429
47.968,-0.6678989026019129
47.976,-0.8172111249874076
47.984,-0.9684794276008897
47.992000000000004,-1.1181690105339468
48.0,-1.2627813976580033
48.008,-1.3989613543189512
48.016,-1.523597047719505
48.024,-1.6339108967458082
48.032000000000004,-1.7275387584732784
48.04,-1.802595311051495
48.048,-1.8577237218404155
48.056000000000004,-1.8921279699830038
48.064,-1.905586573498461
48.072,-1.898446988303664
48.08,-1.8716005954341979
48.088,-1.8264389181643763
48.096000000000004,-1.764792424046322
48.104,-1.6888538821923003
48.112,-1.6010887187690281
48.120000000000005,-1.5041351601076207
48.128,-1.400697240342938
48.136,-1.2934340613078743
48.144,-1.1848490802717428
48.152,-1.0771836613176886
48.160000000000004,-0.9723195902273126
48.168,-0.8716956051332733
48.176,-0.7762431005962395
48.184,-0.6863458931696991
48.192,-0.6018281948669097
48.2,-0.5219736834414791
48.208,-0.44557681483517686
48.216,-0.3710254079136871
48.224000000000004,-0.2964112365163998
48.232,-0.21966313019438558
48.24,-0.1386951625484937
48.248,-0.05156111279520848
48.256,0.04339432153607622
48.264,0.14739702977659802
48.272,0.26112638447334374
48.28,0.38462677872374884
48.288000000000004,0.517253199420408
48.296,0.6576541825387806
48.304,0.803793470711783
48.312,0.9530098272786609
48.32,1.1021127840967662
48.328,1.247510555122215
48.336,1.3853648509137395
48.344,1.5117658430761944
48.352000000000004,1.6229191051980911
48.36,1.7153351414897662
48.368,1.7860112998494053
48.376,1.8325956398849637
48.384,1.8535228215444621
48.392,1.84811334730133
48.4,1.8166294881866125
48.408,1.7602838160084244
48.416000000000004,1.6811992318637201
48.424,1.5823224468561194
48.432,1.4672957423804565
48.44,1.3402942618473903
48.448,1.205837895650906
48.456,1.0685879506473053
48.464,0.9331392639887878
48.472,0.8038182959699495
48.480000000000004,0.6844970938371409
48.488,0.578431922406528
48.496,0.4881338611424498
48.504,0.41527683006697447
48.512,0.3606464116338682
48.52,0.3241305985380716
48.528,0.30475136203732706
48.536,0.30073385710860956
48.544000000000004,0.3096083071595687
48.552,0.32833826407953853
48.56,0.3534681004926817
48.568,0.38128228672219144
48.576,0.40796919613811605
48.584,0.4297827643669548
48.592,0.44319614784548184
48.6,0.4450424228800077
48.608000000000004,0.4326382100477534
48.616,0.4038868401529587
48.624,0.35735830885556613
48.632,0.29234385706138727
48.64,0.20888363052017606
48.648,0.10776655564718754
48.656,-0.009497678509323385
48.664,-0.14073384352658483
48.672000000000004,-0.2831820884623327
48.68,-0.4336021871354427
48.688,-0.588397840632563
48.696,-0.7437567548362443
48.704,-0.8958011283582575
48.712,-1.0407421227866833
48.72,-1.1750310374503203
48.728,-1.2954995150700501
48.736000000000004,-1.3994813649158724
48.744,-1.4849095835913446
48.752,-1.5503837881573177
48.76,-1.5952053138543854
48.768,-1.6193793661353253
48.776,-1.62358558462631
48.784,-1.6091200082007695
48.792,-1.5778126748618413
48.800000000000004,-1.531925976438034
48.808,-1.4740394669114865
48.816,-1.4069271216749275
48.824,-1.3334330536151537
48.832,-1.25635138272627
48.84,-1.1783153160688753
48.848,-1.1016995545695285
48.856,-1.0285389855571516
48.864000000000004,-0.960465371541091
48.872,-0.8986625552358095
48.88,-0.8438397151741753
48.888,-0.7962215465612327
48.896,-0.7555539768226708
48.904,-0.7211241420929245
48.912,-0.6917937377598634
48.92,-0.6660453115414452
48.928000000000004,-0.642041349692591
48.936,-0.6176959143225369
48.944,-0.5907580395339717
48.952,-0.5589051592731229
48.96,-0.5198437252458962
48.968,-0.47141314030816867
48.976,-0.41168840962431863
48.984,-0.3390766305893753
48.992000000000004,-0.25240262176101236
49.0,-0.1509795587714305
49.008,-0.03466131852202577
49.016,0.09612580439217118
49.024,0.24037337566375186
49.032000000000004,0.3965035727127355
49.04,0.5624041220067356
49.048,0.7354844722836884
49.056000000000004,0.9127516338982816
49.064,1.0909034618940883
49.072,1.2664364277953695
49.08,1.4357641269777375
49.088,1.5953419875546948
49.096000000000004,1.7417930088076372
49.104,1.8720289857777466
49.112,1.9833616500322429
49.120000000000005,2.0735984879549285
49.128,2.141118644908931
49.136,2.184925219104162
49.144,2.2046713334772066
49.152,2.20065861185611
49.160000000000004,2.1738080573453216
49.168,2.12560480480463
49.176,2.058019722841848
49.184,1.973412247711733
49.192,1.8744199792899892
49.2,1.7638413019258545
49.208,1.644517511443837
49.216,1.5192206244777264
49.224000000000004,1.3905522974122566
49.232,1.2608582262762515
49.24,1.132161183653249
49.248,1.006114595032395
49.256,0.8839773450235551
49.264,0.7666093817235808
49.272,0.6544866928271573
49.28,0.5477334041884535
49.288000000000004,0.44616815313449704
49.296,0.3493615587101358
49.304,0.2567015565711633
49.312,0.16746353670630904
49.32,0.0808825090875497
49.328,-0.0037752113671216084
49.336,-0.08714318026889907
49.344,-0.16969129797111845
49.352000000000004,-0.25167022866597366
49.36,-0.3330666548758347
49.368,-0.413572391353244
49.376,-0.49257026955190303
49.384,-0.5691392548806811
49.392,-0.6420804441797557
49.4,-0.7099644397560262
49.408,-0.7711991894982825
49.416000000000004,-0.8241158410947338
49.424,-0.8670686306945014
49.432,-0.8985434722865064
49.44,-0.917268886637008
49.448,-0.92232233663366
49.456,-0.9132250071110073
49.464,-0.8900186107894211
49.472,-0.8533188722571826
49.480000000000004,-0.8043418131340445
49.488,-0.7449006436607988
49.496,-0.6773727467250049
49.504,-0.6046377420904445
49.512,-0.5299888456122112
49.52,-0.4570206917661097
49.528,-0.38949754201227155
49.536,-0.33120645306734214
49.544000000000004,-0.2858005968667695
49.552,-0.2566385203062454
49.56,-0.24662566442829134
49.568,-0.25806485157632253
49.576,-0.2925226092543623
49.584,-0.3507180577479193
49.592,-0.4324405955205211
49.6,-0.5365017508868857
49.608000000000004,-0.6607253391935093
49.616,-0.8019785102576537
49.624,-0.9562444582087595
49.632,-1.1187355880224756
49.64,-1.28404390431639
49.648,-1.4463234377403968
49.656,-1.5994977865570272
49.664,-1.7374844496842412
49.672000000000004,-1.8544266599690815
49.68,-1.944922951178922
49.688,-2.0042447244790793
49.696,-2.0285325971109502
49.704,-2.014963266585903
49.712,-1.9618799390733936
49.72,-1.8688809706543135
49.728,-1.7368631659740665
49.736000000000004,-1.5680180737312115
49.744,-1.3657815091387147
49.752,-1.134738316912619
49.76,-0.8804859755519964
49.768,-0.6094619791308173
49.776,-0.32874101007685347
49.784,-0.045808778362513874
49.792,0.23167988164952577
49.800000000000004,0.49615044253769874
49.808,0.7403569046825778
49.816,0.9576197257980458
49.824,1.1420443613938687
49.832,1.2887117760214493
49.84,1.393833309054031
49.848,1.4548638601223443
49.856,1.470569383167734
49.864000000000004,1.4410469528410113
49.872,1.3676979710213046
49.88,1.2531572059886151
49.888,1.1011821377279685
49.896,0.9165084208504958
49.904,0.7046781526821567
49.912,0.4718481121371492
49.92,0.22458534168000385
49.928000000000004,-0.030342480222047195
49.936,-0.2861743990167696
49.944,-0.5363538350985776
49.952,-0.7747093185490928
49.96,-0.9956117205951028
49.968,-1.1941025486941839
49.976,-1.3659895724667905
49.984,-1.5079081361083884
49.992000000000004,-1.6173486998390807
50.0,-1.6926531161014424
50.008,-1.7329836385849755
50.016,-1.7382695779268393
50.024,-1.7091368924730934
50.032000000000004,-1.6468259583702438
50.04,-1.5531024384199623
50.048,-1.4301656645195282
50.056000000000004,-1.2805583143646677
50.064,-1.1070804189153383
50.072,-0.9127099052940191
50.08,-0.7005310108696919
50.088,-0.473671081578824
50.096000000000004,-0.23524559163368536
50.104,0.011689214658763257
50.112,0.2641767937738931
50.120000000000005,0.5193944416408963
50.128,0.7746812024185599
50.136,1.0275590271078032
50.144,1.2757460302335146
50.152,1.5171602508596438
50.160000000000004,1.7499122656962947
50.168,1.9722854595614827
50.176,2.1827037535898675
50.184,2.3796880166276435
50.192,2.5618040257760564
50.2,2.7276064301789806
50.208,2.875584446763788
50.216,3.004115769134709
50.224000000000004,3.111435270411258
50.232,3.195624485063224
50.24,3.254626610915533
50.248,3.286290008425756
50.256,3.2884410745104584
50.264,3.2589851333749906
50.272,3.1960317896099424
50.28,3.098039145172192
50.288000000000004,2.9639694543090354
50.296,2.79344722373477
50.304,2.586909535114605
50.312,2.3457376112839103
50.32,2.072358555976426
50.328,1.7703069512630096
50.336,1.4442376899918214
50.344,1.0998839909829885
50.352000000000004,0.7439577678714092
50.36,0.38399306562028734
50.368,0.028136797294479904
50.376,-0.3151057591486736
50.384,-0.6371604581652454
50.392,-0.9296962455188775
50.4,-1.184945297796238
50.408,-1.3960159415504638
50.416000000000004,-1.557182625537954
50.424,-1.664137883378718
50.432,-1.7141929984915627
50.44,-1.7064169097736508
50.448,-1.6417064901082894
50.456,-1.5227852298879667
50.464,-1.354131065903451
50.472,-1.1418372376333465
50.480000000000004,-0.8934124839396225
50.488,-0.6175287004217548
50.496,-0.3237255810809187
50.504,-0.022082979312531267
50.512,0.27712716394442877
50.52,0.5637965201102413
50.528,0.828330257604978
50.536,1.0619775299936138
50.544000000000004,1.257129473713579
50.552,1.4075727648458485
50.56,1.5086885286391094
50.568,1.5575886327402615
50.576,1.5531839999613397
50.584,1.4961824268746489
50.592,1.3890163752727547
50.6,1.23570419875477
50.608000000000004,1.0416511517663227
50.616,0.8133991678538521
50.624,0.5583366484157473
50.632,0.284381243463463
50.64,-0.0003502727174720232
50.648,-0.28787049402941567
50.656,-0.5706339853693704
50.664,-0.8418207115082638
50.672000000000004,-1.0955786118116637
50.68,-1.3272157699813296
50.688,-1.533335144128265
50.696,-1.711907565771461
50.704,-1.8622815213423307
50.712,-1.9851309402306352
50.72,-2.0823446978408024
50.728,-2.156863711201855
50.736000000000004,-2.2124733275136634
50.744,-2.253560215250942
50.752,-2.2848442398337796
50.76,-2.3110969130396595
50.768,-2.3368589489749856
50.776,-2.3661701243469744
50.784,-2.4023248011671456
50.792,-2.447665862969578
50.800000000000004,-2.503428258156387
50.808,-2.569640837535132
50.816,-2.645091937208936
50.824,-2.7273605698526073
50.832,-2.812911550989592
50.84,-2.8972496977872755
50.848,-2.975125512665253
50.856,-3.0407824671723245
50.864000000000004,-3.088234050964537
50.872,-3.1115571394651815
50.88,-3.105187098195096
50.888,-3.0641996335937365
50.896,-2.9845649741138915
50.904,-2.863361640061149
50.912,-2.6989397280095333
50.92,-2.49102696818687
50.928000000000004,-2.2407743664058297
50.936,-1.9507415991698895
50.944,-1.624825218029219
50.952,-1.2681350431983203
50.96,-0.8868259266688059
50.968,-0.487893424865242
50.976,-0.07894288667839515
50.984,0.33205798672305625
50.992000000000004,0.7370329804870198
51.0,1.1280479186622057
51.008,1.4975491755633836
51.016,1.8385826736834803
51.024,2.144987338652599
51.032000000000004,2.4115583913840895
51.04,2.634177107730806
51.048,2.8099047389692053
51.056000000000004,2.937039217324459
51.064,3.015134154520653
51.072,3.0449805329825383
51.08,3.0285523802790144
51.088,2.968918546581193
51.096000000000004,2.870123407881964
51.104,2.7370398855683784
51.112,2.575198683559159
51.120000000000005,2.3905982402409562
51.128,2.1895007072790964
51.136,1.978220333123259
51.144,1.7629118166096531
51.152,1.5493672267780074
51.160000000000004,1.3428306170929212
51.168,1.1478392149662957
51.176,0.9680989238217509
51.184000000000005,0.8063999182854452
51.192,0.6645755914294569
51.2,0.5435053592783016
51.208,0.44315917721948256
51.216,0.36267935422366554
51.224000000000004,0.30049355330300104
51.232,0.2544518240629546
51.24,0.22198009865885548
51.248,0.2002426706234147
51.256,0.1863065787172551
51.264,0.1773013396231173
51.272,0.17056796786261003
51.28,0.16379162867602404
51.288000000000004,0.15511262252698935
51.296,0.14321080682726556
51.304,0.12735917636742133
51.312,0.10744331499645861
51.32,0.08394492903981976
51.328,0.05788971540878182
51.336,0.030762289452862277
51.344,0.0043935082458840865
51.352000000000004,-0.019172149917461776
51.36,-0.037819892137997996
51.368,-0.04950879210907705
51.376,-0.052407599770846386
51.384,-0.045014433769583945
51.392,-0.026254677000230243
51.4,0.004446397098573029
51.408,0.047117745947558604
51.416000000000004,0.10122334140959259
51.424,0.16566846494339305
51.432,0.2388297487591316
51.44,0.31860690743603304
51.448,0.4024939766643584
51.456,0.4876677465868686
51.464,0.5710908204490904
51.472,0.6496262886418036
51.480000000000004,0.7201604108999665
51.488,0.7797290421188217
51.496,0.8256429494036539
51.504,0.8556067689755623
51.512,0.8678262213507231
51.52,0.8610983761849034
51.528,0.8348802368686009
51.536,0.7893316907716973
51.544000000000004,0.7253299369320371
51.552,0.6444538479520684
51.56,0.548938308242749
51.568,0.44160030064976263
51.576,0.3257402197327635
51.584,0.20502334985745949
51.592,0.08334743737060613
51.6,-0.035297340322614466
51.608000000000004,-0.14696996735217024
51.616,-0.2479164722560417
51.624,-0.33469987888453173
51.632,-0.4043190722766969
51.64,-0.45431429976717874
51.648,-0.48285757705476395
51.656,-0.48882646604717583
51.664,-0.47185959577838277
51.672000000000004,-0.4323920368270351
51.68,-0.3716683826251405
51.688,-0.29173131620220893
51.696,-0.19538369543350018
51.704,-0.08612285147161772
51.712,0.03195314870163087
51.72,0.15426617008342547
51.728,0.2759029997487114
51.736000000000004,0.39178056602143563
51.744,0.4968259735582833
51.752,0.5861648972631073
51.76,0.6553111749156768
51.768,0.7003500924240883
51.776,0.7181078376743122
51.784,0.7062998486375793
51.792,0.6636512331492115
51.800000000000004,0.5899830529575246
51.808,0.48625905476485626
51.816,0.3545884586379921
51.824,0.19818176871636722
51.832,0.02125832920994736
51.84,-0.1710934638391244
51.848,-0.3730998175201497
51.856,-0.5785227771136032
51.864000000000004,-0.780909930977633
51.872,-0.9738609454372975
51.88,-1.1512974120057666
51.888,-1.3077216028327687
51.896,-1.4384500619547178
51.904,-1.539809535255464
51.912,-1.6092853511157994
51.92,-1.6456156091055005
51.928000000000004,-1.648827948989581
51.936,-1.6202188573752603
51.944,-1.5622781859943995
51.952,-1.4785637429776937
51.96,-1.37353254219021
51.968,-1.2523366680031403
51.976,-1.1205928255906512
51.984,-0.9841355385513344
51.992000000000004,-0.8487646093177178
52.0,-0.7199978139923704
52.008,-0.6028397776604811
52.016,-0.5015774791715768
52.024,-0.4196117942213963
52.032000000000004,-0.3593328747191377
52.04,-0.3220450176265071
52.048,-0.3079441046811871
52.056000000000004,-0.3161478623101614
52.064,-0.34477630302667833
52.072,-0.39107698305711935
52.08,-0.4515873532154304
52.088,-0.5223246666573883
52.096000000000004,-0.5989927601022255
52.104,-0.6771945954322236
52.112,-0.7526397107041168
52.120000000000005,-0.8213365924666847
52.128,-0.87976131356518
52.136,-0.9249954401448283
52.144,-0.9548280676479378
52.152,-0.9678187893434427
52.160000000000004,-0.9633203457777008
52.168,-0.9414615812931697
52.176,-0.9030930902405365
52.184000000000005,-0.8496995269953213
52.192,-0.7832839437095948
52.2,-0.7062306747244568
52.208,-0.6211541744227458
52.216,-0.5307418035896444
52.224000000000004,-0.4375988162288381
52.232,-0.34410369478825686
52.24,-0.25228149275667944
52.248,-0.16370195615012595
52.256,-0.0794079155637223
52.264,0.00012219544287711027
52.272,0.07497575725230533
52.28,0.14577146425775603
52.288000000000004,0.21359117082714277
52.296,0.2798823394609071
52.304,0.3463370789237791
52.312,0.4147551119367905
52.32,0.4868988973796903
52.328,0.5643494979800128
52.336,0.6483716129848368
52.344,0.7397955033138542
52.352000000000004,0.8389223773070235
52.36,0.9454582689932975
52.368,1.0584796552889093
52.376,1.1764321809481437
52.384,1.2971620585652361
52.392,1.4179781330693255
52.4,1.5357413384486596
52.408,1.6469773450469005
52.416000000000004,1.7480075448971726
52.424,1.8350930620726826
52.432,1.9045861324141047
52.44,1.9530829543427182
52.448,1.9775720138262916
52.456,1.9755720093977969
52.464,1.9452539092182923
52.472,1.885542364853972
52.480000000000004,1.7961926177665883
52.488,1.6778400497863872
52.496,1.5320205355414838
52.504,1.361160689635147
52.512,1.1685379695046267
52.52,0.9582114511276842
52.528,0.73492499608191
52.536,0.5039854845191398
52.544000000000004,0.2711197376664848
52.552,0.04231457892146915
52.56,-0.17635493706433558
52.568,-0.37890383178628695
52.576,-0.559616781860053
52.584,-0.713223935759111
52.592,-0.8350682365232289
52.6,-0.9212597879101134
52.608000000000004,-0.9688130026730433
52.616,-0.9757624440351351
52.624,-0.9412534996435687
52.632,-0.8656043955198869
52.64,-0.7503366115744394
52.648,-0.5981714943173264
52.656,-0.412991732019113
52.664,-0.19976730703814896
52.672000000000004,0.035553472542677184
52.68,0.2861862519617107
52.688,0.5446835807523014
52.696,0.8031348455748204
52.704,1.0533884345726876
52.712,1.2872903505384556
52.72,1.4969325423999322
52.728,1.6749034267200167
52.736000000000004,1.814532484274174
52.744,1.9101204897584534
52.752,1.957146898449833
52.76,1.952446192296593
52.768,1.8943455902476032
52.776,1.7827574577344827
52.784,1.6192210062662455
52.792,1.406889447808148
52.800000000000004,1.150460643780048
52.808,0.8560514369444894
52.816,0.531018226483374
52.824,0.1837288551324779
52.832,-0.17670661848509414
52.84,-0.5407363882209308
52.848,-0.8986868739346154
52.856,-1.241089266431884
52.864000000000004,-1.5589993220706317
52.872,-1.8442975293590178
52.88,-2.0899579351437585
52.888,-2.290275602265804
52.896,-2.4410446514636313
52.904,-2.5396809421273963
52.912,-2.5852855731952644
52.92,-2.578647511423428
52.928000000000004,-2.522185786507957
52.936,-2.4198338289730157
52.944,-2.2768706307393938
52.952,-2.0997054065540017
52.96,-1.8956242316797554
52.968,-1.672508629751039
52.976,-1.4385371996945273
52.984,-1.2018820378341675
52.992000000000004,-0.9704118891615812
53.0,-0.7514136312913786
53.008,-0.5513428596073284
53.016,-0.3756130307082452
53.024,-0.22843088921950694
53.032000000000004,-0.11268383640896303
53.04,-0.02988261275735405
53.048,0.019839705363295948
53.056000000000004,0.03767371875321497
53.064,0.02602821804621876
53.072,-0.011621375273390558
53.08,-0.0709235256019829
53.088,-0.14687151293724438
53.096000000000004,-0.234045055335161
53.104,-0.3268620090287716
53.112,-0.41982897574020334
53.120000000000005,-0.5077795150092654
53.128,-0.5860890416514427
53.136,-0.6508564589265423
53.144,-0.6990441745977629
53.152,-0.728570352315428
53.160000000000004,-0.7383499726007029
53.168,-0.7282843366244426
53.176,-0.6992017808443649
53.184000000000005,-0.6527552729293786
53.192,-0.5912849328359553
53.2,-0.5176551469567615
53.208,-0.4350767159514041
53.216,-0.34692442133843565
53.224000000000004,-0.256559635528887
53.232,-0.16716631850211255
53.24,-0.08160714799437153
53.248000000000005,-0.0023048174582187392
53.256,0.06884812698510427
53.264,0.1305490410242772
53.272,0.18211395320498933
53.28,0.22347588149583272
53.288000000000004,0.25515419079109847
53.296,0.2781973717284068
53.304,0.29410245242028377
53.312,0.30471502035771936
53.32,0.312114491057677
53.328,0.3184897677447947
53.336,0.32601076624267067
53.344,0.33670143323099705
53.352000000000004,0.352319884137038
53.36,0.374251143936757
53.368,0.40341767679695384
53.376,0.44021239063248174
53.384,0.48445803434467344
53.392,0.5353958215486512
53.4,0.5917047250385623
53.408,0.6515512776455641
53.416000000000004,0.7126680378539394
53.424,0.7724573055610124
53.432,0.8281153500263132
53.44,0.876771420265243
53.448,0.9156351594684803
53.456,0.942145700643933
53.464,0.9541156238591669
53.472,0.9498630598859952
53.480000000000004,0.9283255098377751
53.488,0.8891494229033491
53.496,0.8327502658558107
53.504,0.7603387754135972
53.512,0.673910355183932
53.52,0.5761961871723403
53.528,0.470576546013975
53.536,0.36095893081565794
53.544000000000004,0.2516257897556157
53.552,0.14705858545300557
53.56,0.051746515325070644
53.568,-0.030010808817368163
53.576,-0.0942970925542324
53.584,-0.13776021173288625
53.592,-0.15777181741528887
53.6,-0.15255868055626215
53.608000000000004,-0.12130036766634346
53.616,-0.06418949201251435
53.624,0.017547673977069522
53.632,0.12167109386652714
53.64,0.24498707193035454
53.648,0.3834471810692756
53.656,0.5322834863326211
53.664,0.6861762474379276
53.672000000000004,0.8394488378518339
53.68,0.9862831034096661
53.688,1.1209469583083589
53.696,1.238024862238245
53.704,1.3326411008953323
53.712,1.4006656175729064
53.72,1.4388925729566884
53.728,1.4451828424106652
53.736000000000004,1.4185632392590124
53.744,1.3592772761279708
53.752,1.2687846067874702
53.76,1.1497087721380914
53.768,1.005735348369075
53.776,0.8414649174930524
53.784,0.6622273282699687
53.792,0.47386539895761365
53.800000000000004,0.2824974805160463
53.808,0.09426913552518101
53.816,-0.08489539342938497
53.824,-0.24953123249448006
53.832,-0.39485012281653037
53.84,-0.5169273303394081
53.848,-0.6128499148935022
53.856,-0.680819747038664
53.864000000000004,-0.7202067888206859
53.872,-0.7315506214258568
53.88,-0.7165108474337794
53.888,-0.6777696171974
53.896,-0.6188919246657576
53.904,-0.5441513149898322
53.912,-0.4583301213646561
53.92,-0.36650423409355
53.928000000000004,-0.2738226866534055
53.936,-0.18529205523736092
53.944,-0.10557488247998294
53.952,-0.03881015130935159
53.96,0.011537640972793719
53.968,0.042795922722214275
53.976,0.05316487995596568
53.984,0.04176034208046654
53.992000000000004,0.008619110388289464
54.0,-0.045331294890444324
54.008,-0.1183351379627059
54.016,-0.20789885075911502
54.024,-0.31090425460844084
54.032000000000004,-0.42373927318367477
54.04,-0.5424407818659516
54.048,-0.6628444139339297
54.056000000000004,-0.7807363806440182
54.064,-0.8920025787775587
54.072,-0.9927704439056544
54.08,-1.0795392158411112
54.088,-1.1492946028699977
54.096000000000004,-1.199604337122778
54.104,-1.2286918270321794
54.112,-1.2354859946772323
54.120000000000005,-1.2196463516056852
54.128,-1.1815633187350814
54.136,-1.1223346522298536
54.144,-1.0437195483997144
54.152,-0.9480725535163507
54.160000000000004,-0.838259818094058
54.168,-0.7175605529532448
54.176,-0.5895568214973553
54.184000000000005,-0.4580150870372474
54.192,-0.3267632422704121
54.2,-0.19956714599998393
54.208,-0.08001089380782833
54.216,0.02861495797528425
54.224000000000004,0.12341330506734412
54.232,0.20196527274705847
54.24,0.2623974885682238
54.248000000000005,0.3034305067770777
54.256,0.324408015705176
54.264,0.32530722853238053
54.272,0.3067313280974735
54.28,0.2698849934988454
54.288000000000004,0.21653394253823538
54.296,0.14894920575576123
54.304,0.06983667338126087
54.312,-0.01774749748137458
54.32,-0.11049462823500683
54.328,-0.20495264214877432
54.336,-0.29764371808213896
54.344,-0.3851864925577783
54.352000000000004,-0.46441790965624963
54.36,-0.5325093442039314
54.368,-0.5870716881168618
54.376,-0.6262446244664807
54.384,-0.648766133356112
54.392,-0.6540191668928219
54.4,-0.6420532517239282
54.408,-0.6135794947247026
54.416000000000004,-0.5699381535053989
54.424,-0.5130387173616187
54.432,-0.445273451065112
54.44,-0.3694066570564705
54.448,-0.2884435029835336
54.456,-0.20548403205918875
54.464,-0.12356970592569491
54.472,-0.045531215278568515
54.480000000000004,0.02615300678240452
54.488,0.08947838736737783
54.496,0.14300804279326046
54.504,0.18593311278658203
54.512,0.21809654554755586
54.52,0.23997997217898542
54.528,0.2526556257653896
54.536,0.25770699640806694
54.544000000000004,0.25712309235018616
54.552,0.25317197962164023
54.56,0.2482599089050403
54.568,0.24478293452614527
54.576,0.24497847741388618
54.584,0.2507846591464766
54.592,0.26371526883847707
54.6,0.2847577736706201
54.608000000000004,0.31430077188415695
54.616,0.3520957233345597
54.624,0.39725576642867805
54.632,0.44829209685811827
54.64,0.5031859456777176
54.648,0.5594918756305588
54.656,0.6144661260128172
54.664,0.6652122423056622
54.672000000000004,0.708835324185225
54.68,0.7425959413950207
54.688,0.7640550726741815
54.696,0.7712022549959671
54.704,0.7625604070452614
54.712,0.7372624183636847
54.72,0.6950964649428917
54.728,0.6365189929053844
54.736000000000004,0.5626362518156126
54.744,0.47515699544299
54.752,0.37632035360052224
54.76,0.268803815335128
54.768,0.1556167249558317
54.776,0.03998472757434712
54.784,-0.07476968540269686
54.792,-0.18534586362592398
54.800000000000004,-0.2885788209098944
54.808,-0.3815446783299857
54.816,-0.46165476637669395
54.824,-0.5267359462307822
54.832,-0.5750952091684541
54.84,-0.605567110187822
54.848,-0.6175431052984947
54.856,-0.6109823965606972
54.864000000000004,-0.5864044279044677
54.872,-0.544863678354446
54.88,-0.487907818104519
54.888,-0.4175205927163873
54.896,-0.3360509888564842
54.904,-0.24613037188465606
54.912,-0.1505794700473627
54.92,-0.0523074090043524
54.928000000000004,0.045794479465196734
54.936,0.14096067592018338
54.944,0.2306572095458934
54.952,0.31268042336011015
54.96,0.38524379492575545
54.968,0.4470479659976667
54.976,0.4973297177045704
54.984,0.5358866390682546
54.992000000000004,0.5630755852442942
55.0,0.5797845708999585
55.008,0.5873793294884555
55.016,0.5876272236904232
55.024,0.5826023741641788
55.032000000000004,0.5745766914355561
55.04,0.565901920577824
55.048,0.5588878713096826
55.056000000000004,0.5556817830325389
55.064,0.5581533662639774
55.072,0.5677895767671496
55.08,0.5856027129663
55.088,0.612055047381302
55.096000000000004,0.6470029286805489
55.104,0.6896630889753151
55.112,0.7386036821878845
55.120000000000005,0.7917622612535478
55.128,0.8464923761868451
55.136,0.8996396706232253
55.144,0.9476472418604618
55.152,0.9866886273977605
55.160000000000004,1.0128251581728136
55.168,1.022182690390231
55.176,1.0111410447967248
55.184000000000005,0.9765280105202262
55.192,0.9158086658144755
55.2,0.8272601529072161
55.208,0.7101219956528184
55.216,0.5647125966635466
55.224000000000004,0.3925036834151211
55.232,0.1961461450313552
55.24,-0.020557160457392747
55.248000000000005,-0.2527335428122545
55.256,-0.4945767218045644
55.264,-0.7395334766958338
55.272,-0.9805341930009582
55.28,-1.2102581959930403
55.288000000000004,-1.421422533113714
55.296,-1.6070811647848018
55.304,-1.7609204754707852
55.312,-1.8775367222615311
55.32,-1.9526815495860474
55.328,-1.9834630119818162
55.336,-1.9684915959438745
55.344,-1.9079633929959199
55.352000000000004,-1.80367568248799
55.36,-1.6589735440219782
55.368,-1.4786295400691114
55.376,-1.2686618002709762
55.384,-1.0360988250947827
55.392,-0.7887018516056253
55.4,-0.5346575553950473
55.408,-0.2822550988701468
55.416000000000004,-0.03956201927745798
55.424,0.18588682090809233
55.432,0.3873739593468196
55.44,0.5592460019829575
55.448,0.6971124448343154
55.456,0.7979890744471949
55.464,0.8603807569863483
55.472,0.8843009396218712
55.480000000000004,0.8712278245162247
55.488,0.8239999184985084
55.496,0.7466564338788447
55.504,0.644230659345082
55.512,0.5225067139758365
55.52,0.3877518146727945
55.528,0.24643715788433765
55.536,0.10496067141713888
55.544000000000004,-0.03061573098848258
55.552,-0.15480304474558698
55.56,-0.2628866667648073
55.568,-0.35108508553545137
55.576,-0.41666074323035385
55.584,-0.4579805153228161
55.592,-0.47452570079228734
55.6,-0.46685371423601474
55.608000000000004,-0.43651569486231123
55.616,-0.38593589133703676
55.624,-0.31825988757597384
55.632,-0.2371795105887621
55.64,-0.14674267767615817
55.648,-0.0511565974367216
55.656,0.045407282137241003
55.664,0.1389983685980321
55.672000000000004,0.22605425967319626
55.68,0.30354325012055866
55.688,0.36907609594660684
55.696,0.42098269459499005
55.704,0.45835122523254396
55.712,0.48102929184266346
55.72,0.4895884995069052
55.728,0.48525549699078774
55.736000000000004,0.4698137605509294
55.744,0.4454812987001333
55.752,0.41477011126311736
55.76,0.38033373219703986
55.768,0.34480958332192274
55.776,0.3106631711907002
55.784,0.2800413279952538
55.792,0.2546416508922117
55.800000000000004,0.23560493724170825
55.808,0.22343665605543894
55.816,0.21796228132798856
55.824,0.21831964652594163
55.832,0.22298945002418447
55.84,0.22986281774890988
55.848,0.2363426310157603
55.856,0.239473376369172
55.864000000000004,0.23609274868279026
55.872,0.2229972467740616
55.88,0.19711357455374126
55.888,0.15566776726608642
55.896,0.09634451963543368
55.904,0.01743008594671161
55.912,-0.08206677989965676
55.92,-0.2023202033500284
55.928000000000004,-0.34262210952630057
55.936,-0.5013488860291425
55.944,-0.6759611211209997
55.952,-0.8630370253038457
55.96,-1.0583395039037458
55.968,-1.2569161921311405
55.976,-1.4532309750040364
55.984,-1.641324500685917
55.992000000000004,-1.8149999381263942
56.0,-1.9680288106324724
56.008,-2.094370328904941
56.016,-2.188396460555957
56.024,-2.2451141824387792
56.032000000000004,-2.2603760467724183
56.04,-2.2310703232465596
56.048,-2.1552824576998706
56.056000000000004,-2.0324203114658377
56.064,-1.8632965695974786
56.072,-1.6501628644913646
56.08,-1.3966916360070434
56.088,-1.1079036080968294
56.096000000000004,-0.7900409984163586
56.104,-0.4503890833024756
56.112,-0.09705132814558393
56.120000000000005,0.2613142474178515
56.128,0.615787639047591
56.136,0.9574967661048216
56.144,1.2779317912462083
56.152,1.569250056860528
56.160000000000004,1.8245575271552625
56.168,2.038153020812335
56.176,2.2057228310698944
56.184000000000005,2.324475701015725
56.192,2.393211518518627
56.2,2.4123212391046276
56.208,2.3837199419322013
56.216,2.310718994010644
56.224000000000004,2.1978465524936053
56.232,2.05062781615166
56.24,1.8753375536219157
56.248000000000005,1.6787376884095793
56.256,1.4678123638096057
56.264,1.2495121290314024
56.272,1.0305177411420448
56.28,0.8170325351411626
56.288000000000004,0.6146103408746338
56.296,0.42802356518734547
56.304,0.26117347259872903
56.312000000000005,0.11704214023583444
56.32,-0.0023166962536652668
56.328,-0.0957524378440576
56.336,-0.16296372409730436
56.344,-0.2044220319636453
56.352000000000004,-0.22127896097168326
56.36,-0.21526299067899538
56.368,-0.18857081467589032
56.376,-0.14375751108578236
56.384,-0.08362890835648852
56.392,-0.011138650232331397
56.4,0.07070824385259622
56.408,0.15894400001160544
56.416000000000004,0.2507177605555623
56.424,0.3433650991567288
56.432,0.43446594091889723
56.44,0.5218892202506742
56.448,0.6038225791014279
56.456,0.6787857213318386
56.464,0.7456267460018418
56.472,0.803501820556725
56.480000000000004,0.8518397731864954
56.488,0.8902943928010331
56.496,0.918688248969001
56.504,0.9369525528953396
56.512,0.9450679018264837
56.52,0.943010665773797
56.528,0.9307093157867793
56.536,0.9080142206461748
56.544000000000004,0.8746834371959484
56.552,0.8303858731377287
56.56,0.7747219780363804
56.568,0.7072608630403115
56.576,0.6275914940084795
56.584,0.5353843916491449
56.592,0.4304591937929987
56.6,0.3128526300773742
56.608000000000004,0.1828810980972624
56.616,0.04119225281866733
56.624,-0.11119913127428749
56.632,-0.2728943953065941
56.64,-0.4421150382849
56.648,-0.6167276203716442
56.656,-0.7942881836494747
56.664,-0.9721038425662406
56.672000000000004,-1.1473085748573866
56.68,-1.3169498887566748
56.688,-1.478082806346637
56.696,-1.6278673795353402
56.704,-1.7636657156133853
56.712,-1.8831342773553876
56.72,-1.9843071219058928
56.728,-2.0656658395574716
56.736000000000004,-2.126192310702462
56.744,-2.1654010443123823
56.752,-2.183348785020745
56.76,-2.180620234816615
56.768,-2.1582900568080463
56.776,-2.1178627182360685
56.784,-2.061193082769179
56.792,-1.9903918737213742
56.800000000000004,-1.9077211062532047
56.808,-1.8154852503322572
56.816,-1.7159241793088953
56.824,-1.611113844895399
56.832,-1.5028800859942213
56.84,-1.392730045243844
56.848,-1.28180439503557
56.856,-1.1708520801604785
56.864000000000004,-1.0602277388344683
56.872,-0.9499105730129962
56.88,-0.8395423920216818
56.888,-0.7284819598273986
56.896,-0.6158726164753491
56.904,-0.5007202680041192
56.912,-0.38197901894269987
56.92,-0.2586417428314144
56.928000000000004,-0.129832632694184
56.936,0.00510173294023027
56.944,0.1465068890175498
56.952,0.2943451494904607
56.96,0.4481352679079406
56.968,0.6069117114156468
56.976,0.7692074560038246
56.984,0.9330630218774727
56.992000000000004,1.09606290277451
57.0,1.2553987709343397
57.008,1.4079570688159406
57.016,1.5504270366619455
57.024,1.6794240324722423
57.032000000000004,1.7916222614117099
57.04,1.883890745247099
57.048,1.9534264635119836
57.056000000000004,1.9978789853014272
57.064,2.015461475249543
57.072,2.0050436049497757
57.08,1.9662225677814802
57.088,1.899369059547401
57.096000000000004,1.805645776122564
57.104,1.6869967573437419
57.112,1.5461068486648741
57.120000000000005,1.3863317042233083
57.128,1.2116000990599083
57.136,1.0262917621302565
57.144,0.8350953371621284
57.152,0.6428522598264946
57.160000000000004,0.45439316566490245
57.168,0.2743738247026469
57.176,0.10711750987181058
57.184000000000005,-0.04352981701509227
57.192,-0.1743259873385352
57.2,-0.2827363498011451
57.208,-0.3670114771713629
57.216,-0.42623672008387203
57.224000000000004,-0.46035248711108745
57.232,-0.4701450405442637
57.24,-0.45720846336942567
57.248000000000005,-0.4238793445471322
57.256,-0.37314666872854557
57.264,-0.3085403206199075
57.272,-0.23400238744722385
57.28,-0.15374591620807382
57.288000000000004,-0.07210587646129725
57.296,0.006613154136113865
57.304,0.07828844439012766
57.312000000000005,0.13912585558525442
57.32,0.1857980456165668
57.328,0.2155700111730177
57.336,0.22640741043240004
57.344,0.21706279338262066
57.352000000000004,0.18713495246892187
57.36,0.13709726324105817
57.368,0.06829211613257993
57.376,-0.017109802223800864
57.384,-0.1161847667762064
57.392,-0.2253633797484419
57.4,-0.340565997014382
57.408,-0.45736085100084917
57.416000000000004,-0.5711385219175521
57.424,-0.6772957549453128
57.432,-0.7714212777491494
57.44,-0.8494762161533093
57.448,-0.9079619100564312
57.456,-0.9440683694060508
57.464,-0.9557972532965415
57.472,-0.9420540773588899
57.480000000000004,-0.9027053340048705
57.488,-0.8385973342740007
57.496,-0.7515348471780394
57.504,-0.6442190278273286
57.512,-0.5201456921195088
57.52,-0.3834667009378213
57.528,-0.23881902142610467
57.536,-0.09112786391992687
57.544000000000004,0.05460795934266227
57.552,0.19353878987291687
57.56,0.3211842177759714
57.568,0.433639223308946
57.576,0.5277553089561322
57.584,0.6012866336431126
57.592,0.652993009635076
57.6,0.68269406277317
57.608000000000004,0.6912716005792346
57.616,0.6806199814212262
57.624,0.653546813285016
57.632,0.6136285480931735
57.64,0.5650275108262586
57.648,0.5122786898275146
57.656,0.46005624399099637
57.664,0.41293107168627485
57.672000000000004,0.37513174585544795
57.68,0.3503214190264125
57.688,0.34140276152718574
57.696,0.35036156025744974
57.704,0.3781573640562996
57.712,0.4246667215568631
57.72,0.4886813841157558
57.728,0.5679606094959327
57.736000000000004,0.6593336410673081
57.744,0.7588457511551805
57.752,0.8619390860905195
57.76,0.9636580600006792
57.768,1.0588683012863398
57.776,1.1424781932064838
57.784,1.2096528256329753
57.792,1.25601155501799
57.800000000000004,1.2778021350100044
57.808,1.272046265701323
57.816,1.2366531685842654
57.824,1.1704992647580648
57.832,1.0734731733043836
57.84,0.9464861193244729
57.848,0.791448563575122
57.856,0.6112145399067275
57.864000000000004,0.4094958546932784
57.872,0.19074894289923172
57.88,-0.03996226034168636
57.888,-0.27712361131820057
57.896,-0.5149439990755912
57.904,-0.7475399183083226
57.912,-0.9691262501165381
57.92,-1.1742074922324808
57.928000000000004,-1.3577629945035117
57.936,-1.515419201182577
57.944,-1.6436017087214665
57.952,-1.7396603036985883
57.96,-1.801961117596817
57.968,-1.8299415430754367
57.976,-1.8241254057185898
57.984,-1.7860978415631308
57.992000000000004,-1.718441195139118
58.0,-1.6246349045145645
58.008,-1.5089237343430755
58.016,-1.376159853160672
58.024,-1.23162512777269
58.032000000000004,-1.0808406060582685
58.04,-0.9293704455968188
58.048,-0.7826274973751305
58.056000000000004,-0.6456873934115704
58.064,-0.5231173933761168
58.072,-0.41882553438240666
58.08,-0.33593490288595323
58.088,-0.2766871389240739
58.096000000000004,-0.24237851858274273
58.104,-0.2333309902622047
58.112,-0.24889921883945423
58.120000000000005,-0.2875129860886373
58.128,-0.3467523569656785
58.136,-0.4234511726659192
58.144,-0.5138230604387984
58.152,-0.6136035511486942
58.160000000000004,-0.71820213819626
58.168,-0.8228590044343181
58.176,-0.9228023102780644
58.184000000000005,-1.0134029604686907
58.192,-1.090324338871002
58.2,-1.1496644987310958
58.208,-1.188087791634316
58.216,-1.2029421271943914
58.224000000000004,-1.1923572682419776
58.232,-1.1553190861415965
58.24,-1.0917147843079134
58.248000000000005,-1.0023448953700038
58.256,-0.8888993634883923
58.264,-0.753897062923256
58.272,-0.6005903744141429
58.28,-0.4328386070503874
58.288000000000004,-0.25495585738751236
58.296,-0.07154023113734556
58.304,0.1127077464256811
58.312000000000005,0.29316912827498487
58.32,0.46548422071248435
58.328,0.6257151608189799
58.336,0.7704850083711393
58.344,0.8970859664269637
58.352000000000004,1.0035510695496819
58.36,1.088686066183449
58.368,1.1520610265406077
58.376,1.193964063896861
58.384,1.215322095650497
58.392,1.217595525291598
58.4,1.2026549876694208
58.408,1.1726488942209212
58.416000000000004,1.129870537973347
58.424,1.0766330627574583
58.432,1.0151597163779955
58.44,0.9474955055437685
58.448,0.8754446663561998
58.456,0.8005363227530532
58.464,0.7240184656645293
58.472,0.6468781523947281
58.480000000000004,0.5698838318258554
58.488,0.4936441607673842
58.496,0.4186767471599162
58.504,0.34548001292799374
58.512,0.274601796093242
58.52,0.2066992950223644
58.528,0.14258629745908113
58.536,0.08326507893571766
58.544000000000004,0.02994164895180641
58.552,-0.015976007357928226
58.56,-0.05289645008085836
58.568,-0.07907952490744816
58.576,-0.09268660161157836
58.584,-0.0918453474379755
58.592,-0.07472763450887614
58.6,-0.039638504259074725
58.608000000000004,0.014886755099626139
58.616,0.08998130669604358
58.624,0.18634600156497041
58.632,0.30415456608595254
58.64,0.4429704424868799
58.648,0.6016808239027468
58.656,0.7784527891988294
58.664,0.9707153805721008
58.672000000000004,1.1751700957032793
58.68,1.3878307480712637
58.688,1.6040921630958695
58.696,1.818825892020049
58.704,2.026500167884577
58.712,2.221320754773363
58.72,2.397389108834605
58.728,2.548874226271759
58.736000000000004,2.6701944732171636
58.744,2.7562053475558215
58.752,2.802388376002798
58.76,2.8050352212528105
58.768,2.7614197519693926
58.776,2.66994961864574
58.784,2.530288119514561
58.792,2.343437121860328
58.800000000000004,2.1117727103740456
58.808,1.8390271202893471
58.816,1.5302132950839953
58.824,1.1914918686919567
58.832,0.8299841797648275
58.84,0.4535386803023245
58.848,0.07046139456561443
58.856,-0.3107764369294049
58.864000000000004,-0.6818389797963647
58.872,-1.0348199146443446
58.88,-1.3625161707961013
58.888,-1.658669304592756
58.896,-1.918165066486
58.904,-2.137184474201211
58.912,-2.3133023589222237
58.92,-2.44553163239396
58.928000000000004,-2.534313379495975
58.936,-2.5814544338298737
58.944,-2.5900155519842167
58.952,-2.5641548422123255
58.96,-2.508932777132452
58.968,-2.430086828872422
58.976,-2.3337853016369463
58.984,-2.2263710641892267
58.992000000000004,-2.114106410423183
59.0,-2.0029300936718366
59.008,-1.8982366797372263
59.016,-1.8046868220855254
59.024,-1.7260550278918156
59.032000000000004,-1.6651191535113274
59.04,-1.6235934651057617
59.048,-1.602104841445282
59.056000000000004,-1.6002097632576504
59.064,-1.6164482527832607
59.072,-1.6484299568426315
59.08,-1.6929470935290887
59.088,-1.74610892414281
59.096000000000004,-1.8034926295959695
59.104,-1.860305799750547
59.112,-1.911556041109586
59.120000000000005,-1.9522233972380982
59.128,-1.9774313738462446
59.136,-1.9826124577358435
59.144,-1.9636642230666377
59.152,-1.9170924807192926
59.160000000000004,-1.8401383955606065
59.168,-1.7308869292705003
59.176,-1.5883541990082242
59.184000000000005,-1.4125512867993368
59.192,-1.2045217520447806
59.2,-0.9663498047379191
59.208,-0.7011360883361308
59.216,-0.41293856792891787
59.224000000000004,-0.10667725925444937
59.232,0.21199657390553361
59.24,0.5368637870515155
59.248000000000005,0.8613278441480589
59.256,1.1786247223426842
59.264,1.482042803583637
59.272,1.765142401799954
59.28,2.0219645941282307
59.288000000000004,2.247219979788885
59.296,2.4364497165250807
59.304,2.586153394666754
59.312000000000005,2.6938806609792945
59.32,2.7582856807153617
59.328,2.7791452927769913
59.336,2.757342947788263
59.344,2.694821215020437
59.352000000000004,2.5945058969095935
59.36,2.460204774572414
59.368,2.2964839406736446
59.376000000000005,2.1085247568132464
59.384,1.9019648191161398
59.392,1.6827269201355681
59.4,1.456840726865404
59.408,1.230262554210936
59.416000000000004,1.0086990150219515
59.424,0.7974403703391176
59.432,0.601209095193454
59.44,0.42402860725924874
59.448,0.26911639218847466
59.456,0.1388049799298467
59.464,0.03449339735833616
59.472,-0.04336919104699155
59.480000000000004,-0.095266990113568
59.488,-0.12256876711338746
59.496,-0.12744859789629548
59.504,-0.11277940141182981
59.512,-0.08200378408781635
59.52,-0.03898778042564877
59.528,0.01213621055583477
59.536,0.06713072800996885
59.544000000000004,0.12181244068330772
59.552,0.17220351277336046
59.56,0.21467033299591032
59.568,0.2460457481366424
59.576,0.263731736348782
59.584,0.26577997887193494
59.592,0.2509480818447175
59.6,0.21872944530745556
59.608000000000004,0.16935522009182266
59.616,0.10376762837922514
59.624,0.023565197238150988
59.632,-0.06907796009907372
59.64,-0.17151503504463955
59.648,-0.28074638490404263
59.656,-0.39355019041355016
59.664,-0.5066173264392472
59.672000000000004,-0.6166840165639548
59.68,-0.7206564690596027
59.688,-0.8157226476849182
59.696,-0.8994474499981865
59.704,-0.9698486878241939
59.712,-1.025452259923472
59.72,-1.0653257001805676
59.728,-1.089089864837576
59.736000000000004,-1.096908938074058
59.744,-1.0894592755507715
59.752,-1.0678779745526121
59.76,-1.0336925529655976
59.768,-0.988733804894708
59.776,-0.9350347981521512
59.784,-0.8747200443006126
59.792,-0.8098899918680158
59.800000000000004,-0.7425069963177677
59.808,-0.6742896078884577
59.816,-0.606622205877137
59.824,-0.5404865617753651
59.832,-0.4764207775253015
59.84,-0.4145092564626293
59.848,-0.3544050637774639
59.856,-0.2953834614289443
59.864000000000004,-0.23642287430840028
59.872,-0.17630739128951614
59.88,-0.11374339520396116
59.888,-0.04748218594301826
59.896,0.023559512365440127
59.904,0.10018863826305276
59.912,0.18284092610376845
59.92,0.27150730337276013
59.928000000000004,0.3656854445572072
59.936,0.4643590026767301
59.944,0.5660056325176135
59.952,0.6686334964068766
59.96,0.7698445612177611
59.968,0.866921744417548
59.976,0.9569359377049973
59.984,1.03686817813537
59.992000000000004,1.1037417310176527
60.0,1.1547585206669848
60.008,1.1874341029381201
60.016,1.199725166660106
60.024,1.1901434101838617
60.032000000000004,1.157849677660977
60.04,1.1027226134365564
60.048,1.0253969377163823
60.056000000000004,0.9272678218479712
60.064,0.8104597032715597
60.072,0.6777600860773035
60.08,0.5325212074769691
60.088,0.3785346570948883
60.096000000000004,0.21988585376120023
60.104,0.06079649027763306
60.112,-0.09453648623049378
60.120000000000005,-0.2420970925016277
60.128,-0.3781943955146846
60.136,-0.4995884813764599
60.144,-0.6035938230946009
60.152,-0.6881570224872022
60.160000000000004,-0.7519072158405311
60.168,-0.7941785990010819
60.176,-0.8150055951619936
60.184000000000005,-0.8150922025230724
60.192,-0.7957580180291787
60.2,-0.7588642844686396
60.208,-0.706723973211629
60.216,-0.642000330791219
60.224000000000004,-0.5675984668063884
60.232,-0.48655447617340797
60.24,-0.4019263332877784
60.248000000000005,-0.31669042829435934
60.256,-0.23364716498804794
60.264,-0.15533849879807407
60.272,-0.08397963910243474
60.28,-0.021406368843425824
60.288000000000004,0.03096141018206584
60.296,0.07214012017889165
60.304,0.10158783165238827
60.312000000000005,0.11919580290549514
60.32,0.1252677430712927
60.328,0.12048827519818948
60.336,0.10588196046601342
60.344,0.08276417822540169
60.352000000000004,0.05268522454147697
60.36,0.01736919965413182
60.368,-0.021350466285992742
60.376000000000005,-0.06159675411974761
60.384,-0.10151384805179652
60.392,-0.1393288161739095
60.4,-0.17340823139869027
60.408,-0.2023081157597796
60.416000000000004,-0.22481597174216383
60.424,-0.23998403458691328
60.432,-0.24715319632755578
60.44,-0.24596729565765968
60.448,-0.23637764227299377
60.456,-0.2186377776827014
60.464,-0.19328861018614246
60.472,-0.1611342456613324
60.480000000000004,-0.12320909892434752
60.488,-0.08073721465865358
60.496,-0.035085121600799386
60.504,0.012290065788195286
60.512,0.05989525907235144
60.52,0.10625647400558456
60.528,0.14997206743624739
60.536,0.18976191864560318
60.544000000000004,0.22451057475584008
60.552,0.25330272606915044
60.56,0.27544979830028454
60.568,0.2905069041546759
60.576,0.29827984983569306
60.584,0.2988223161780956
60.592,0.29242371591183386
60.6,0.2795885664071699
60.608000000000004,0.2610085147608824
60.616,0.23752841022254034
60.624,0.21010803066850803
60.632,0.1797812199017315
60.64,0.14761426259047256
60.648,0.11466529931284193
60.656,0.08194646101072756
60.664,0.05039018779763796
60.672000000000004,0.020820909603716044
60.68,-0.006067069558762148
60.688,-0.029724998219171423
60.696,-0.04975827931888253
60.704,-0.06592843159904092
60.712,-0.0781488675093211
60.72,-0.08647516109634125
60.728,-0.09109063873686149
60.736000000000004,-0.09228823340672569
60.744,-0.09044960736295851
60.752,-0.08602257526617106
60.76,-0.07949785301040982
60.768,-0.0713861167816191
60.776,-0.062196280982962385
60.784,-0.052415793049798834
60.792,-0.04249360169164795
