CF_R,CF_G,CF_B,LF_R,LF_G,LF_B,RF_R,RF_G,RF_B,LC_R,LC_G,LC_B,RC_R,RC_G,RC_B
134.2722,93.42716,76.47198,145.27293,122.90056,112.05488,90.46444,63.22283,53.10271,173.3761,134.58067,117.92709,135.3843,90.6977,71.945244
135.30931,93.586426,75.480705,145.27681,123.28329,113.43764,91.21391,62.868927,54.52581,172.62988,134.86926,116.7407,136.31686,91.84072,72.72691
135.15395,93.41111,76.12321,145.84264,123.57677,113.3979,89.97552,63.40332,53.419018,172.91357,133.84927,117.79069,136.37207,91.43626,72.70514
134.69585,94.12003,76.32868,145.7724,123.93323,112.93162,89.20146,61.771725,52.099754,171.82008,133.18753,115.72665,136.18906,92.067825,72.572845
46.037937,27.4298,22.203056,56.46429,43.93604,39.735825,27.97838,17.377352,15.777388,71.10442,48.905716,42.81854,45.18722,26.073654,21.756142
46.44082,27.497688,22.535025,56.214855,44.07914,39.711197,27.879782,17.727097,15.999142,71.84719,49.467297,44.216152,45.824852,26.366167,21.184404
46.18965,27.72977,22.47316,56.23415,44.317192,39.652237,28.382587,17.721027,16.065018,72.64206,50.671295,44.66315,45.88371,26.20549,21.071663
47.28655,27.990425,23.063759,57.201984,44.843052,39.95009,29.30612,18.373142,16.314957,74.10817,52.222054,47.026382,46.242416,26.770105,21.038702
47.14317,28.059374,22.45166,57.07643,44.844532,40.181293,29.544533,18.369907,16.390472,75.13715,52.89836,47.0137,46.281994,26.522345,21.31451
47.496872,28.125294,22.865475,57.368587,45.269413,40.735287,29.628511,18.662872,16.429413,74.6782,52.224377,46.36976,46.669422,26.572174,21.600998
47.227474,28.273773,22.576662,57.90396,45.249054,40.716785,29.725845,18.496819,16.35343,74.04553,52.179794,46.266155,46.980682,26.635828,21.44391
47.549038,28.025967,22.770918,58.199944,45.451233,40.7603,29.688122,18.438066,16.44643,75.782196,53.29536,46.71563,47.023575,26.989832,21.444506
47.767025,28.357557,23.09529,58.54576,45.85785,40.894947,29.391645,18.497856,16.574745,75.04854,52.408195,47.024803,47.08652,26.759914,21.587553
48.006348,28.257353,23.096731,58.809772,45.75414,41.346497,29.60223,18.574312,16.580517,74.81992,52.426945,47.0711,46.98006,27.062237,21.275229
48.229862,28.267359,23.124653,59.118103,45.842545,41.106052,29.945808,18.817314,16.298075,75.879776,52.81112,46.795376,47.152176,26.8624,21.872732
48.298027,28.429663,23.098381,59.15442,46.19462,41.1425,30.04477,19.01289,16.650536,75.97547,52.83863,46.720024,47.27015,27.345636,21.423462
48.486126,28.517443,23.140991,59.323357,46.442924,41.658916,30.247662,19.027702,16.33699,76.16782,52.13681,46.440365,48.030205,27.82204,21.138258
48.944366,28.49487,23.242376,59.825737,46.725456,41.958088,30.56476,19.044474,17.20031,75.09369,51.664963,45.322853,48.54644,27.72117,21.861437
48.944725,28.732075,23.02494,60.070805,46.86113,42.123646,30.348713,18.82739,17.027618,75.111755,52.157734,46.34105,48.91767,27.709896,22.611929
48.721687,28.705858,23.383617,59.560555,46.985195,42.19576,30.874254,19.126085,16.619913,76.66216,53.533005,47.39429,48.293118,27.853045,22.07344
49.042183,28.902758,23.275076,59.86861,47.00511,42.117924,30.792347,19.347519,16.695892,77.22225,53.74621,47.04984,48.60302,27.682745,21.933475
49.294743,28.982916,23.370285,60.60378,47.319298,42.276867,31.16554,19.130802,16.809141,74.80772,51.693233,45.443417,49.264477,27.800735,21.91973
49.26865,29.194065,23.543278,60.731518,47.16753,42.658817,31.055496,19.312105,16.784613,75.32754,52.2743,45.155575,48.718063,28.032187,21.717253
49.35028,29.16623,23.52608,60.6988,47.38363,42.580673,31.365398,19.51706,16.95474,76.08744,52.859306,45.660812,49.255257,27.770231,22.596773
49.39649,29.073973,23.4829,60.612328,47.5749,42.760437,31.32132,19.414337,16.946432,76.34101,52.419914,45.82228,49.245472,27.918377,21.894676
49.357,29.162672,23.666027,61.4572,47.701786,43.2154,31.36885,19.356068,16.849642,75.974495,51.776722,45.12136,49.344845,28.12189,22.717506
49.503246,29.164248,23.901966,61.346012,47.83282,43.49502,31.16191,19.386547,16.985207,74.90543,51.699078,44.595802,49.388157,28.263435,22.212517
50.032623,29.363293,23.37566,61.68397,47.997833,42.7843,31.523092,19.446503,17.056164,75.21783,51.058258,44.385284,49.687714,28.126923,22.529835
50.053894,29.48146,23.479082,62.151394,48.53801,43.14754,31.576288,19.47492,17.221561,75.80077,51.777218,44.791378,50.04697,28.512295,22.474133
50.343403,29.359093,23.784143,62.359467,48.417114,43.386414,31.795097,19.744473,16.97152,76.46156,52.533863,46.43708,49.592815,28.475506,22.467964
49.8163,29.369123,23.889534,62.32283,48.72144,43.145824,31.819141,19.84638,17.336681,76.37643,52.178898,45.60852,50.169834,28.530819,22.274258
50.194244,29.376709,23.820967,62.520172,48.791054,43.125694,31.970814,19.698252,17.098501,75.58859,51.195045,45.175137,50.146812,28.355387,22.500431
50.130013,29.42486,24.089771,63.168674,49.118755,43.652195,31.433544,19.589865,17.044271,75.20753,50.746166,44.302612,49.763653,28.655846,22.575075
50.629375,29.591846,24.020605,62.61668,48.72503,44.01555,31.980469,19.587471,17.040152,76.24348,52.017464,44.608578,49.919434,28.347523,23.188887
50.685383,29.81938,23.600033,62.821697,48.898865,44.06357,32.272568,19.79273,17.321943,77.1766,53.01156,46.531826,49.79368,28.547867,22.144136
50.690155,30.017532,24.123116,62.926437,49.046913,44.26982,31.963612,19.947079,17.25861,76.75645,53.084637,46.388832,50.42731,28.40286,22.570988
50.829193,29.801798,23.486013,62.82902,49.13484,44.524384,31.903254,19.819574,17.118862,76.60639,52.60876,45.304714,50.178974,28.757322,22.86937
50.595318,29.81857,23.748648,62.85756,49.236538,44.20662,31.867523,19.883404,17.323124,76.69478,51.339764,45.32295,51.216908,28.498266,23.267698
50.745075,30.062738,24.01485,63.725887,49.30007,45.015118,32.15962,19.668106,17.35751,76.40663,51.556,45.515465,50.445164,28.868801,22.627316
51.10647,29.82427,23.938236,63.471542,49.4726,44.520866,32.165516,19.734463,17.5113,75.614365,51.387142,45.116592,50.632156,28.691391,22.908571
51.166866,29.879251,23.79406,63.87935,49.58048,44.02032,31.961819,19.868734,17.195707,76.713974,52.105675,45.099773,50.83544,28.710825,21.953976
50.954025,29.894308,24.026358,63.877995,49.558506,44.83009,32.394474,19.845541,17.383944,76.84777,52.425835,45.498108,50.68921,29.122791,22.672695
51.17284,29.917892,24.21018,63.547817,49.786633,44.543144,32.71273,20.038843,17.352945,76.359375,52.531696,45.3609,50.90087,28.905462,22.274067
51.647964,29.876574,24.188717,64.62519,50.329033,44.819763,32.110878,19.878176,17.415266,77.15558,52.41711,45.249226,50.867718,28.806862,23.050062
51.320328,29.898043,24.315472,64.66293,50.206238,44.90926,32.589687,20.007664,17.373377,77.117,52.316643,45.295,51.262684,28.803493,22.618382
51.334732,30.120003,24.744389,64.91982,50.0908,45.404736,32.763367,20.043848,17.07547,77.54451,53.16109,46.518044,51.476986,29.31686,22.51163
51.2396,30.131472,24.32033,64.65637,50.583424,44.901318,32.70735,20.150341,17.632715,77.28554,53.0125,46.296387,51.1132,29.054195,23.212234
51.305668,30.185638,24.129753,63.967136,50.027622,44.805546,32.406616,20.022455,17.558264,77.56005,52.90021,46.26538,50.810074,29.01763,23.47938
51.39992,30.207714,24.000223,64.36269,50.04096,45.326183,32.465305,20.055107,17.674152,77.12031,52.95365,45.74954,51.48339,28.803179,23.14427
51.817474,29.927742,24.52894,63.96707,50.087715,44.32371,32.30219,20.079803,17.42662,77.10846,52.812634,46.043797,51.400215,28.963057,22.746378
51.520836,30.06172,24.412308,64.13263,50.099495,44.644657,32.33063,19.97918,17.155552,77.36674,52.705368,46.18964,50.828712,28.961838,22.637274
50.67776,30.05304,23.967712,63.83514,50.269207,44.75074,32.020035,20.130249,17.471115,77.6017,53.124046,46.09869,50.812305,28.880476,23.205719
50.9202,29.892103,24.358269,63.977726,50.13242,45.05944,32.43138,19.935894,17.564219,77.50038,52.71666,45.8125,51.83828,29.06397,22.606054
50.681004,29.956081,23.98598,64.16069,49.884567,44.25677,32.354095,19.988155,16.888649,76.92801,51.61193,44.39273,51.39112,29.05052,22.774698
50.99479,29.923101,24.084358,64.239426,49.74892,44.16878,31.389444,19.802803,17.190952,75.7485,50.514317,44.08221,51.196476,29.067434,23.07766
50.93386,30.041409,23.984224,64.19292,49.857307,44.52213,31.813643,19.773073,17.310017,75.41447,50.75316,43.619656,50.496735,29.245598,22.534569
50.898746,29.74503,24.071678,64.17023,49.868713,44.202465,32.271935,19.725527,17.18169,76.547516,51.50008,44.32005,50.7672,29.086403,22.493763
51.351788,29.917479,24.336906,64.09641,49.84914,44.663948,32.10976,19.850035,17.190351,76.05911,51.682766,44.59862,50.35884,28.917345,22.6038
51.07239,29.904938,24.124819,64.162056,49.752693,44.099407,32.285206,19.802458,16.933363,75.73723,51.420616,44.57373,50.447758,28.7517,22.400887
50.817093,29.727882,24.06267,63.782734,49.88534,44.793575,31.980223,19.673815,17.28927,77.339294,52.852005,45.966694,50.555084,28.746342,22.568813
50.65268,29.857004,23.71207,64.16971,49.809967,44.615734,32.06917,19.680393,17.080547,77.034035,52.63461,45.77443,50.77875,28.597982,21.74177
50.93527,29.773874,24.095913,63.929604,49.79994,44.685467,31.961061,19.595926,17.255114,77.19718,52.558224,45.838028,50.563084,28.678638,22.787457
50.84734,29.949247,24.212374,64.08226,50.030254,44.28103,32.13934,19.719267,17.36079,77.63293,53.39938,46.542377,50.943794,28.729519,22.72986
50.729465,29.927643,23.710588,64.053085,49.928707,44.479645,31.84875,19.916899,17.33177,77.93661,53.648876,46.46625,50.63245,28.578684,22.082909
50.942474,29.948372,24.118153,64.23425,50.11755,44.73516,32.393097,20.052618,17.36686,75.8133,51.56716,44.12349,50.52974,28.583773,22.433176
50.588997,29.787338,24.075369,64.2209,50.040894,44.78005,32.27302,19.881708,17.123323,75.975365,50.64959,43.695583,50.728428,28.655872,22.364452
50.92614,29.79768,23.162855,64.29671,50.03402,44.58491,32.02317,19.80622,17.559507,75.676,50.890224,44.1636,50.873425,28.681967,23.222784
50.93392,29.727118,24.151869,64.53497,50.102333,45.036594,31.940136,20.004171,17.02468,76.285904,51.49685,44.419876,49.91189,28.477022,22.526638
50.938164,29.816765,24.136038,64.47075,50.155636,44.73146,31.819117,19.868319,16.99428,76.101974,51.436153,44.37136,50.210682,28.59383,22.688318
50.738514,29.873653,24.02857,64.47366,49.9869,44.36462,32.026794,19.68185,17.515753,75.39353,50.748577,43.967705,50.180523,28.592665,22.74118
50.832504,29.727234,23.60296,64.68427,50.149582,45.15451,31.608519,19.901442,16.88325,78.42464,54.698444,48.20695,50.203003,28.653214,22.741617
50.829674,29.696852,24.071466,64.10591,50.114918,44.738434,32.26952,19.769245,17.653944,78.94955,54.869698,48.60048,49.848373,28.518866,22.530582
50.57054,29.760105,23.669235,63.858883,49.705246,44.371532,32.140816,19.747896,17.250597,78.46151,55.104065,48.163925,50.009163,28.48183,21.983826
50.68257,29.56101,24.130566,63.691036,49.668785,44.30644,32.10659,19.911089,17.040585,78.96101,55.773254,48.7321,49.97732,28.369553,21.98845
50.482964,29.66681,23.574247,63.305027,49.469925,44.44996,32.068493,19.95979,17.174593,76.49796,52.159878,44.63537,50.00401,28.528801,22.696531
51.261723,29.634834,23.496206,63.366436,49.448425,44.00057,31.829287,19.873306,17.375946,75.56613,51.369274,44.103706,50.031406,28.409845,22.70674
50.71096,29.776438,23.844725,63.995594,49.781876,44.001434,32.080856,19.718246,17.441097,75.784,50.940746,43.922386,50.253525,28.695934,23.150787
50.722103,29.528402,23.814728,64.19442,49.80978,44.199917,31.862808,19.69996,17.128885,75.3834,51.240776,43.88979,50.017582,28.597458,22.394909
51.2082,29.717371,23.822529,64.19751,49.771374,44.29996,31.446606,19.506632,16.89398,76.41667,51.065865,44.498543,50.509468,28.83991,22.3303
50.757072,29.605453,23.691914,64.07858,49.757534,44.203632,31.961493,19.480764,16.744328,76.41849,51.411957,44.488983,50.254536,28.906153,22.656523
51.041862,29.73607,23.791952,64.09977,49.879364,44.20581,31.781113,19.525917,17.065685,76.44426,51.634144,44.4121,50.523792,28.877207,22.142475
50.85115,29.850069,24.304731,64.09651,49.967876,44.42191,32.882484,20.017393,17.347488,76.827484,51.433575,44.75992,50.17901,28.585257,22.240868
51.014194,29.984394,23.75679,64.27978,50.15808,44.274944,32.453754,20.106455,17.12073,76.49996,51.8006,44.612854,50.476437,28.261332,22.43546
51.16095,29.81597,24.119705,64.77308,49.995045,44.59424,32.876022,20.243402,17.006292,76.95667,52.143433,45.352196,50.388992,28.741575,22.410812
51.18735,29.9787,23.542122,64.48163,50.24521,44.42424,32.33329,19.789267,17.373386,77.247406,52.297783,45.71148,50.475574,28.727468,22.397093
51.43929,30.019417,24.290977,64.34309,50.602833,44.936417,32.494003,20.037418,17.520132,77.838326,52.59448,45.68663,50.232655,28.765747,22.535217
51.91027,30.140688,24.28962,65.08214,50.47356,44.256584,32.185402,20.137774,17.364166,77.344955,52.480427,45.39986,50.625057,28.71356,22.548
50.933163,30.193127,23.817537,64.682465,50.246933,44.862114,32.42989,20.052914,17.176086,76.23874,52.020973,44.334946,50.94895,28.795439,22.962229
51.580654,30.171698,24.258804,65.2718,50.401825,44.801674,32.10626,20.056137,16.946991,76.43928,51.06619,44.237793,50.93708,28.816744,23.424417
51.643837,30.30797,24.21836,65.22665,50.54402,44.982883,32.308563,20.08056,17.446367,77.10417,51.205967,44.00416,50.68234,28.827868,23.015789
51.489494,30.265736,23.98847,65.22488,50.75276,44.541435,32.50998,20.096992,17.605448,76.603226,51.0448,43.529137,51.29669,28.920506,22.902777
51.816795,30.377426,24.475668,65.647995,50.77965,44.90996,32.23877,19.9622,17.369394,78.99959,53.987534,46.709793,51.648617,29.17214,23.398376
52.177605,30.516312,24.301882,65.74257,50.88528,44.782703,31.863008,20.041988,17.428205,79.03055,54.136032,46.875572,51.408813,29.37709,22.888641
52.058563,30.561695,24.358822,65.40172,50.79093,45.09157,32.132843,20.115892,17.490377,79.44309,54.522964,46.935974,51.73917,29.413118,22.601082
52.00053,30.497828,24.484869,66.063675,51.172592,45.01094,32.10537,20.286371,17.162266,79.45993,54.335342,47.492046,51.606052,29.019175,23.50238
51.950127,30.719213,24.60976,65.9419,50.98787,45.38435,33.259113,20.431274,17.71246,80.054245,54.795418,47.916355,51.46672,29.380955,23.077234
52.411858,30.818604,24.487822,65.787094,51.337162,45.414356,33.18907,20.828386,17.885643,80.44438,55.558086,48.662865,51.839424,29.266994,23.588541
52.93092,30.689829,24.429224,66.04668,51.400948,45.1025,33.687153,20.83412,17.925854,80.22864,55.40698,48.102207,52.130737,29.408133,23.813921
52.351326,30.68732,24.337706,66.27237,51.34794,44.85803,33.371334,20.763151,17.738598,79.89608,54.974846,48.47727,51.939217,29.715565,23.297215
52.694546,30.900444,24.094011,66.53404,51.13503,45.503082,33.31128,20.787676,17.721746,79.72556,55.10643,47.763992,52.123337,29.715963,22.723969
53.148716,31.158157,24.717505,66.66956,51.426727,45.29094,33.7277,20.87236,17.79354,80.03044,55.539104,47.91007,52.415684,29.669756,23.958065
53.155582,31.32891,24.801374,66.41546,51.476692,45.671894,33.67918,20.950926,17.613712,80.98635,56.120567,49.21929,52.490192,29.855341,23.421316
53.31346,31.192282,24.828444,66.396126,51.592396,45.974625,34.095093,21.121794,17.790655,81.389435,56.398533,48.823597,52.3196,29.91337,23.449211
53.560284,31.138481,24.88466,66.70348,51.945576,45.370144,33.985313,21.119146,17.791368,81.348,56.415985,49.474644,52.335964,29.931976,23.220867
53.28675,31.175613,25.130121,67.15681,52.029743,45.6446,34.216763,21.154186,18.098577,81.6672,56.31154,49.111515,52.62169,29.90673,23.37439
53.891262,31.27325,25.016197,67.2359,51.8553,46.391037,33.80086,20.990911,18.257832,81.57843,56.464783,49.068653,52.880802,29.817053,23.187523
53.408646,31.315151,25.06833,67.429756,51.914837,46.23041,33.665775,21.11828,18.225145,82.15967,56.864445,50.22463,52.538574,30.050535,23.48412
53.660595,31.495232,25.143942,67.586464,52.311802,46.341827,34.00868,21.334816,17.972176,81.81446,57.325058,50.02836,52.805206,30.019547,23.166378
53.878693,31.37395,25.33253,67.40063,52.223488,46.555477,33.847965,21.082165,18.335796,81.64,56.830624,48.984276,53.14606,30.052406,23.647839
53.596992,31.392235,24.901463,67.41263,52.311234,46.40974,33.963535,21.273762,18.077564,81.93727,56.997425,50.135563,52.9468,30.232882,22.912357
53.371994,31.408848,25.013962,67.74754,52.14366,46.421074,34.16675,21.215578,18.213322,82.69906,57.230385,50.26882,53.172993,30.097862,23.154333
53.49367,31.500849,25.251022,67.51938,52.2653,46.471684,34.57132,21.320818,18.353138,82.66426,57.473576,50.61975,53.482845,30.01776,23.69599
53.739475,31.532219,24.726221,67.636024,52.359695,46.21294,34.08264,21.502579,18.394789,82.56457,57.696648,50.20594,53.161694,30.106052,23.852322
53.459423,31.551685,24.699713,68.048454,52.82508,46.444386,34.334194,21.199635,18.29736,83.01016,57.423332,50.286957,53.364403,30.318493,23.703075
53.742702,31.533978,25.008585,67.80459,52.493973,46.72949,33.979164,21.150053,18.303322,81.66944,56.570988,48.949974,53.31823,30.341475,24.166016
54.220554,31.511425,25.01002,68.106766,52.509808,46.296097,33.833614,21.12089,17.998167,81.986855,56.683193,49.07229,53.582172,30.208563,23.517952
54.27699,32.04257,25.05898,67.70339,52.686073,46.817814,34.419624,21.217422,18.150703,83.12482,57.269615,50.208443,53.23601,30.287695,23.527325
53.941025,31.81856,25.571743,67.70782,52.907013,46.887196,34.33853,21.336315,18.350672,83.07835,57.844444,50.396183,53.689335,30.57734,23.517824
54.257793,31.800955,25.476587,68.08042,53.03777,46.732452,34.722412,21.482655,18.381437,83.030495,58.13641,49.93388,53.324596,30.468962,23.516684
54.340675,31.888758,25.189281,67.78729,53.02379,46.819874,35.065495,21.446123,18.51852,83.63693,58.405354,50.51386,54.233803,30.504766,23.681816
54.673725,31.756443,25.13733,68.183105,53.119526,47.25357,33.959827,21.093166,18.15785,82.50138,57.128464,50.143314,53.89043,30.423788,23.410683
54.32998,31.953758,25.135324,68.03237,52.899082,46.96494,33.601273,20.972713,18.31538,82.41902,57.14177,49.986366,53.82031,30.626791,23.50265
54.63542,31.986513,25.196644,67.97962,53.243065,46.84411,33.927994,21.046783,17.966164,83.4989,58.195007,50.72001,54.057503,30.549746,24.04902
54.577805,31.940876,25.356497,68.255005,53.026447,46.44814,34.3754,21.115685,18.095493,84.19328,58.51477,51.054443,53.440437,30.607166,24.06786
54.55387,31.78633,25.254396,68.24825,53.239555,46.808052,33.851433,21.277948,18.210785,83.447395,58.790527,51.18702,54.466682,30.790915,23.727898
54.73199,31.703182,25.188757,68.651245,53.2251,47.34024,34.140846,21.368147,17.899908,83.944916,58.32819,50.51629,54.240486,30.80164,24.327276
54.74204,31.711788,25.396576,69.04081,53.4049,46.668274,34.122974,20.997591,17.976349,81.99298,56.502205,48.790173,54.334072,30.824148,23.946146
54.357113,31.81634,25.055748,68.621956,52.90462,46.497303,33.3471,20.741404,17.511925,77.93238,50.983967,43.78963,54.74348,31.201822,23.736837
54.640778,31.575699,25.40141,68.566154,52.91205,46.745388,33.22278,20.789495,17.47477,77.64608,51.013657,42.965076,55.003742,31.12573,24.376661
54.436573,31.796625,24.938362,68.962265,53.225838,46.63175,33.383575,20.558334,17.923244,79.136,51.884357,44.628876,54.597393,31.199299,24.923786
54.709743,31.770493,25.32823,68.56822,53.76466,47.76265,34.777885,21.387539,18.581419,82.328415,54.90292,47.49627,54.618725,31.211369,24.341295
54.89806,31.944958,25.151932,68.807724,53.857094,47.520798,34.972054,21.48484,18.238514,80.77719,54.382755,46.647083,55.5091,31.37268,23.848465
54.635918,31.74882,25.489943,69.18292,53.768356,47.54629,34.97047,21.266184,18.692244,80.07555,53.099247,46.19542,55.115932,31.238493,24.529383
54.302868,31.81925,25.407087,68.95666,53.719795,47.836243,34.420425,21.21927,18.325163,81.08228,53.96153,45.54008,55.474808,31.321062,24.192495
54.737938,31.982365,25.570047,68.90862,54.016544,47.912735,35.475945,21.561937,18.225525,82.42417,55.76531,47.320312,55.99122,31.327547,24.483135
54.795826,32.069885,25.0629,69.073296,54.097195,48.212593,35.63122,21.543146,18.72408,83.08997,56.605103,47.62892,55.50518,31.51309,24.6498
55.530056,31.950998,25.578745,69.23859,54.205406,48.396793,35.192417,21.88871,18.1274,83.08529,55.399532,47.374302,56.45331,31.604507,24.72598
55.041096,32.226513,25.875736,69.11993,54.354664,48.24312,35.46,21.816753,18.718603,82.7856,54.98248,47.37243,56.634766,31.87783,24.717127
55.13637,32.161682,25.679142,69.89862,54.05907,48.038334,34.55416,21.583832,18.608442,82.355865,54.995358,47.214893,56.18484,31.85617,25.049904
55.695873,32.285076,25.92513,69.864876,54.478996,47.66643,35.09998,21.624517,18.305986,83.281425,56.35574,48.02119,56.897987,32.04844,24.691713
55.75325,32.37223,26.1726,70.35007,54.78412,48.476665,35.143833,21.933628,18.75663,85.06759,57.942425,49.939297,57.134098,31.70157,24.723106
56.123928,32.372787,25.326385,70.495224,54.766277,49.15499,35.0587,22.091446,18.6957,85.12497,58.042686,49.255127,56.786736,31.796074,25.225935
55.674183,32.582108,25.683065,70.20219,54.9179,48.71101,35.155453,22.133303,18.852163,84.663864,58.290432,49.66883,56.67082,32.219296,24.991642
56.09795,32.4085,25.83447,70.68432,55.080933,48.914074,35.38947,21.998196,18.741142,84.80095,57.843395,49.443447,57.153923,32.073452,24.66906
56.062744,32.812828,25.594112,71.04412,55.295933,48.841064,35.78019,22.409204,18.7719,85.2154,57.500927,49.47727,57.5348,32.469936,25.720676
56.2859,32.447918,26.116444,70.96482,55.431282,49.006615,36.02731,22.436668,18.842354,85.74697,58.10312,50.180984,57.5104,32.50082,25.167559
56.35313,32.830162,26.061445,71.12189,55.407547,49.084892,36.23452,22.605501,18.563288,86.54204,59.510826,51.16492,57.893665,32.659645,24.894306
56.739075,33.04169,26.125927,71.23046,55.63498,49.46428,36.44348,22.632132,19.065592,85.19833,57.880737,49.86422,57.423286,32.461067,24.84695
56.459656,32.966297,26.5418,71.291954,55.67114,49.204674,36.832634,22.76036,19.226522,85.46936,58.34214,50.42027,57.7196,32.272343,25.315649
57.01442,33.06321,26.885105,71.43878,55.702984,49.445583,37.399094,22.97035,19.625652,86.15087,58.490448,49.929317,57.846703,32.38945,25.639301
57.128677,32.978344,26.885397,71.92241,55.80606,49.336544,36.84315,22.578918,19.578255,85.14412,57.176945,48.864788,58.261436,32.008816,25.980639
57.112408,33.187954,26.414207,71.77283,55.928608,49.654667,37.14234,22.778168,19.363817,85.52511,57.823257,49.475307,57.41645,32.55216,25.495626
57.474068,33.29832,26.920595,71.97753,56.056526,49.44023,37.197018,22.847233,19.160475,86.830414,58.744926,50.34961,57.954487,32.436222,25.191624
57.116634,33.54514,26.036976,71.288605,55.611286,49.036377,36.644268,22.80577,19.306412,86.65095,59.024548,50.474277,58.24319,32.608364,25.412561
58.125137,33.965103,26.78002,71.446335,55.72042,49.605484,36.874992,22.757967,19.566126,85.81745,58.456623,50.183846,57.831387,32.65483,25.500484
58.015923,33.878746,26.641663,71.57186,55.59095,49.371326,36.54935,22.795528,19.556093,85.40493,57.626736,49.156807,58.11842,32.98803,25.796867
58.24422,33.81913,26.821655,71.95721,55.8593,49.39178,36.499573,22.705013,19.161179,85.868614,57.22059,48.59877,58.098232,32.982246,24.834093
58.42386,33.765034,27.363527,72.24774,56.18111,49.142487,36.81875,22.709162,19.647705,85.58979,57.34502,48.828876,58.6424,32.641685,25.904211
58.46197,33.855995,26.903973,72.41418,55.891937,49.508743,37.17228,22.796803,19.494614,86.3753,57.699764,49.548283,58.540546,33.0192,25.934185
58.47381,33.85833,27.037594,72.28268,56.104847,49.33759,37.019516,23.001905,19.001942,86.63424,58.21064,49.501904,58.46377,33.23287,25.738762
58.590054,34.028114,26.799072,72.604164,56.19333,49.371914,36.951694,22.877432,19.416183,86.61514,57.671047,49.108852,58.732754,33.04962,25.255985
58.692055,33.886482,27.24843,72.702934,56.322235,49.833645,37.252953,22.935226,19.69947,86.45254,57.468468,49.192764,58.780754,32.94973,26.063213
58.839,33.99627,27.30731,72.89956,56.691055,50.12683,37.045483,23.003284,19.243439,86.25727,58.566208,49.86318,58.839905,33.026463,25.784885
58.98407,34.247738,26.906294,73.00292,56.528328,49.86711,37.617115,23.068083,19.527676,87.33946,59.19675,50.82295,58.780308,33.434933,26.395777
58.96219,34.24144,26.878012,72.84484,56.539165,50.008934,37.64505,23.128471,20.046307,87.93229,59.454742,51.021587,58.825554,33.024517,25.172186
58.83343,34.289898,27.072615,73.166275,56.523476,49.98001,37.721764,23.20974,19.637886,86.772606,58.793438,49.471462,58.725437,33.475826,25.849272
59.034836,34.152603,27.566746,73.204865,56.694534,49.9361,37.436394,23.116535,19.401567,86.96452,58.692398,50.138508,58.922935,33.134304,25.644873
59.09841,34.13234,27.510098,73.02905,56.617676,49.597855,37.883495,23.185377,19.324461,87.0757,58.64861,50.523,58.702717,33.39216,25.837652
59.545498,34.300278,27.076443,73.18206,56.27948,49.738613,37.685966,23.286566,19.252605,87.83313,60.721943,52.034245,58.457367,33.13908,25.31634
59.276745,34.01715,27.275515,73.12692,56.279778,49.567326,38.090366,23.278656,19.915398,87.82973,60.656765,51.917603,58.858852,33.04703,25.590015
59.229755,34.29849,27.006123,73.00633,56.47096,50.01649,37.942223,23.22998,19.73376,88.79634,60.732445,52.234726,58.567005,32.975384,25.799921
59.141254,34.40269,27.183407,72.86388,56.403748,50.065372,37.887814,23.125568,19.122656,89.64223,61.390976,54.00464,59.11442,33.13643,25.83398
58.984493,34.284462,26.929293,72.45612,56.335423,50.19741,38.206554,23.22944,19.341764,90.055565,62.52463,55.070087,59.05121,32.95194,25.735182
59.244175,34.495884,27.278673,72.48588,56.204475,49.425266,39.13398,23.419147,19.65248,90.93975,64.177605,55.27332,59.075832,32.790447,25.549171
59.401222,34.45549,27.567,72.48884,56.13142,49.93073,38.97665,23.543406,19.773289,92.45091,65.15793,57.429546,58.870464,32.921345,25.414385
59.330006,34.584293,27.243265,72.98251,56.51705,49.493073,38.467754,23.743734,19.909115,91.29996,63.097706,54.84998,59.175354,33.09051,25.620712
59.256817,34.60557,27.391176,72.706856,56.470196,49.472477,38.57909,23.539455,19.8209,90.52856,63.05602,53.91695,58.148315,33.230087,25.066483
59.22018,34.401432,27.759932,72.97961,56.510868,49.94319,38.68294,23.680576,19.46221,90.60206,62.97737,54.42646,59.44605,32.92407,26.447487
59.517643,34.219673,26.867393,73.43949,56.743988,49.708084,38.353085,23.23023,19.691782,88.19457,60.32621,52.032352,58.83846,33.213955,26.007107
59.316162,34.33836,27.302723,73.50633,56.648655,49.49383,37.971443,23.114912,19.953499,87.86716,59.611275,51.75623,59.42714,33.131546,25.692287
59.529198,34.46778,26.819262,73.839035,56.619175,49.473946,37.963573,23.32283,19.27126,87.73357,59.714443,51.73375,60.014057,33.256557,26.098486
59.60006,33.985306,27.048805,73.530495,56.728703,50.14004,38.27587,23.083115,19.621817,87.584694,59.550823,50.869633,59.159554,33.36988,25.598772
59.788666,34.239697,27.243534,73.28366,56.78974,50.04546,38.372517,23.140623,19.60306,88.66745,59.970802,51.196903,58.943493,33.312035,25.489767
59.81173,34.242527,27.1842,73.20174,56.60913,50.286674,38.51981,23.473715,19.376644,89.336205,61.09887,52.72148,59.188904,33.36477,25.558294
59.944286,34.46522,27.441967,73.00435,56.752407,49.764496,38.686535,23.646463,19.762388,89.016235,61.168545,53.28395,59.4146,33.185993,25.815893
60.358437,34.498604,27.307817,74.12287,57.110126,50.34076,38.040043,23.31651,19.45662,89.65428,61.97266,53.592953,59.129456,33.396263,25.512096
59.94515,34.602116,27.181997,74.58625,57.22557,50.454243,38.22338,23.534254,19.92622,89.413994,62.323895,53.134842,59.200726,33.32275,26.463285
59.706924,34.384274,27.233337,74.64069,57.3562,50.523697,38.32411,23.364376,19.485956,88.87355,60.864544,52.77008,59.36443,33.283768,26.295712
58.757812,34.349403,27.10552,74.059685,57.016815,49.99109,37.225357,23.188932,19.28146,87.16625,57.803658,48.50943,59.490017,33.502117,26.288025
58.86318,34.182518,27.141035,74.050766,57.027653,49.866573,37.32104,22.89502,19.679121,85.897285,57.602257,49.183964,59.86675,33.624798,25.40424
59.902122,34.198845,27.288048,74.62363,57.155846,50.27009,37.695442,22.91996,19.459816,85.992775,57.27801,48.589256,59.590218,33.28361,25.966688
59.408752,34.20339,27.5293,74.74618,57.20595,50.52508,36.882824,23.057512,19.646675,85.71248,56.834747,48.163506,59.819695,33.34916,26.461332
59.484993,34.204327,27.183105,74.48497,56.7547,50.415016,37.39039,23.016674,19.991543,87.69641,59.468475,51.735077,59.48969,33.369278,26.19992
59.26432,34.39685,27.394176,74.70509,57.126087,49.92269,37.66654,23.069113,19.551456,88.28389,60.141335,52.25431,59.424828,33.48412,26.200409
59.787117,34.300198,27.167265,74.569016,57.026264,50.65662,37.5412,23.038616,19.61876,88.33765,60.194756,52.016476,59.289265,33.595657,25.962242
59.45765,34.53169,27.033953,74.442665,57.216103,50.61911,37.558475,23.091175,19.736189,88.44156,59.64901,51.47555,59.993744,33.517303,25.774231
59.570164,34.37971,27.35734,74.531166,57.09986,50.68108,37.78833,22.937277,19.272415,87.88327,59.635574,51.105568,60.009914,33.391235,26.69887
59.47349,34.441883,27.233675,74.31621,57.394897,50.792557,37.22177,23.017967,19.316687,88.03398,59.97889,51.41514,59.458065,33.379337,25.940773
59.797104,34.259007,27.310644,74.53042,57.366463,50.758606,37.272106,22.972385,19.675789,87.77761,59.66969,50.536903,59.453953,33.663097,25.77603
59.366016,34.411682,27.47577,74.43427,57.518326,51.0728,37.06518,22.994326,19.377335,88.404686,59.5683,51.651077,59.23291,33.836952,25.941938
59.838764,34.420746,27.418173,74.217316,57.734734,50.801685,37.42519,22.980759,19.698528,87.98155,59.627003,50.604485,60.14768,33.64639,26.330252
59.804146,34.450157,26.860558,74.70687,57.496025,50.866108,37.390995,22.990728,19.415594,88.35206,59.649265,51.308167,60.044456,33.556404,25.870993
59.668037,34.46146,27.487785,74.630135,57.64688,50.84707,37.472137,23.347004,19.141506,88.43144,60.26871,51.587273,59.365303,33.66222,25.92231
59.6732,34.614735,27.41449,74.47187,57.72971,51.09223,38.238316,23.387787,19.874176,88.82854,60.891773,52.43168,60.654274,33.62826,25.840086
60.05668,34.525936,27.224096,74.333916,57.631226,51.089672,38.78941,23.469347,19.974083,90.0546,62.025436,53.53198,59.457733,33.317192,26.380663
59.71937,34.73051,27.719677,74.05217,57.282608,50.76356,38.993504,23.738737,20.070158,91.0282,63.545547,54.341232,58.858883,33.284565,26.071938
60.082737,34.861267,27.238491,74.71834,57.733593,50.921658,39.10739,23.987234,19.787556,91.08384,63.593357,54.49985,58.878338,33.51646,25.85168
60.06832,34.765118,27.356855,74.76246,57.53303,51.15765,38.92971,23.537449,20.161757,91.08918,62.713043,54.230568,59.98935,33.337822,25.996267
59.901237,34.684155,27.00631,75.203804,57.740967,50.874233,39.136818,23.763817,20.46061,90.99546,63.483246,54.76538,59.628967,33.428703,26.241514
59.9985,34.76523,27.375587,75.15811,57.31638,51.265987,39.469475,23.773201,20.046343,91.69822,63.489925,54.615757,59.62962,33.571735,25.785921
100.07011,78.84817,73.90768,103.56847,83.977005,63.175503,152.21484,149.1714,148.426,115.98657,96.877754,82.50027,178.17282,166.40999,158.70174
100.299805,79.33284,75.04958,104.414154,84.23114,65.30274,152.26877,149.22435,148.25977,116.61162,97.87032,82.63263,178.78888,167.31836,159.80476
102.00591,80.907814,74.94301,104.60399,83.73097,63.78721,152.22202,149.68076,150.02338,115.29842,97.36244,82.11888,180.3612,169.20409,162.19788
102.433174,82.15112,76.07951,105.05634,84.83629,65.83182,152.58852,149.78148,149.26123,115.63609,97.00732,82.45333,181.58705,170.80765,164.06357
213.95891,200.76428,171.30411,146.7068,136.04385,111.71524,156.60603,144.4614,123.56896,208.10374,192.01277,159.23135,219.25175,204.6039,178.32657
213.4744,200.6651,172.11096,148.00467,137.26192,114.233734,155.63072,144.38173,122.93646,208.30968,192.19717,160.35402,218.99373,204.65424,178.17818
213.78171,200.70445,171.97008,149.02516,138.06319,113.92365,155.2076,143.80795,122.20484,208.58778,192.04832,160.97939,219.00127,204.58812,177.01688
213.32895,200.23067,171.88618,148.91025,138.32823,114.39676,153.83035,142.65657,122.36472,207.9033,191.489,159.71007,218.73967,204.02495,178.15672
212.98146,200.00458,171.48366,149.96413,139.31386,115.40541,152.65738,141.22676,120.71971,208.0805,191.66832,159.5878,218.53697,203.86288,177.64969
211.38338,197.59735,168.69269,142.68394,132.57947,109.396866,149.93626,137.81392,116.57639,207.60133,191.64896,161.35997,218.5923,204.13484,177.80125
211.37146,197.4207,168.33055,140.77036,130.59528,107.29195,150.63249,138.66049,117.93835,207.83295,191.76555,160.91348,218.70715,204.38852,178.3156
211.13214,197.0048,167.65196,139.65268,129.72676,106.46284,149.70235,137.54715,115.6845,207.54697,191.38722,159.77634,218.11765,204.11244,178.09946
210.69994,196.47554,167.28294,139.53523,129.19608,106.49292,149.1092,137.24982,115.90057,204.06,188.21709,157.22903,217.60333,203.51974,177.40706
210.68758,196.06319,166.91338,137.69987,126.69202,103.95862,146.4719,134.9932,113.08166,203.9097,187.75511,155.90324,216.69925,202.52632,175.9468
210.2684,195.9878,165.92455,138.69756,128.26007,104.94292,144.59793,132.79506,112.26301,203.78925,187.0948,156.61134,215.73099,201.72939,175.54955
210.83798,196.60822,166.79723,140.17348,129.75156,106.468285,148.3481,136.49503,115.83021,205.65294,188.99805,158.08488,216.67372,202.6493,175.59377
210.36774,196.26242,166.94815,141.16917,130.75969,106.84624,145.12956,133.6139,112.96029,204.8505,188.39305,157.52078,215.8591,201.94571,175.51527
210.14368,195.62744,165.77135,142.06288,130.96143,107.36287,142.57857,130.64186,110.48906,204.53865,187.87296,156.10365,214.99428,201.16316,174.42099
209.86635,195.17303,165.4688,141.17235,130.94626,106.35108,140.23027,128.78859,108.78111,204.01826,187.14458,155.53145,214.29338,200.48637,174.2251
209.7464,194.90561,164.88972,140.54036,129.65329,105.57006,139.75624,128.23495,107.96628,203.36992,186.65024,154.09297,213.98137,199.96562,173.72752
210.43283,195.25443,164.28285,137.07945,127.15054,104.74872,142.78789,130.58755,110.142365,203.01497,186.59048,153.54752,215.65834,201.47495,174.71762
210.76021,195.2778,164.64949,137.5458,127.31493,104.33117,142.41338,130.17256,109.54425,203.30043,186.64624,156.21654,215.62434,201.40709,174.13264
210.54489,195.95415,165.16963,139.87521,129.70421,107.0102,142.9574,130.80904,110.09606,204.10434,187.56622,155.41026,216.05698,201.67747,174.57611
211.01796,196.40492,166.6875,141.81566,131.53995,108.15668,142.47865,130.92224,110.81617,205.18924,188.2234,157.48485,216.32571,202.26141,174.96695
211.03406,196.8123,168.03354,144.94029,134.2609,109.89988,147.79498,136.17519,116.21696,206.09277,189.21776,158.3036,217.5487,202.90639,176.30502
209.64622,194.70967,165.7719,145.64227,134.35309,109.785576,141.44992,129.8177,110.91769,204.03491,186.7884,155.23375,214.96002,200.56923,174.02728
209.16946,194.16121,164.66588,148.22691,136.3569,111.57012,139.82455,128.3044,109.00962,204.22981,186.84117,155.84167,214.34167,200.20262,172.8906
208.77817,193.7153,164.71275,150.43158,138.17244,113.28211,139.00221,127.47282,108.25146,204.69376,186.6553,156.78583,214.43147,200.01714,172.68077
208.27756,193.504,163.94374,146.49187,134.55783,110.55091,139.24904,127.83291,107.69362,203.55461,186.10674,155.40657,214.22435,199.7557,173.3943
207.64204,192.95255,163.0948,146.81432,135.06314,109.953316,136.01572,124.44381,104.95013,202.51833,184.87431,153.98163,213.3454,198.86932,171.24846
207.29501,191.7762,161.94307,145.93217,133.88391,109.02772,132.73363,121.49124,101.526634,201.76039,184.09807,153.19083,212.28717,197.86229,170.50798
207.66185,192.47455,162.25168,138.66508,128.2815,105.35057,139.15909,126.918465,105.98243,201.79211,184.14949,153.12175,213.39622,198.75275,171.81937
207.77777,192.52957,162.70137,141.52002,130.25888,106.732735,137.16853,125.361404,104.697395,201.6043,184.39032,152.70047,213.28894,198.88162,172.14458
207.69885,192.5857,163.24284,143.21457,131.80772,107.80994,136.1088,124.51966,104.71687,202.3305,185.08484,153.7162,213.9263,199.06975,172.86287
208.12465,193.21881,164.3569,144.21228,133.37068,108.23003,136.96931,125.6488,105.880325,203.2178,186.02782,155.39594,213.88792,199.62137,172.60027
208.82454,194.05623,165.05054,140.83536,129.52675,106.858795,144.17813,132.42465,111.58134,204.58163,187.60808,157.7416,215.93086,201.43329,173.26746
208.75812,193.96524,164.74112,141.06352,130.19162,107.22288,142.9845,130.92122,110.94407,204.33693,186.70137,155.12268,215.74161,201.09709,174.60567
208.3396,193.21979,164.06717,140.17172,129.44629,106.48315,140.00578,127.888664,108.533875,203.90358,186.40038,155.53256,215.19807,200.59874,173.15343
208.24556,192.9724,162.76222,139.87256,128.61154,105.45569,139.51167,127.5089,107.53935,203.8764,186.09433,154.90668,214.82182,200.30034,173.19955
208.0079,192.78925,162.54991,133.76299,122.76811,101.137375,143.76006,131.90698,111.25853,201.97635,184.71101,154.47725,214.98738,200.217,172.41928
207.73663,192.76387,162.2326,134.23979,123.27826,100.753654,143.52345,131.37566,110.88646,201.63684,184.37578,153.29172,215.00368,200.15234,171.9323
207.97543,192.8669,162.29985,134.41484,124.01298,101.44134,143.06186,131.38928,111.73142,202.13951,185.02202,154.76929,215.10585,200.28838,171.42592
207.92914,192.67728,162.96649,134.60175,124.32494,102.5473,141.7697,130.19167,109.33908,201.85826,185.12808,153.89595,214.51517,200.25293,172.48099
207.84798,192.6707,162.32556,135.96602,125.12338,102.21562,142.8576,130.57004,110.038506,201.8566,185.50885,156.94229,215.05974,200.60355,173.10207
207.5446,191.86836,161.68457,135.29295,124.17506,100.96577,140.48192,127.82289,107.53542,201.83627,185.3388,156.2949,214.28151,200.56776,172.81581
207.23778,191.17798,161.0111,135.59094,124.51037,100.34391,137.80075,125.47347,105.28456,201.5596,185.39565,157.60542,213.84071,200.19733,174.14111
207.02016,190.67545,160.46207,137.0096,125.580696,101.366516,136.26996,123.90661,103.972755,201.15637,185.14122,155.1066,213.61633,199.84003,172.85852
208.36993,193.01494,163.32841,138.83957,127.77853,104.12423,145.37022,132.94577,111.4463,202.61778,186.02881,156.91226,215.585,201.29254,174.36008
208.36217,192.95251,163.03636,139.18295,128.42162,104.26089,145.61137,132.57852,111.658134,202.91959,186.56818,156.5021,215.69298,201.43344,174.8485
208.43294,192.96506,163.51514,140.58662,128.90524,105.225716,144.5187,132.26068,111.11823,203.21765,186.94888,157.51727,215.5618,201.23895,173.49347
208.56308,193.2509,164.66985,140.89041,129.15504,105.78904,144.33849,131.80441,110.89,203.34435,187.264,157.88269,215.78185,201.06987,175.06133
209.41426,194.45009,165.62386,138.01843,127.329895,103.839035,149.75682,137.77293,116.86159,203.98204,187.48734,159.18777,216.82425,202.23381,174.97353
208.70284,193.74625,163.85445,138.76042,127.9188,104.71125,146.24359,134.61433,113.52636,203.41959,187.21106,158.23526,215.83664,201.41747,174.24837
209.03163,193.53409,164.1791,139.38136,128.29953,105.76618,145.5079,133.6361,112.453354,203.4179,187.00693,158.13046,215.48087,200.88295,173.83945
209.5691,195.13994,166.56454,140.51836,129.61705,106.72738,152.25652,139.7106,119.33417,203.71094,187.14352,157.4504,215.93771,201.39471,174.57054
210.11835,195.35117,166.39706,140.32782,128.88496,106.42181,152.34717,140.1392,118.75777,203.9078,186.95587,157.0199,216.13866,201.24667,174.68451
210.13428,195.53575,166.9323,139.65048,129.43259,106.243,151.18652,139.07649,118.80038,203.15747,186.6489,157.03943,215.48264,201.20375,174.36264
209.89346,194.87769,165.90369,139.9542,129.3749,106.33731,149.03352,136.96484,116.09011,202.9476,186.57271,155.57266,215.46988,200.88101,174.11745
209.5153,194.94777,166.44858,137.38428,126.91684,104.55791,153.92932,141.45917,120.51467,203.01106,186.97707,157.31102,216.74931,202.21233,174.73831
209.70528,194.89035,166.51692,137.5664,126.6879,105.484955,154.5776,142.19948,121.00192,203.55292,187.31966,157.60706,217.10846,202.2757,173.93275
209.76897,194.95123,166.2919,136.79803,126.74373,104.54328,154.98341,142.36368,121.837845,203.78543,187.01726,157.8576,217.07951,202.11566,175.20485
209.87047,195.71335,167.8021,138.61485,127.801476,105.628426,156.06137,143.95149,122.520096,203.85103,187.42816,158.30731,217.38658,202.42174,175.28778
210.15315,196.77315,169.30836,137.77342,128.00963,107.005135,159.88153,147.92062,127.29911,204.68819,188.4451,159.55339,218.36594,203.33925,175.46451
210.49362,196.91435,169.2155,138.65369,128.67714,107.82536,160.36603,148.12299,126.85461,205.2333,188.74657,160.14409,218.48364,203.34479,176.25778
210.23332,196.85034,169.09938,139.00954,128.61731,108.663994,160.50087,148.49136,126.96148,205.50461,189.02121,158.81325,218.86116,203.48973,176.13062
210.23643,196.8206,168.70522,138.54332,128.32495,108.03233,161.11707,148.97878,127.360214,205.20827,188.76302,160.03268,218.78682,203.65898,176.8046
210.50203,197.01707,168.93564,138.43715,128.73706,108.12204,161.36237,149.08607,128.0031,205.14653,188.68678,159.47487,218.58443,203.24277,175.5652
210.22432,196.10342,168.18701,137.88649,128.2397,108.07823,158.51625,146.116,124.34692,204.08575,187.69841,158.2965,218.47215,203.43658,176.27988
209.8595,196.00528,167.82176,138.56442,127.87851,107.47448,159.51877,146.50659,124.92439,204.35664,187.60349,159.55664,218.84349,203.50014,176.233
210.57323,196.21123,169.03523,139.2465,128.87122,107.945564,159.24663,146.47505,125.29502,204.17845,188.0278,157.42824,219.25414,203.48753,176.93144
210.30771,196.1961,168.80804,140.46887,129.79971,108.12269,158.67279,146.00142,124.82698,204.73944,187.99051,157.63417,218.78366,203.53017,176.56804
210.23752,196.21002,168.52444,139.1778,128.1681,107.230965,157.73329,145.44084,123.56234,205.07526,188.25833,159.7776,218.25093,203.13127,176.17627
210.45958,196.4077,168.5459,139.40695,128.74226,107.321144,158.26637,146.04825,125.10866,204.87361,188.26643,158.69028,218.5314,203.1821,176.78546
210.45572,196.51083,168.64476,139.81921,129.38875,107.596306,158.46814,145.91982,125.26589,205.40527,188.52205,160.3845,218.89034,203.61101,177.03584
210.45917,196.62054,168.92786,140.35611,129.68954,108.58169,157.88712,145.36401,124.572266,205.78346,188.62178,160.2263,218.68887,203.63257,177.48756
210.59154,196.78957,169.04553,142.37437,131.50824,109.52755,159.32988,146.99883,126.51052,205.17653,188.43764,159.79602,218.33702,203.20354,175.84384
210.38579,196.72041,169.05067,142.84491,131.79152,109.7236,159.89587,147.25972,126.23076,205.31424,188.89693,158.79099,218.41623,203.44826,176.8136
210.68303,197.02628,169.8888,143.43008,132.15797,110.91606,158.76056,147.02261,126.25543,205.08942,188.59253,158.72038,218.46004,203.35995,175.98898
210.35391,196.59262,170.0112,142.13914,131.43651,108.546,156.35344,144.29953,123.90325,205.33548,188.35104,160.00969,218.1474,202.83546,176.18277
210.08963,195.43707,167.52278,141.46864,130.4762,108.45985,153.93419,141.60628,120.186615,204.58472,187.37187,158.02075,217.31221,202.2968,175.27591
210.33014,195.61116,167.64842,141.81938,130.36293,107.26326,154.30586,141.54857,120.45373,204.35156,187.69414,157.85544,217.13464,202.2832,175.17537
210.55013,196.39555,167.8171,143.23827,132.38632,109.89516,154.22917,142.04892,121.15272,205.42096,188.42442,158.7623,217.64735,202.65869,175.32904
210.66632,196.43015,168.4604,146.02036,134.67412,112.262596,153.59148,141.2721,120.9878,205.43764,188.95657,160.38326,217.70105,203.0414,175.86894
210.65257,196.58669,168.31148,143.25671,132.0824,108.98121,154.44943,142.0666,120.53618,205.36076,188.63849,159.07014,218.37143,203.68597,175.63799
210.33054,195.97638,167.405,143.33582,131.93814,108.22089,150.76137,138.59526,116.94114,205.14531,188.72021,157.96481,217.99683,203.15367,175.55943
210.29573,195.67113,167.47803,144.08192,132.63799,109.7176,150.57835,138.12418,117.1856,205.72888,188.28181,158.78204,218.05156,202.8259,175.80772
210.23753,195.57938,167.30916,145.2517,133.11331,110.92199,150.54822,138.00992,115.91634,204.90105,188.49149,158.52779,217.78543,203.01147,174.59279
210.36551,195.79405,167.9482,145.79578,133.80498,110.426704,150.47461,137.68358,116.451096,205.42337,188.29004,158.70514,217.83441,202.64134,175.9915
210.32849,195.59851,166.46652,141.97226,130.48888,108.4846,152.64503,140.73515,119.61951,205.1823,188.26503,158.30707,217.47629,202.53333,176.39401
210.1571,195.013,167.39932,140.81279,129.31238,106.96952,150.9468,138.92844,118.06132,204.39925,187.42134,157.83565,216.75752,201.99353,175.19888
209.96341,194.46428,165.51044,139.75084,128.09404,106.79923,150.75453,138.04128,116.873436,204.68842,186.9802,158.51039,216.43253,201.83177,175.30661
210.0409,195.37196,166.7332,135.79947,125.69875,104.77316,155.55316,142.70648,120.55932,204.39815,187.83571,160.01433,217.62679,202.43515,175.18976
210.15395,195.75603,167.30229,137.46284,126.97977,105.65073,155.26831,142.71951,120.99357,205.08281,188.46956,159.69235,217.91666,202.91125,175.97371
210.11366,195.63972,167.60847,138.35104,127.38211,106.14186,155.96054,143.00325,120.801186,205.35184,188.86497,160.70761,218.18846,203.16249,176.68935
210.9501,196.45354,168.58621,141.61253,130.12816,107.12519,157.97453,145.02977,123.672134,205.63802,188.71194,160.83733,219.81961,204.77147,178.52592
211.20833,196.54453,168.70398,142.51562,130.72179,108.56653,157.30907,144.62218,122.854256,205.3981,189.0733,159.7952,219.54283,204.66718,178.36343
210.9383,196.3902,168.36256,142.18872,130.64444,108.37799,156.64236,143.95447,123.12278,205.84859,189.48743,160.7495,219.62337,204.56613,178.92674
210.74408,196.31439,167.90211,141.71521,130.21611,107.06461,156.48389,143.42197,122.5254,205.39993,189.20616,160.77397,219.12985,204.35526,178.9302
210.85484,196.05127,168.432,141.1652,130.01933,107.91041,154.5375,141.9855,120.59648,205.43256,189.14807,159.877,219.14355,204.56758,178.42357
210.47372,195.33069,166.49406,137.45125,126.44985,104.41606,155.00816,142.55217,121.12353,205.10472,188.64871,160.93631,218.43362,203.59117,176.66962
210.58754,195.5444,166.98581,137.41983,125.83515,104.32811,156.02492,142.77428,121.72265,205.3171,188.87651,161.38661,218.39072,203.41614,177.25691
210.78642,195.7909,167.41829,137.45448,126.59317,103.73667,155.94666,142.68037,121.34053,205.36461,189.00427,160.51442,218.38055,203.67816,176.96172
210.39484,195.4949,166.08005,137.84372,127.11348,104.35741,154.32117,141.35683,119.93129,205.53998,188.84969,160.98859,218.3057,203.76102,176.80215
210.39542,195.60388,167.08797,136.19746,125.63511,105.14606,156.13599,143.0592,120.03158,204.90683,189.12968,160.74321,218.69757,203.5775,176.47351
210.50568,195.8796,167.99893,136.5488,126.32815,105.535675,155.98383,143.30267,121.18988,205.04932,189.53366,160.2413,218.34148,203.77274,176.71936
210.35933,195.9975,167.7123,137.62195,126.58744,105.97995,155.69156,142.70755,120.52265,205.40547,189.4965,161.53735,218.63503,203.92125,177.12978
210.75874,195.79321,167.43188,136.55263,126.34792,104.99732,155.67249,142.38483,120.02979,205.38719,189.31767,161.39207,218.52734,203.69893,176.78844
210.50783,196.31477,167.99388,136.9521,126.59817,105.347145,157.26894,144.24184,122.372375,205.6739,189.6716,162.158,218.94925,203.69496,176.44695
211.40318,197.27916,169.57642,140.58672,130.17528,109.13461,162.1985,149.14671,127.29114,205.87595,189.91156,161.27774,220.12123,205.0002,177.39722
211.89085,197.57523,169.91943,144.43115,133.53345,111.60928,160.45845,147.948,126.63196,207.47038,190.55836,161.51971,220.43921,205.42453,179.05247
211.44505,197.27357,169.55861,146.37479,135.42342,113.34976,158.93889,146.1648,125.37905,207.27158,190.70137,162.2305,220.31752,205.23291,178.60503
211.3579,197.2708,169.69019,146.34135,135.60002,113.035645,159.38925,146.4489,126.14927,207.14359,190.58727,162.919,220.54343,205.29883,178.96712
211.2076,196.91785,168.99464,144.49835,133.18695,111.671555,158.58917,145.58379,125.02797,206.95045,190.80675,162.57495,220.68918,205.09349,178.97343
211.10593,196.86154,169.72375,144.82372,133.72243,112.49777,157.71085,145.24127,123.22572,207.1612,190.62074,162.28476,220.45067,205.2439,178.90872
210.77405,196.52254,168.97256,144.77011,133.57922,111.82065,156.1895,143.26787,122.30145,207.4347,190.43198,162.07597,220.06987,204.9146,178.72038
210.7333,196.49677,168.87802,146.07999,134.19424,111.98137,156.54723,143.86655,123.049,205.76628,189.17372,161.09346,219.59001,204.15593,176.85022
210.90312,196.85023,168.88608,144.46008,133.19041,111.3609,156.53645,144.10873,123.254814,206.13887,189.3568,162.88255,219.97359,204.43968,177.98802
211.04909,196.89958,169.20184,145.70848,134.23598,111.9361,156.61723,144.27615,122.841385,206.3186,189.42145,161.43349,219.62848,204.64291,178.16403
211.16599,197.09766,169.57451,146.11687,134.6569,111.91047,155.73424,143.72508,123.251434,206.09569,189.7009,162.2473,219.90851,204.7316,178.8458
210.51128,196.46446,168.65768,143.2256,131.91579,110.21467,156.38797,144.30666,122.626755,206.38818,189.62428,161.13603,219.39377,204.38275,177.04485
210.60367,196.35687,168.25601,143.19527,132.1476,110.73419,156.0844,143.56232,121.42247,206.45003,189.13817,161.15558,219.45573,203.9355,176.67471
210.75262,196.36826,168.569,142.63438,131.84041,109.26201,156.55269,143.73303,122.286026,205.73479,189.1272,159.93416,218.8934,203.5986,175.53612
210.87288,196.53242,168.37823,139.75822,128.67499,106.59348,159.59006,146.2962,124.13444,205.46591,188.81845,160.69453,219.59375,204.03146,177.19322
210.90698,196.0448,169.11201,138.83733,127.73684,105.97391,158.41856,145.08215,122.26861,205.30037,188.60057,160.16309,219.29515,203.68758,176.67722
210.69324,196.3555,168.07631,139.3055,128.62645,106.60248,158.43137,145.38538,122.513336,205.2034,188.51631,160.57141,219.0501,203.677,175.87837
210.72368,196.24187,169.03899,140.45427,128.94304,106.87861,158.99564,145.71138,123.24845,204.89848,188.69171,157.7384,219.23701,203.74767,176.4121
211.27988,196.64691,168.96002,135.95932,125.57594,105.373764,158.83498,145.6168,123.38734,205.2687,188.50739,158.7348,218.4401,202.75941,175.01204
211.19849,196.7894,169.25012,135.68803,125.22753,103.7955,159.16057,145.9268,123.67175,205.27048,187.93655,159.39218,218.6138,202.52274,174.80562
211.29822,196.7052,168.29608,135.7139,125.32534,104.81798,159.21805,145.94072,122.88524,205.04262,187.81465,159.31738,218.80682,202.79428,174.76215
211.4767,196.92747,169.50986,136.28444,125.58712,104.59664,157.98839,144.81934,123.045425,205.18924,187.75468,158.1782,218.8845,202.73405,175.2713
211.2739,196.83257,168.34032,138.26346,127.42565,106.586784,158.86687,145.3031,123.280205,204.4493,187.21588,156.72287,218.76582,202.77446,174.44681
211.62474,196.93784,169.14864,138.23775,127.792694,106.90514,158.77809,145.65309,123.437164,204.85657,186.96321,158.2971,218.91098,202.78494,175.06157
211.55956,196.68077,169.13342,137.80537,127.46614,105.89471,158.98453,145.62292,123.94491,204.42699,187.04845,157.82567,218.8641,202.61876,174.90857
211.884,196.99376,168.86565,138.21854,127.61611,106.30989,158.60297,145.05284,122.92972,205.18797,187.70126,158.82556,219.05058,203.03381,175.19252
212.06085,196.79044,168.49638,139.17279,128.29208,107.82359,157.51888,143.93811,121.46847,205.18903,187.69084,159.70908,218.947,202.9778,175.0663
212.0202,196.66832,169.54628,138.87865,127.797745,107.06701,156.89073,143.08958,121.93657,205.78293,187.8967,160.20108,218.78839,202.78825,174.67986
212.11827,196.81262,169.34195,139.26094,128.27023,106.77407,156.69276,143.13356,120.858986,205.63217,187.82549,159.89606,218.85568,202.82518,176.00708
212.22563,197.13832,169.30687,138.95879,128.18214,107.25318,157.66139,143.65369,121.75243,205.91348,187.95703,159.55025,218.93057,202.91544,174.62279
212.20651,197.14034,169.09286,138.13034,127.04894,106.221344,159.44513,145.98167,123.73944,206.22621,187.82709,160.23218,219.41512,203.3299,175.76288
212.58156,197.313,169.74484,138.2912,127.517166,105.96887,159.95523,145.95,124.7056,205.86461,188.09538,158.92166,219.67903,203.46521,176.10713
212.43669,197.11734,169.62296,138.46297,127.60655,105.73391,159.63393,145.94775,123.93524,205.80977,187.95679,159.3598,219.5491,203.52008,175.31879
212.45085,197.34933,169.40933,137.87245,127.16905,106.73742,159.9263,146.31137,124.120125,204.92076,187.51343,157.89674,219.53204,203.49739,175.62128
212.31639,197.26184,169.57538,137.23926,126.55759,105.12553,160.60764,147.07938,124.58074,205.23387,187.52153,158.88754,219.54805,203.43428,175.65596
212.33289,197.22041,169.06438,138.4221,127.6945,105.65809,160.4955,146.96576,124.33834,205.63165,187.7623,158.69481,219.6938,203.46873,175.30994
212.24097,196.72394,168.5096,139.31885,128.2695,107.26556,160.81483,146.84238,124.915276,205.4445,187.54146,158.74408,219.7895,203.22305,175.36873
212.08147,196.68666,168.95909,138.45512,127.82387,106.26652,161.39766,147.34824,124.704956,205.01196,187.51027,158.09105,219.56549,202.95883,174.77101
212.206,197.33253,169.99252,138.27663,126.95707,105.69216,161.45807,147.15305,125.472946,205.86516,187.7998,158.53969,219.54071,202.79301,175.22855
212.32057,197.13513,170.0563,137.99922,126.55507,105.07637,161.51312,147.45401,125.1794,206.02321,187.71361,159.63304,219.25797,202.9484,174.14758
212.49872,197.32588,169.5625,137.3418,125.98417,104.49125,161.08595,146.66518,125.04111,205.54861,187.28708,157.83435,218.90044,202.52985,174.97234
212.3054,196.90886,169.21375,136.8509,125.17212,104.00739,160.59485,145.96669,123.23773,205.86415,187.20541,158.53883,219.1949,202.47606,174.44434
212.33876,197.07452,169.48015,140.35669,128.24553,106.062035,161.56885,146.48593,124.73666,205.7608,187.46643,158.02484,220.13441,203.45012,175.84932
212.69563,197.46097,169.92383,140.57771,128.62296,106.44086,160.79695,146.30453,124.1032,205.86707,187.38252,158.40884,220.21802,203.64772,176.14705
212.5815,197.07649,170.02403,139.98845,128.13408,104.54268,159.47693,145.1257,123.90259,205.7601,187.25197,158.80363,219.90936,203.39308,176.11052
212.56209,196.49706,168.81839,139.21262,127.08865,103.82297,161.8939,146.70638,124.94343,205.48578,186.81181,157.98477,220.41031,203.67435,176.091
212.54884,196.72134,169.30276,139.61948,127.19376,104.21058,161.23212,146.3785,123.36159,205.41193,186.6033,157.39732,220.48196,203.63641,176.0249
212.30074,196.50352,168.48642,139.5135,127.18439,105.19477,160.05305,145.50035,122.589806,204.92262,186.54875,158.86252,219.92113,203.3336,175.83873
212.7606,196.6513,168.33208,140.13454,128.0027,104.61944,159.9296,145.0171,123.08866,205.23488,186.64157,156.87653,220.60849,203.38037,174.96869
213.20125,197.02275,169.58429,141.66902,129.3713,106.83845,161.25127,146.61955,124.60723,206.3605,187.4452,159.52762,220.43239,203.32137,176.53413
213.47145,197.29953,169.1042,142.0883,129.70772,106.465454,161.82825,146.958,124.96943,206.26936,187.70628,159.7216,220.45703,203.4095,176.08817
213.34323,197.63031,169.42181,142.75662,130.03801,107.1536,161.18,146.67538,124.676605,206.31543,187.68045,159.50264,220.66357,203.65092,177.13028
213.42476,197.26901,168.84502,142.15034,129.79463,106.17988,160.70444,145.88898,123.91155,206.41039,187.72878,158.82152,220.57828,203.70099,176.10925
213.64417,197.50023,170.11049,145.19937,132.49702,109.61634,160.70068,145.60051,123.881096,204.75363,186.26009,158.32732,220.63708,204.06549,175.56602
213.74957,197.26591,169.13681,145.84633,133.06628,110.16555,159.23462,144.56322,122.39697,205.80684,187.0221,157.99992,221.19072,204.4996,177.21582
213.82057,197.1674,169.42497,145.96492,133.09181,109.89264,159.1242,144.02922,122.591286,205.7815,187.48401,159.2655,221.28322,204.71172,178.91777
213.61926,196.88188,169.13599,142.16835,130.24394,107.94857,158.38533,143.3759,121.97667,206.38455,188.54248,159.35185,221.98036,205.30263,179.00034
213.80635,196.89034,168.52429,142.87083,129.89655,107.83097,157.93394,142.31311,121.81898,206.82738,188.74004,160.30452,222.22621,205.46269,179.29964
213.87202,196.64934,168.27348,142.86945,130.7814,108.868355,157.02977,141.78801,120.556175,207.08167,188.80734,161.08994,222.05154,205.6415,179.43814
213.88803,196.56508,168.10956,144.10844,131.27406,109.60992,157.53659,141.67693,120.332466,207.31596,188.90065,161.83342,222.51797,205.77388,180.74812
213.78307,196.79965,167.9568,144.64412,131.53389,109.06273,157.631,141.70865,120.28544,207.7002,189.0605,160.90747,222.75208,205.85634,180.84216
214.37059,198.50859,170.62672,147.64023,134.25072,111.830345,164.14978,148.85005,127.34547,209.65584,190.73302,163.7494,224.28389,206.9186,181.89487
214.62796,198.54909,171.52003,147.97705,134.6235,112.18499,164.18146,148.87502,127.68747,209.40688,190.91075,164.22818,224.11488,207.09131,180.72154
214.51532,198.39185,171.11566,148.19246,134.57657,112.602776,163.021,147.93526,126.49617,208.99533,190.49252,163.4707,223.97244,206.81438,180.62038
214.91397,198.58324,171.2317,147.45406,133.84941,111.99665,165.79514,150.08498,129.0475,209.91551,191.18843,162.30685,223.80606,206.76044,180.67537
214.92862,198.70068,171.41376,148.3961,134.84558,112.236626,166.7343,150.6499,129.27232,210.2131,191.70702,163.3098,224.37744,207.14926,180.68552
214.96817,198.68727,171.68037,148.48991,135.36111,112.34651,166.17393,150.29578,128.722,210.52267,191.53969,164.10028,224.76515,207.07568,181.14258
214.96297,198.68149,171.96185,148.66261,135.50084,112.65356,165.5416,149.84131,127.83101,210.28563,190.79494,163.86832,224.3894,206.85579,180.66632
215.10162,198.42038,171.54485,148.30061,135.07935,112.29565,163.28667,147.56859,125.73579,209.58168,190.67941,161.34976,224.14671,206.58595,180.46265
215.06073,198.49557,170.82263,144.93466,131.76633,109.464005,166.09857,150.16212,128.51161,208.9071,190.04408,162.43997,224.02336,206.63258,180.10275
215.13333,198.68512,171.05423,146.47626,132.9283,110.81424,165.79764,150.11115,129.39075,209.22948,190.28067,162.188,224.35474,207.02115,181.28238
215.6099,199.33875,171.90346,146.94818,133.78487,111.56209,167.16881,151.78644,130.75581,209.75525,190.87221,162.31238,224.81157,207.45705,180.93356
215.61084,199.20973,171.31146,146.83043,133.5901,111.76642,168.75456,152.84912,131.65231,210.49176,190.93845,163.88818,225.24068,207.72145,182.0361
215.48378,199.63132,173.1249,148.35814,134.37079,112.89597,170.13837,154.8307,133.18561,210.3764,190.97806,164.31021,225.44029,207.04152,181.76945
215.75595,199.74185,173.50949,146.94766,134.16403,112.7403,170.72461,155.1003,133.3987,210.66966,191.43715,164.19577,225.216,207.23038,181.0695
215.50316,199.84543,173.09964,146.18263,132.94096,111.46917,170.28416,154.65916,132.61766,209.69437,191.30696,163.38718,225.40157,207.01299,180.7121
215.73686,199.1401,171.94217,142.45836,129.53711,107.94565,172.11598,155.64888,133.38026,209.40121,190.33875,166.11397,225.64462,207.56035,181.51602
215.6572,199.42134,171.70474,142.45372,129.31915,108.46815,173.50713,157.26028,134.60533,209.34972,190.4691,163.54373,225.81071,207.62576,182.36993
215.91615,199.70146,172.50577,144.2997,131.27388,110.14599,173.89395,158.22423,135.6471,209.75504,191.00133,162.85332,226.08101,207.67137,182.13737
216.14938,199.79472,173.58871,145.9213,132.96713,111.62998,174.30675,158.23093,136.73236,210.21101,191.67899,164.70844,226.45657,208.36185,182.60979
216.1005,199.93701,172.55751,148.7007,135.79292,113.55168,172.01953,156.19484,134.00748,211.53175,192.12767,164.92348,225.6779,207.61815,182.305
215.89517,199.50342,172.548,148.78928,135.70555,113.63942,171.17575,154.92947,133.75584,210.90112,192.10849,164.26335,225.62488,207.32564,181.76874
216.09332,199.79799,172.22902,148.00719,135.16234,113.43811,171.57025,155.22594,134.0745,210.99142,192.08076,165.46564,225.7725,207.327,183.10855
216.08673,199.70126,172.31499,147.34358,134.10548,113.002914,172.29074,156.25667,134.60965,210.51843,191.8421,163.85422,225.47243,207.27646,181.69371
216.11438,199.68484,172.20004,147.43271,134.4986,112.18809,172.70193,156.86073,134.56024,210.97633,191.92328,164.7869,225.04453,206.92047,181.02718
216.15594,199.7113,172.5577,148.64642,135.17415,113.41555,172.96576,156.76,135.30544,211.33546,192.34204,165.03036,225.25163,207.11525,181.2497
216.01456,199.73582,172.91241,148.389,135.19533,114.06912,172.95901,156.66348,135.52806,211.29593,192.30861,165.21223,225.533,207.25002,181.26836
216.06027,199.79861,172.56552,148.35208,135.01674,114.331856,172.93367,156.88336,135.02034,211.2026,192.258,164.83676,225.53874,207.21956,180.49294
216.05962,199.72614,173.54134,148.05754,134.74269,113.64878,172.68,156.93224,135.08318,211.21602,191.89995,165.29745,226.40302,208.18834,181.82927
216.1756,199.66806,173.72647,147.57567,134.29512,113.22124,171.74808,155.64934,134.19931,210.69601,191.9957,164.91628,225.5834,207.88947,181.93343
215.63768,199.08643,171.5896,145.36554,132.6726,110.81604,169.9505,153.78813,132.33267,210.40924,191.39423,163.19972,225.5489,207.57275,181.49985
215.19733,198.47899,171.5487,144.46364,131.15407,111.05662,168.408,152.04593,130.42479,210.12422,191.25046,164.21927,224.80101,207.15268,181.23143
215.22157,198.77443,170.91983,143.80473,130.72298,110.48792,169.7653,153.36989,131.17819,209.85837,191.25484,164.66032,224.7872,207.31108,181.70421
215.5694,199.10999,172.85077,145.18138,132.54102,110.96475,171.17403,154.78868,132.74258,210.26154,191.6208,164.36606,225.4026,207.56926,182.26926
216.16985,199.6949,173.27087,145.92609,132.18552,111.4638,173.66507,157.77933,135.9661,210.48337,191.79611,163.81187,225.94456,208.08444,182.20663
216.0643,200.02013,173.25575,145.25183,132.50282,111.335106,173.36479,157.8451,137.07646,210.4786,191.77365,165.42036,225.77104,207.91493,182.69711
216.1458,199.78381,172.44994,144.30002,131.33966,110.18753,173.21045,157.63535,136.52943,210.27625,191.69402,164.46092,225.707,207.90898,181.47931
215.97643,199.26323,171.71465,144.5851,131.12091,109.642815,167.55078,151.52849,129.74243,209.99628,191.54105,165.05173,225.12137,207.3355,181.79355
215.83284,199.28998,171.58821,144.797,132.08162,110.52212,167.79884,151.4268,128.8927,210.12343,191.2039,164.13641,224.6623,207.39171,181.13791
216.23505,199.60826,172.18286,144.30013,131.54893,110.63503,169.07426,152.98672,130.90698,209.9049,191.05173,164.65533,225.08896,207.37102,181.1133
215.98352,199.80547,172.66805,145.0757,132.00764,111.29901,170.97504,154.49632,132.58356,209.9144,191.56908,164.6597,225.31857,207.65775,180.89989
215.91467,200.19724,173.34036,145.38675,132.26833,111.7067,171.88492,156.3176,134.45343,210.65486,191.74873,163.8384,225.79932,207.7093,181.47131
33.55589,28.980743,25.938808,134.38515,128.91946,118.317345,63.81101,46.756153,37.76924,127.158875,116.574486,99.95553,94.22932,64.63968,53.29514
33.3072,28.633074,26.740837,134.31567,128.94502,118.23849,63.1365,46.681747,38.355232,126.63656,116.20294,100.37148,94.373695,63.66872,52.25878
33.030975,28.458063,26.032003,133.93117,128.86763,117.66112,61.45065,45.527122,37.35297,126.09591,114.64201,100.11286,93.190254,64.96024,50.416508
32.521946,28.53844,26.363558,135.63112,129.89296,118.94347,59.517456,44.61982,36.217655,124.38522,113.80481,98.7514,95.088486,64.53849,52.012573
31.547619,27.893232,24.568989,138.00815,132.21356,121.181366,57.21727,42.59624,36.441887,124.22076,112.9218,98.84939,94.73876,64.24174,52.716545
203.187,189.33676,154.24384,114.638855,111.860985,91.02834,161.65524,148.8752,121.80766,195.01837,181.3517,150.97151,213.88625,198.21735,168.88016
200.94267,186.98393,151.70732,112.60006,110.39944,89.80933,160.75703,147.91812,122.15465,193.23785,180.08955,149.88857,213.16493,197.48279,168.31668
197.4059,183.39769,149.27472,111.37489,108.85769,88.84392,158.53854,145.29602,121.17973,191.87988,179.4961,151.99673,212.10886,196.90952,170.06558
142.26416,124.33406,92.23396,64.56142,58.271355,44.752563,101.07207,86.421906,66.307304,138.29678,123.72219,98.547165,175.40561,156.81248,128.78
164.38843,144.58632,108.904785,88.85447,78.85269,57.47558,109.59824,94.62565,73.06145,154.033,137.24767,107.99073,174.109,156.65254,129.89119
162.3026,142.3226,106.356995,87.212105,77.11045,56.745125,109.52986,94.28502,72.18593,151.99376,135.87572,108.05958,173.74529,156.2814,129.06612
161.75192,141.87894,106.062836,86.85394,76.760635,56.66313,109.80759,94.268394,72.94031,151.31505,135.5883,106.88776,172.70943,155.765,130.15947
162.75674,142.55296,106.37293,87.7235,77.144264,56.969414,109.33093,94.041214,72.28611,151.16383,135.5474,105.90686,173.45523,156.10443,129.89426
170.47719,153.44536,119.86262,100.41515,89.848564,68.73686,122.039215,107.54295,85.74882,160.26616,141.89734,112.33676,179.12973,159.42755,131.75308
170.48502,153.42078,119.98638,100.27946,89.46241,68.12869,121.534615,107.05697,85.27411,160.22122,141.09753,112.26111,178.80743,158.87408,131.31831
170.02228,152.86499,119.53072,99.818726,88.8603,67.554756,119.70877,105.30025,83.32697,160.81668,140.90659,112.23486,178.4489,158.16745,130.99821
170.11986,152.3011,118.86275,100.47704,89.72204,67.70884,116.049,101.64229,79.99979,159.79863,140.70502,110.38295,177.28314,157.69933,131.34605
169.4395,151.42746,117.39141,101.73102,90.278946,67.88474,112.07975,98.12992,77.29813,159.48685,140.41817,110.97073,176.40256,157.24301,130.08636
169.90892,152.54768,119.64174,107.31493,95.26903,72.08072,113.16741,98.94567,78.01046,161.85541,142.29788,111.8752,178.2718,158.04503,131.68866
170.0327,153.1331,120.16801,109.99637,98.155914,74.84616,113.94769,99.466576,78.68879,163.18332,143.19637,113.48871,178.93248,158.942,133.0845
170.8858,154.01091,121.107124,111.08108,99.19262,74.99927,115.32208,100.88712,80.27293,163.89066,143.77118,113.43753,179.5481,159.3705,132.26399
171.31093,154.40152,120.999054,112.927536,101.293434,77.597694,116.467476,102.3117,81.66101,164.76532,144.92381,113.98213,180.29372,159.9035,133.30072
171.92303,155.45003,122.90166,111.743095,100.04869,77.94151,122.405266,108.60523,87.28593,162.88638,143.05482,114.299034,180.6667,160.37144,133.38617
171.44362,155.07239,123.34403,111.57892,99.794365,77.24166,120.09655,106.38265,84.96679,162.62898,143.04898,113.079735,180.38092,160.28693,132.818
170.9597,154.65868,121.78935,110.43039,99.00007,75.95297,119.12539,105.298164,84.469025,162.02306,142.70506,112.776344,180.00146,159.45932,132.19049
171.30492,154.53838,122.16983,102.647865,91.87965,70.24581,122.692276,108.18093,86.49749,160.03004,140.38512,110.814026,179.34908,158.70647,131.56937
171.30322,154.04344,121.274185,103.08113,91.937546,70.82811,121.49611,107.30821,85.52733,160.07536,140.67291,111.52508,179.09814,158.66006,130.83914
171.23045,154.52315,121.51903,103.83783,92.83405,71.5666,121.82174,107.44691,86.07521,160.60638,140.51248,112.11391,179.11989,158.81941,131.29678
171.84952,155.64406,122.91206,104.92036,93.8975,72.28767,123.24175,108.82638,86.6794,160.82776,141.33618,111.68109,179.5805,158.91876,131.49933
172.24721,155.51886,123.04025,104.17598,93.24838,71.57376,124.97305,110.32329,88.10475,162.26959,142.8546,113.132805,179.5022,158.70879,131.24062
170.89024,154.91664,122.219185,104.30629,93.257126,71.88765,124.31741,109.889534,87.27726,162.70854,142.94041,112.644684,179.16946,158.97815,131.18579
170.73976,154.44434,122.1336,103.411934,92.59066,71.20296,123.310234,108.68808,86.74581,161.93987,142.04729,112.24072,178.67357,158.64038,129.59297
170.30066,154.0354,121.23131,102.826385,91.837204,70.959305,122.77944,107.71384,85.568825,161.32016,141.7805,112.48076,178.27495,158.40141,128.94615
170.57048,153.83632,121.89402,102.463936,91.659966,70.42612,122.64363,107.39938,84.91677,160.98888,141.51295,112.37064,178.40492,158.08768,130.5392
170.558,153.77614,121.699196,102.07336,91.525314,70.14,122.58908,107.296814,85.164505,161.17186,141.49248,111.74805,178.40668,157.74194,129.9766
170.68976,153.60599,121.035576,102.84765,91.83499,70.68149,121.18658,106.77854,84.15658,161.03827,141.24724,112.25595,178.32617,157.8647,130.6502
170.42108,153.37378,120.12991,104.56057,92.7316,71.90883,121.05771,106.01462,84.27209,161.53459,141.66441,110.967224,178.68526,157.99004,130.1616
170.08594,153.88705,121.635895,103.71811,92.90447,72.348785,122.64114,108.098114,85.76463,162.96387,142.48051,113.48799,179.36537,158.56554,132.42694
170.88943,154.17639,121.41164,104.96544,94.25717,73.73445,123.04638,108.17831,86.53465,162.78387,142.694,113.4123,179.37984,158.97661,131.55501
170.84753,154.29184,121.65177,104.86317,93.978935,73.47641,122.70726,108.19075,86.2159,162.73523,142.85548,113.86055,179.2911,158.83969,131.21425
170.6841,154.59859,122.800835,104.31708,93.615074,71.81544,124.64515,109.76433,87.56606,160.65999,141.57637,110.93454,179.25363,158.78815,131.24893
171.1106,154.55728,123.02168,104.22827,93.521194,73.330574,124.74898,109.90865,88.52288,160.81706,141.52492,113.4792,179.44284,158.76979,131.50441
170.71565,154.53099,122.32212,103.952126,93.05525,72.071175,124.134,109.71191,87.77198,160.82079,141.22491,112.07792,179.45183,158.58217,131.42384
170.63269,154.2442,120.917244,102.739876,92.20467,71.3399,123.19548,108.426704,86.8255,160.40442,140.73183,113.437904,178.90099,158.2531,130.03372
170.76073,153.97545,121.11483,102.43483,91.60801,70.75362,122.73629,108.05257,86.1159,160.29555,141.08607,111.808655,178.61226,158.42258,129.99153
170.61528,154.03456,122.64345,99.64264,89.047165,68.19294,122.83018,107.96764,86.25231,160.57513,141.14484,111.641014,178.33746,158.48053,130.15727
170.71529,154.12224,121.81143,99.97636,89.33767,68.78824,122.32257,108.02648,86.095665,160.19383,140.95554,111.59119,178.14961,157.98302,130.3592
170.84546,153.9282,121.94726,100.33933,89.6416,68.495865,121.7719,107.066216,85.11569,159.99002,140.94736,111.108505,178.16646,158.19675,129.76483
170.11903,153.44698,120.95798,101.048836,90.12767,69.292076,120.10195,105.871315,84.3954,160.19907,141.20647,111.58718,178.26549,158.2562,130.36737
170.73256,153.81963,121.69409,102.02337,91.3994,70.32002,121.09305,106.49258,85.1626,162.6843,142.45178,113.01695,178.6959,158.4035,131.40091
170.79738,153.84302,120.834595,102.77559,91.70871,70.469086,120.26869,105.88717,84.313225,162.34413,142.35258,113.01534,178.50124,158.62202,130.93391
171.08739,154.28268,121.138725,103.686874,92.47123,70.864426,119.91638,105.3096,83.55351,162.72176,142.73143,112.633606,178.51654,158.61931,131.49146
171.35178,154.49182,120.99919,105.14562,93.79175,71.83387,118.97609,104.930115,83.68041,163.08406,143.09146,113.486336,179.18823,158.55997,132.5183
171.3312,154.87749,121.48394,107.29925,95.918564,74.00561,120.21854,105.839905,84.79795,162.21248,142.17389,112.3164,179.52797,159.04193,131.37926
171.69025,154.3624,122.681404,107.86464,96.28492,74.23372,119.665085,105.51096,84.4578,162.83928,142.22597,113.39004,179.70541,159.03174,130.42169
171.49858,154.37941,121.39275,106.95684,95.3579,73.24476,119.579475,105.24884,83.876816,162.1998,142.05685,112.18091,179.51344,158.7967,130.99994
171.44737,154.22153,121.938995,107.04276,95.38075,73.03444,119.11885,104.58815,83.43618,161.24297,141.26659,111.81806,179.10475,158.52647,130.43034
170.163,153.3789,120.985664,101.224686,90.34304,68.966034,120.66912,106.16978,83.710945,160.15677,140.75871,110.72806,178.34726,158.00407,130.86375
170.48492,153.54727,121.7858,101.61531,90.40917,70.30226,121.42073,106.24951,84.06432,160.30008,140.72127,111.07408,178.67584,157.98929,131.35606
170.59398,153.6841,121.80116,102.17432,91.1212,70.21602,120.90334,106.60785,84.53478,160.64928,141.1308,111.90392,178.84486,158.56,130.06325
170.94266,154.14557,120.4578,103.4721,91.95874,69.96011,121.31688,106.602455,84.63557,161.40024,141.32574,112.54448,179.15959,158.41196,131.60367
171.08875,154.26593,122.91412,104.305466,92.28888,71.917404,121.66662,107.20737,85.94036,161.94772,141.59999,112.78191,179.35551,158.80623,131.18121
172.14137,155.70941,124.167564,106.82867,95.397934,73.81157,124.80252,110.435745,88.134514,161.92276,142.1768,112.96223,180.44208,159.56784,131.53897
172.34956,155.44174,123.3679,106.53442,94.81239,73.15475,124.34321,109.88874,87.801926,161.65402,141.87755,112.12508,180.41264,159.56985,131.89713
172.23752,155.51198,123.064766,104.558395,93.65624,72.66424,124.219666,109.59845,87.77902,161.98819,141.4529,113.71921,180.31201,159.45145,131.63805
172.40524,155.18613,122.21699,103.908966,92.42935,71.94185,122.915436,108.34465,87.27663,161.19046,141.01837,111.97978,180.0793,159.04318,131.20749
171.95004,154.73996,122.508934,104.06945,92.73125,71.7364,122.56047,107.56018,85.62232,161.72185,141.308,113.09269,179.79411,159.13768,130.92125
171.56476,154.48277,121.66426,100.116585,88.87993,69.08007,123.396515,108.13721,85.57694,160.83368,141.06863,112.36566,180.49136,159.56552,131.20358
171.86322,155.00317,121.65358,101.540375,90.349655,69.230034,123.16065,108.25294,85.638596,161.5333,142.0025,113.04851,180.48465,159.90445,132.46921
172.34134,154.98598,122.56525,101.98726,91.158005,70.23917,123.907776,108.530304,86.40586,162.09926,142.3321,113.04944,181.50621,160.53735,133.03761
172.22673,155.0033,122.793205,102.42447,91.45188,70.53258,124.13025,108.77552,86.44104,162.1365,142.16785,112.73815,181.27913,160.60004,132.87212
172.11427,155.13118,122.275505,104.367805,92.65128,72.198105,124.936104,109.92715,87.62855,162.61737,142.49934,114.24865,181.3644,160.49966,131.96225
171.6828,154.83154,122.209724,104.8373,92.966995,72.01804,123.07297,108.11745,86.01199,163.01605,142.71274,114.61054,180.6028,160.11797,131.64801
171.479,153.98439,121.1621,104.93465,93.12298,70.876144,121.72589,106.63157,84.33534,162.9181,142.50006,113.65189,180.38655,159.98906,132.18237
172.11183,154.00397,121.22236,105.46034,93.66338,72.00497,122.27897,106.737915,85.1634,164.0299,143.73082,114.43031,180.56056,159.87228,132.40007
171.81425,154.29033,121.86072,105.65125,94.20202,72.42956,122.00269,106.538956,85.2907,164.87485,143.71545,113.7998,180.8832,159.8434,132.57948
172.2164,154.80255,122.05349,106.89,94.99779,72.80423,120.67132,105.41319,84.077324,164.90962,143.93736,113.96974,181.01027,160.25177,132.81142
172.22774,154.6933,121.99656,105.43815,93.62216,72.26031,121.9891,106.63384,84.40433,164.18584,143.15926,112.90811,180.71844,160.19539,132.25996
171.82965,154.2976,122.060135,105.52448,93.67877,73.47792,121.16678,105.53582,82.968025,163.73065,143.13387,113.8779,181.36212,160.02623,132.4302
172.11859,154.6891,122.13082,106.585144,94.766205,72.76314,120.58647,105.165794,82.49971,164.4094,143.73032,113.540825,181.40419,160.33618,133.64421
172.15259,154.70578,121.92147,107.70285,95.61452,73.88484,120.29854,105.01573,83.73684,164.40392,143.67273,114.35035,181.16887,160.62267,132.27933
172.82144,154.88197,123.55512,106.85575,94.40171,72.71725,123.428474,107.798195,86.45432,165.30728,144.15974,114.787766,182.15897,160.2693,133.07207
172.57576,155.28632,122.10491,106.8201,94.65562,72.99408,123.45101,108.17822,86.37349,165.46648,144.16522,115.39286,181.8288,160.62091,132.24002
172.65161,155.37006,123.58544,107.752106,95.55723,73.8016,124.77446,109.59301,87.265335,165.6899,144.52379,116.566574,182.24455,160.98225,131.88617
172.40688,155.45807,123.4104,106.99772,95.10319,73.80371,125.420204,109.905365,88.021286,165.49034,144.48944,114.76618,182.08325,161.02025,132.54973
173.12076,155.69048,123.51531,106.371704,94.62249,73.11099,124.21693,108.67005,87.27972,165.28207,144.50787,114.21631,182.53001,160.84584,133.18808
172.91113,155.47166,123.42326,107.17714,95.67778,74.991585,126.401566,110.301704,87.7377,163.45586,143.06085,114.26947,182.03505,160.74907,132.64706
173.60162,155.68022,123.2958,109.24029,97.02226,76.00791,125.69857,109.88702,87.78293,164.13023,143.59749,115.519,182.10805,161.19902,132.73363
173.44014,155.81859,123.371574,109.98931,97.91238,77.41126,126.3225,110.47169,88.501076,165.75545,143.9326,114.74161,182.5456,161.58308,133.44537
173.3314,156.12463,123.43331,110.29702,98.09651,77.29476,127.35793,111.68907,88.96198,165.36418,144.02776,114.55451,182.70639,161.7595,133.17644
173.39021,156.61697,124.60671,108.41344,96.12563,75.219696,129.34274,113.75296,91.620766,166.97488,145.70247,116.204956,183.38841,162.42014,133.46935
173.27786,156.74498,124.46801,108.924675,96.872505,75.72078,128.49039,113.17447,90.16318,166.6592,146.08646,116.40878,183.25081,162.7162,135.15147
173.72258,156.46756,124.97155,109.32715,96.940956,75.11944,128.55098,112.77552,90.72118,166.6044,145.78946,116.22704,183.35886,162.28682,134.12099
173.95435,156.1372,122.63899,104.239296,92.53924,72.04472,127.97319,111.8732,89.974945,165.08725,143.68689,115.92261,183.12895,161.66306,133.91531
173.859,156.02525,123.220764,104.86253,92.93723,73.12511,127.41691,111.50773,89.46297,164.9877,143.95618,115.90622,183.18774,161.5616,132.898
173.8639,156.2075,123.88047,105.20398,93.7045,72.959694,127.41185,111.52707,89.49464,165.32391,144.41896,114.67106,182.94164,161.5488,133.75197
173.83812,156.48546,124.21453,107.26285,95.09695,74.16292,128.07452,112.21078,90.53484,165.94743,144.72539,114.88028,183.50554,162.1064,132.55109
173.70709,156.4506,123.8031,109.94327,97.84781,76.361824,128.06969,111.95936,89.674484,167.7487,145.75677,117.45218,183.92422,162.3119,133.86372
173.7227,156.06644,124.02172,110.47465,97.86121,76.97383,126.98497,111.203865,89.200935,167.44905,146.06874,117.233635,184.14145,162.29659,135.52438
173.83722,155.97885,123.325745,110.47474,98.007614,76.38294,126.71188,110.75333,88.63435,167.81317,146.10735,116.733765,183.5896,162.28339,134.15573
173.95728,155.97443,123.5876,110.69539,98.169014,76.88709,125.90557,110.28234,88.56933,167.65297,146.19102,116.62333,183.69073,162.13106,134.30899
174.12411,156.03427,124.46831,107.39817,94.737,73.54296,126.86933,110.86193,88.55709,167.46864,145.47867,117.16228,183.60994,162.13773,133.82976
174.32974,155.77637,122.57681,107.25245,94.48797,72.54965,126.21264,109.98204,87.93141,167.30484,145.7032,116.23857,183.49513,161.8631,133.53563
174.23064,155.93811,123.767845,107.27042,94.40651,72.658226,126.51838,110.364204,87.41376,167.24425,145.71382,116.29223,183.02028,161.93814,133.73492
174.12006,155.9256,123.15389,107.69441,94.91885,72.76898,126.825516,110.25718,87.9597,167.17883,145.93689,115.568436,183.42427,162.0701,133.78748
174.2395,156.16917,123.18169,105.98679,94.135216,73.41136,128.14346,111.82153,89.27085,165.56487,144.37115,116.06421,184.13443,162.12831,134.14717
174.22997,156.3218,123.2873,107.08516,94.54678,74.63816,128.01329,111.59835,89.36647,165.90392,144.37129,115.70587,184.42627,162.62135,133.80612
174.49101,156.29709,123.47497,106.782555,94.46879,74.021515,127.88327,111.39328,89.02833,165.71384,144.35355,115.092545,184.27896,162.60512,133.43599
174.51434,156.3138,124.31346,107.79299,94.92285,73.83185,127.56068,111.23291,89.042,166.24196,144.69922,116.35956,184.42006,162.60231,135.41344
174.64801,156.49359,124.164635,108.27944,95.37747,74.701584,128.17386,111.70419,88.025116,165.15259,144.50502,114.10063,184.34647,162.96942,133.97722
174.3734,156.19247,123.00638,108.375404,95.974014,75.32488,127.163445,110.76822,87.67452,165.5675,144.43413,115.49419,184.77733,162.82782,134.99875
174.20348,155.89607,122.845474,108.66519,96.13171,74.57501,125.97696,109.78542,86.95112,165.64583,144.18005,115.63176,184.56174,162.93962,134.55174
174.25842,155.7267,123.103645,109.15038,96.348175,75.13985,125.34038,108.49778,86.490685,165.42734,144.20952,115.52373,184.17046,162.77226,134.61049
174.43333,156.77719,124.376755,109.51023,96.88753,75.498024,126.03139,109.6295,86.14971,166.15681,144.99977,116.33654,184.3745,162.5856,134.27036
174.43085,156.72163,124.408676,109.734024,97.27164,75.63887,125.215576,108.88214,85.86322,166.59398,145.03006,116.09573,184.33125,162.36763,133.826
174.54257,156.5585,123.65792,109.497826,96.50672,74.758995,124.63056,108.14646,85.67398,165.6958,144.80603,116.0849,184.01521,162.04402,133.7984
174.54762,156.11919,123.928986,109.48478,96.35741,74.46654,123.916954,107.56928,85.03318,166.53203,144.7765,116.35814,183.50732,161.93785,134.1762
174.39441,155.61157,124.41082,106.07703,93.591644,72.91866,126.873474,110.40645,87.48822,167.28539,145.66467,115.83757,184.00568,162.19077,133.83534
173.87102,155.53362,123.18903,106.36479,93.824066,72.97083,126.190544,109.64666,86.98316,167.37082,145.6506,117.735,183.79318,162.01698,135.17274
173.99396,155.63809,123.52395,105.85876,93.68584,72.874756,125.912155,109.32922,86.74348,167.64854,145.7039,116.83565,184.12737,162.13844,134.55087
174.54315,155.9136,122.991005,107.28276,94.606995,73.84172,127.94669,111.150345,88.28319,165.32523,144.008,114.614204,183.96811,161.87697,133.86746
174.34166,155.59602,122.10571,108.0959,94.79815,74.13189,126.97208,110.2964,87.02409,165.32729,143.8429,115.4083,183.80106,162.06984,133.75143
174.56097,155.70238,123.99366,107.71642,95.06005,74.21658,127.07296,110.62453,87.61577,165.06439,144.12564,114.98033,184.04967,161.99953,133.38939
174.87268,156.3117,124.57997,106.798584,94.79273,73.87651,127.98205,111.451355,88.221214,165.52316,144.15964,115.57686,184.15724,162.0162,133.31447
173.9717,156.16394,124.66888,103.543884,91.07911,70.21987,130.90842,114.600365,90.88654,165.12952,143.66385,115.64217,183.6779,161.74487,134.06508
173.96147,156.17114,123.81198,104.26209,91.458244,71.658875,130.0256,113.5125,90.17584,165.35817,143.78499,115.960785,183.85968,161.70255,134.0984
174.29692,156.19284,124.62014,105.00898,92.56681,71.88902,128.99695,112.4544,89.01039,164.73328,143.99518,115.265816,183.91544,161.89224,134.76459
174.5378,156.13896,124.33698,105.66919,93.042366,72.736595,129.14067,112.50787,88.75409,165.63408,144.1096,115.59186,184.0583,162.39987,133.53532
174.65707,156.4964,124.938866,105.64639,93.28335,72.2593,128.85442,112.49162,88.82557,165.88464,144.29729,115.703964,184.14201,162.31001,133.96037
174.05533,156.27858,123.740875,105.45681,92.4915,71.804405,127.94665,111.92995,88.9273,165.16473,144.07616,115.98097,183.88382,161.822,133.93297
173.82024,155.76662,123.64708,105.71721,93.142845,72.09559,127.2677,110.795494,87.62104,165.88797,144.465,116.70834,183.4406,161.7775,132.84119
173.91714,155.9024,122.64484,105.24247,92.85628,71.61513,126.89236,110.14633,87.697784,165.40974,144.18227,116.47788,183.13957,161.6553,132.87053
174.36874,156.11635,123.13222,105.55622,93.02166,71.49149,126.00989,109.62207,86.84731,165.41855,144.2932,115.50108,182.85997,161.67812,132.93796
174.39508,155.75455,122.63861,104.8393,92.31127,71.18002,126.65876,109.81381,86.750465,165.7747,144.16505,115.70835,183.18575,161.77768,133.72517
174.44264,155.7635,123.26358,104.992485,92.44048,71.51616,126.72037,110.27411,87.13782,165.99991,144.23914,114.403854,183.37204,161.53816,134.2488
174.67921,155.70442,123.50142,105.38916,92.7705,71.715416,127.18805,110.581436,88.285164,165.79526,144.47351,115.89809,183.81905,161.52008,134.48538
174.23148,155.94563,124.09012,105.24589,92.49716,70.781715,127.06064,110.45807,87.166306,165.49629,144.26384,114.68018,183.16605,161.399,134.29897
174.20888,155.83371,122.89115,105.085335,92.26639,71.16143,125.47626,108.86139,86.02245,165.55768,143.76268,114.40105,183.15111,161.10547,133.36594
173.90257,155.9089,123.18539,107.77352,94.67599,73.5607,126.20616,109.79166,87.69167,165.44852,143.9634,114.80898,183.43481,161.41475,134.71796
173.53061,155.45169,124.22216,108.053505,95.11796,72.84939,125.370255,109.04451,86.92065,165.59406,143.7622,114.69247,183.1517,161.60202,133.76842
173.3595,155.50757,123.50172,107.545746,94.35584,73.62717,124.48247,108.662186,85.93353,165.24586,143.77303,114.34576,183.12993,161.67137,133.5788
174.27998,156.0618,123.88572,104.68941,92.48363,71.56931,127.80498,111.74799,89.06395,165.16014,143.86781,115.572685,182.6795,160.79411,132.77217
174.2376,155.92094,123.163574,104.75952,92.36231,71.39362,128.79866,112.408905,90.274055,165.05933,143.82484,115.76816,182.8169,161.05515,131.8749
174.38521,156.48106,124.535416,105.7209,93.183556,72.096306,128.63887,111.990585,89.62625,165.14445,143.99622,115.14723,182.98831,161.08963,132.99884
174.7851,156.40855,124.20858,108.70779,95.97758,75.8664,127.996735,111.63553,88.14769,165.31168,144.17435,116.24615,183.83006,161.70421,133.65747
174.33702,156.09164,123.77403,109.08849,96.19275,75.997215,127.29548,110.81574,88.03615,165.50896,144.02277,116.65287,183.47421,161.73387,134.07059
174.14432,155.71951,123.767784,109.048805,96.10977,75.6812,126.91661,110.332794,87.688545,165.58528,143.96175,115.85362,183.61014,161.7645,134.79697
174.07434,155.837,123.84906,109.45132,97.08521,75.38086,126.80008,110.14971,87.76484,165.7403,144.68831,116.23678,183.45366,162.02278,133.26076
174.54782,156.23984,124.5193,108.20112,95.23982,74.22853,128.5287,111.98391,88.913025,165.76472,144.34554,115.57726,183.51299,161.58807,134.20714
174.60445,156.14339,124.48609,108.237045,95.43887,74.20626,128.913,112.26267,89.33593,165.55916,144.6853,115.668495,183.28117,162.04543,133.48648
174.48904,156.55339,125.534615,108.66407,95.96753,74.531105,128.2592,112.247635,88.65669,166.16006,144.9346,116.22999,183.67082,162.07344,134.1826
174.78513,156.7427,125.2418,105.922165,93.356735,73.07392,127.17837,111.117256,88.40528,166.07484,144.9449,115.39114,183.51662,162.15205,134.18263
174.32684,155.88336,124.21243,106.05565,93.67149,72.92996,125.29806,109.032875,86.565636,165.91531,144.67952,115.24755,183.37132,162.03157,134.1598
174.22827,155.7014,123.45157,106.90881,93.928635,72.4305,124.8701,108.67403,86.1425,165.93752,144.58673,116.38659,183.56076,162.06268,134.56215
174.55602,155.74396,123.84549,106.76605,93.6039,72.66482,125.37605,109.0142,86.169044,166.44017,144.51373,116.024155,183.39183,161.86198,133.95648
174.31425,155.97893,123.668495,107.037964,94.390625,73.91951,125.36294,108.823654,86.13228,166.50429,144.66899,116.21312,183.82204,161.8441,134.08983
174.18068,156.1207,123.37706,107.65825,94.80198,73.3497,124.17874,108.02311,85.78295,166.10045,144.99123,115.90342,183.61514,161.85275,133.67523
174.37688,156.41794,125.140236,109.24678,95.97847,75.21104,126.64695,110.37922,88.23256,165.69835,143.9638,116.07586,184.06232,162.03334,133.69318
173.98404,156.27402,124.4174,109.79857,96.745766,74.816605,124.81397,108.60767,86.83925,165.78477,144.22398,114.611404,183.83575,161.94814,133.73946
174.69258,155.83635,124.327805,110.44693,96.95417,75.1865,122.91605,107.26127,85.256836,165.89503,143.88832,116.28564,183.87009,161.93642,134.11014
174.44328,155.78755,124.84931,111.21121,97.55098,75.650696,121.72271,106.19289,84.536354,165.44154,144.0124,116.16114,183.91873,162.03732,134.34007
174.44994,155.8019,123.96414,110.400764,97.07905,75.540596,121.88485,106.07302,84.15089,165.81387,144.02647,114.68385,183.65184,162.01381,132.42508
174.68161,156.14406,124.50494,110.15973,96.75715,74.994896,124.74383,108.19215,86.493286,165.90988,144.2689,115.54327,183.99637,161.67645,134.02121
174.68924,156.04556,124.109665,110.253426,96.65443,75.59752,124.895004,108.415375,86.041115,166.30977,144.20381,116.94631,183.73683,161.60855,134.02727
174.7436,156.32767,124.558655,110.44159,97.11315,74.99664,124.41124,108.37863,85.67171,166.02342,144.34482,114.664536,183.7332,161.68082,134.83194
174.53105,155.9282,123.74277,110.515144,96.84587,75.14102,123.680176,107.04746,85.09141,165.98381,144.39561,114.55585,183.2469,161.84544,132.85336
173.88634,155.85431,123.74126,104.72651,92.14163,71.94053,125.78795,109.68176,87.94696,164.646,143.66154,114.467186,183.64034,161.74374,133.44035
173.86555,155.71947,124.05624,105.48921,92.665184,71.8781,124.749344,108.58255,86.284615,165.27914,143.89365,114.98507,183.96931,161.4864,133.68242
174.0658,155.6511,124.363846,106.1533,93.19483,72.349754,124.00707,107.60621,85.683395,165.68178,143.65138,115.27209,183.21686,162.03801,133.72882
174.3493,155.94336,124.19372,106.59091,93.52506,72.89782,123.63786,107.35729,85.77516,165.98177,143.87175,115.519325,184.01514,162.09604,133.53128
174.52292,156.41965,124.88903,108.85132,95.3144,73.13791,128.04791,111.42641,88.32279,165.8633,144.16922,115.43194,184.17607,161.94708,133.98413
174.37372,156.53423,124.69038,108.58424,95.311806,73.25144,127.958855,111.5841,88.63779,166.14258,144.30165,115.83024,183.78807,161.61165,133.0766
174.50389,156.56808,124.17687,108.71712,95.56104,73.9862,127.49799,111.11622,87.89061,166.03049,144.46582,115.28052,183.82785,162.1148,134.4342
174.44655,156.18251,124.52448,109.08214,95.540596,73.85132,126.54399,110.173584,87.524864,165.664,144.36583,115.448,183.49814,162.13364,133.41435
174.25786,155.82234,124.291664,108.695335,95.77549,73.671135,126.0951,109.68623,86.859825,165.93411,144.2679,116.80026,183.70914,162.0417,133.88109
174.49162,156.13159,124.396126,104.78806,92.291084,73.02743,128.18153,111.628044,89.0235,165.26862,143.86823,116.10396,183.97128,161.83478,134.40305
174.49362,156.2752,124.46594,105.336685,92.5694,72.79599,128.00711,111.30387,88.52107,165.27142,144.04639,115.47059,183.67021,161.78444,134.06425
174.51445,156.08887,124.142,105.40215,92.92589,73.13251,127.42793,111.083176,88.83345,165.53065,143.9722,116.51922,183.64732,161.70404,133.1882
174.00986,156.1739,124.49488,106.08872,93.51743,73.73111,126.75294,110.53024,88.07221,165.91603,143.82648,115.87556,184.0361,162.29207,134.40181
175.01617,156.25458,124.11879,106.77035,94.25122,73.47386,127.204834,111.269516,88.28928,166.01855,144.24046,116.59431,183.85191,161.64435,132.85088
175.1122,156.00928,124.97066,106.92581,94.314064,74.3536,126.96574,110.731094,88.68769,166.16786,143.87318,115.18807,183.75722,161.28069,132.8877
174.89009,156.22498,124.25384,106.64895,93.89307,73.62761,127.58859,111.02932,88.38852,165.81583,143.8412,115.09512,183.57306,161.29315,132.39372
175.18706,156.17906,124.43959,106.85756,93.7746,73.78845,127.524796,111.03541,88.52366,165.86664,143.69405,115.29691,183.70844,160.82454,132.73207
174.91592,156.66508,125.470474,104.711716,91.8725,71.33156,129.03001,112.22438,88.30891,165.52919,142.98714,116.10655,183.52756,160.98538,133.14438
175.0268,156.14554,124.71901,104.67141,91.630295,70.678635,128.8016,111.842766,89.172646,165.22444,143.2109,114.70365,183.5253,161.1237,133.16995
174.62828,155.98682,123.706184,105.055374,91.762115,71.16779,127.73584,111.14752,87.94765,165.25067,142.91579,114.131424,183.3078,161.0297,133.01804
174.24643,155.37418,123.56187,105.13054,91.838455,71.60053,126.51157,109.776146,86.92214,165.05759,142.95938,113.991714,183.58603,161.117,133.2269
174.26091,155.39731,123.578156,105.21687,92.023705,71.02628,126.76967,109.8523,86.9453,165.65475,143.33282,114.92961,183.76372,161.34407,133.20091
174.42503,155.50044,123.60525,105.800224,92.41996,71.917625,126.37759,109.83998,86.90468,164.71698,142.71463,115.003,183.66846,161.62518,134.12114
174.27487,155.55696,123.673225,102.7105,90.01074,71.03151,126.52569,109.920715,86.39223,164.58836,142.8322,115.282074,183.77084,161.60628,133.14879
174.19403,155.54391,122.98391,102.21548,89.758514,69.67387,126.07357,109.11898,86.063324,164.4512,142.82417,114.25237,183.78835,161.69926,133.82767
174.09082,155.30865,122.80104,101.861664,89.56692,69.58091,125.2204,108.81337,85.50843,164.54758,142.79811,113.88201,184.00566,161.93979,133.77504
174.6748,155.54799,123.40013,101.35619,89.15069,69.0782,125.243034,108.33106,85.15831,164.44873,142.60812,115.114716,183.70262,161.92056,133.86383
174.28723,155.68808,122.96632,101.7768,89.42431,69.79278,125.9297,109.408936,86.262566,163.9308,142.33897,113.43552,183.58734,161.7376,133.64665
174.54877,155.38835,123.589386,101.292694,89.15191,68.5099,125.40938,108.950455,86.592636,163.893,142.54468,113.99171,183.44022,161.55353,133.18983
173.9206,155.28134,121.92106,101.18392,88.77577,68.430466,126.18996,109.31733,86.60344,163.57315,142.08777,114.14533,183.15765,161.27037,133.15945
173.76733,155.22061,122.881226,101.268166,88.646286,68.9022,126.21903,108.929794,86.66742,163.81007,141.79126,114.12285,183.31015,161.21283,132.69186
174.35905,155.91331,124.52159,103.639114,91.250725,71.014694,127.99482,111.2829,88.948845,163.82257,141.70973,114.21414,183.24739,160.7108,132.93594
174.29643,155.7255,123.694336,103.554276,90.7328,70.9277,127.237915,110.679955,87.9772,163.98639,141.67589,113.20303,183.03194,160.64497,132.89674
174.50102,155.50023,122.858376,103.47884,90.5535,70.46417,126.8544,110.33555,87.28532,163.4374,141.56294,114.33482,182.75905,160.59085,132.44621
174.45969,155.40163,123.22367,103.44493,90.75572,71.19388,127.11489,110.35181,88.42217,163.94067,141.62515,114.50818,182.89967,160.39133,133.2589
174.24791,155.42355,123.26676,99.51105,86.92196,67.09162,127.8524,111.18448,88.545235,163.71231,141.43497,114.314644,183.44977,161.07288,131.89096
174.16405,155.36292,123.88004,99.466705,86.59273,66.630104,127.69686,111.08479,88.34518,163.85231,141.21979,114.54848,183.30573,160.82262,133.35738
174.19458,155.13263,122.72996,99.22824,86.37899,66.9932,126.631645,110.00934,87.21146,163.67062,141.67139,113.88347,183.5433,160.95,131.98593
173.85217,154.61812,122.34014,99.316925,86.49075,67.097275,125.121475,108.48163,86.30784,163.55643,141.87804,113.793816,183.1368,161.18219,132.8285
173.69017,154.5616,122.40735,99.20003,86.33534,66.50727,124.688866,108.09567,85.498665,163.37746,142.0045,113.94889,182.87552,161.00461,133.1589
173.67221,154.61354,121.872734,98.820694,86.19955,66.79633,125.14956,108.69334,86.806206,163.41173,142.4665,115.18824,183.21022,161.56989,133.8203
174.04466,154.48878,122.36766,98.33969,85.82177,66.130196,125.66547,108.91588,85.89946,163.85497,142.7195,114.24521,183.22578,161.82452,134.74045
174.36496,154.72955,122.84636,98.56734,86.09065,65.30229,125.79083,108.88663,86.85272,163.9699,142.34573,115.48458,183.5256,161.85977,134.48827
174.39412,154.98384,122.309685,98.93739,85.87865,66.47283,125.04332,108.725845,86.26346,163.53873,142.28102,115.766464,184.37025,162.24046,134.66786
81.553276,56.879063,50.59516,112.60164,78.78835,62.576324,150.0116,112.26183,95.01397,119.76805,97.583694,77.72966,180.76323,165.00467,157.59834
83.52943,58.374126,49.994884,114.96303,81.720764,65.32541,147.34563,109.29422,92.20689,122.46994,100.40315,81.38407,176.8743,160.92522,153.3877
86.83278,60.146404,51.53765,116.818474,83.01477,64.59611,146.01935,108.083534,89.44386,123.32883,102.339195,78.79041,174.04393,157.0512,150.02068
90.70233,62.767715,52.73995,118.65439,84.243706,65.38505,144.68138,105.92275,88.033005,125.87679,104.366974,81.99064,169.02565,152.10945,145.6075
96.4486,66.05614,54.255894,119.31475,84.32251,66.09515,143.18909,103.05865,85.11562,131.13087,108.19084,80.92703,163.0947,144.49962,139.0532
101.15873,68.7035,56.23849,117.51144,82.60343,63.552692,141.43544,100.7428,81.82512,133.88649,110.36332,83.85115,155.94952,136.71187,131.00957
191.72577,174.98032,144.6656,191.1037,174.48189,144.19633,196.69864,178.36906,150.0338,169.50743,154.4118,127.78081,200.76396,187.208,170.67438
191.95815,175.23029,145.06622,183.57703,168.48453,138.29082,191.45264,173.99417,144.9278,169.7425,154.73851,127.75192,198.16908,184.51762,168.41437
192.71309,175.16072,145.09708,178.95018,164.44916,136.83388,187.44962,170.08008,143.75327,168.48155,153.99722,128.91376,196.61374,182.58473,166.66818
134.94356,114.56769,87.85771,109.37518,94.71352,72.80111,125.76402,107.372025,84.60693,97.18565,83.425934,65.62776,141.99782,126.3579,111.47184
135.75821,114.622375,86.5972,101.01398,88.486984,69.86693,111.13086,98.229454,82.155136,101.805756,86.454834,69.06939,145.92741,131.8006,114.76588
135.91139,114.87043,87.257744,101.01921,88.036354,69.23887,110.72705,97.87839,81.90219,101.1957,86.61072,69.37486,146.22412,132.18863,115.75098
134.95496,113.806915,86.58997,100.689476,88.67627,70.28919,111.10008,98.68712,83.125374,101.93948,87.076065,70.02673,146.04189,131.89027,115.07508
133.74518,112.153244,84.79227,105.15739,92.34659,72.97831,115.3021,103.27927,87.05696,102.28662,87.46783,69.62937,145.39453,131.05043,114.66695
143.70073,131.48517,105.87958,105.04494,94.490036,75.304375,101.469315,91.37503,78.89214,144.35277,125.66274,98.41089,158.80504,139.86792,115.06353
144.61452,132.36354,106.08135,105.60222,95.00773,75.50613,99.60692,89.814125,77.4454,144.45303,125.91779,98.37767,158.6242,139.97487,115.80362
144.8388,132.6593,106.38548,106.11108,95.61697,76.07822,97.50453,87.46803,75.66394,144.84828,126.28762,98.94494,158.28798,139.22627,114.985504
145.42953,133.27446,106.62784,106.852005,95.807365,76.10881,95.21711,85.275635,72.93013,145.56705,126.45985,99.40948,157.5295,138.56001,114.672905
148.30856,129.84358,99.98532,90.67213,77.049675,58.011974,96.07507,80.534584,64.616646,143.5622,123.79024,93.91952,158.0349,138.40424,110.62663
148.12517,129.40756,99.487625,91.27265,77.11807,57.173874,93.60114,78.46999,62.89097,142.69981,122.83125,94.940254,157.34705,138.12675,110.962296
147.56194,128.62299,98.781586,91.95583,77.47672,57.97898,91.71465,76.696846,61.79198,142.33418,122.039055,93.76671,156.91931,137.68678,111.36486
147.29074,128.12483,98.348434,92.70982,78.126015,58.08779,90.02931,75.42284,60.696182,141.4736,121.036514,91.96986,156.34393,136.96045,110.73758
147.4906,128.96721,99.6172,89.55457,76.05584,57.218075,94.04909,78.54728,62.05326,141.38647,120.567085,91.813416,158.04541,138.21286,111.17791
146.93094,127.990616,98.83693,90.40191,76.74889,57.655262,91.569176,76.192726,60.716003,141.1328,119.91052,91.004616,157.75623,138.21303,111.36714
146.54443,127.80174,98.91112,90.9131,76.96938,58.399506,90.34514,74.80034,59.568527,140.66096,119.54686,92.38597,157.90283,138.0825,111.54092
147.21333,128.96982,100.1293,85.89414,73.41444,55.994137,97.82225,82.272095,65.008026,141.24544,120.2676,92.85987,157.65074,137.05002,109.507
146.95587,128.51666,99.64952,85.33937,72.8933,55.710503,96.945526,81.47338,64.28565,140.74907,119.81694,91.43321,157.09705,136.76115,109.60937
146.73987,128.01573,98.263,84.77355,72.04524,55.049053,95.987564,80.553314,63.669785,139.91867,119.468636,91.01825,156.67592,136.33832,108.31866
146.72711,128.52652,99.28622,81.436775,69.65158,53.647644,100.71914,84.41098,66.596664,139.76244,118.764046,90.78692,156.65147,135.85902,108.76861
146.8658,128.48636,98.98041,81.50636,69.62396,52.748753,99.17481,83.264465,65.989136,139.93478,118.82948,91.13293,156.14346,135.68378,106.811554
146.51772,128.35611,99.21741,81.43465,69.49493,52.894203,98.01943,81.91632,64.36186,139.23988,118.68893,90.42981,156.34323,135.63443,107.824356
146.53984,127.83567,98.3688,81.77826,69.49912,52.200214,96.55888,80.22453,62.811516,138.73611,117.9473,89.96932,155.93349,135.48209,108.47052
146.35976,127.23483,98.57684,81.47915,69.0918,52.12868,95.43058,79.35937,62.385845,138.66048,118.54375,90.19053,156.12213,135.39102,108.51477
146.87424,127.108505,97.4997,83.17999,70.985535,54.065376,96.001976,80.42436,63.10624,138.05536,117.4262,90.12793,154.7082,134.64386,106.86807
146.31912,126.57521,96.536644,82.159615,70.153625,53.335938,95.37805,79.52688,62.70254,137.29373,117.0901,89.00201,154.12709,134.04623,106.84453
146.19685,128.07213,97.93561,83.70291,71.83421,54.970173,98.43107,82.42969,64.88786,138.84769,118.11205,90.65628,155.19775,135.08165,107.564186
146.49376,127.997955,98.68314,83.02529,71.073135,54.12854,97.275795,80.95921,63.73693,137.50356,117.78746,90.25714,154.98155,134.78342,107.59234
145.82675,127.11831,97.404655,82.22445,70.36502,53.147697,95.77554,79.37904,62.396847,137.08836,116.853165,90.42614,154.48048,134.22954,107.95251
145.68724,126.40427,96.58072,82.47778,70.13013,52.854168,94.99018,78.48541,61.85955,135.7849,116.13609,90.14998,153.4442,133.53174,106.83213
145.56903,125.67895,95.49349,82.096344,69.853355,52.342876,94.2686,77.78101,61.011456,135.36403,115.93489,88.84671,152.45616,133.04492,105.7522
146.78336,127.28107,97.50607,83.0174,70.71059,53.499355,98.02758,81.84618,64.45708,139.29137,118.760735,90.323296,155.0751,134.14702,106.59639
147.08955,127.55512,97.5977,83.00657,71.03138,53.78374,97.11143,81.520966,64.336914,139.18578,118.54605,90.000534,154.65808,134.5633,106.60507
146.72366,127.26163,96.931854,83.23932,70.952995,53.375584,95.87062,80.19451,62.88843,138.95757,118.10953,90.28634,155.11371,134.2983,107.0385
146.40137,126.61076,97.2772,82.191765,69.87962,52.552464,95.79132,79.79246,62.48665,137.7519,117.20952,88.62216,154.04086,133.89635,106.966705
146.01353,128.17522,98.59778,81.6307,70.18167,53.426636,99.74533,84.19078,67.04591,137.49039,117.07362,89.2757,155.04703,134.22665,106.185585
145.45778,127.33292,97.333496,82.43171,70.838936,54.11429,97.93131,82.44339,65.46326,137.54973,116.98052,89.20789,154.93839,134.02663,106.07419
145.334,127.20172,97.88283,83.06696,71.300514,54.012615,97.69487,82.167496,65.04069,137.5445,116.924515,88.76726,154.88878,134.39244,106.13603
146.91641,128.93517,100.16242,85.32077,73.35537,56.42934,102.339195,86.493935,68.686226,140.81479,119.57718,91.42355,156.77939,135.41614,107.69195
147.34286,129.31134,100.98855,85.26015,73.54055,56.651344,103.10897,87.2755,69.222435,141.23553,120.01888,91.90348,156.49223,135.47012,107.411575
147.42451,129.32187,100.39292,85.90681,73.76988,56.91115,103.28243,87.86568,69.524605,141.19553,120.213776,92.1007,157.20757,135.78737,107.94743
146.86275,129.18144,100.36933,86.36504,74.177345,56.81921,102.20794,86.79137,68.37188,141.22469,120.0286,92.28664,157.2152,135.79756,108.25193
146.8061,128.81125,99.67194,86.50693,74.32649,56.728424,103.98587,88.478096,70.45409,139.48491,118.42536,91.488045,157.41382,135.71738,106.56976
146.39838,128.65616,99.76134,85.84276,73.934586,56.332188,103.804375,88.20288,69.73653,139.1961,118.28113,90.88582,157.2176,135.42215,107.615456
146.63286,128.8845,99.73242,86.722755,74.50136,56.914062,102.88843,87.30259,69.31401,139.1922,118.03912,90.08544,156.81839,135.78552,106.972946
146.71074,129.1493,99.82664,87.93276,75.66762,57.6453,102.220726,87.09109,69.283585,139.37683,118.45398,89.883606,157.40363,136.13942,108.13347
146.74782,129.36655,99.823814,88.4062,76.687546,59.393448,103.38122,87.98815,70.00088,141.29518,120.30072,92.70156,157.38065,135.82684,107.66946
146.9072,129.25598,100.43792,88.61597,76.71464,59.25329,104.64095,89.02178,71.1078,141.55038,120.43943,91.46162,157.04097,135.96906,107.337105
146.72316,129.20946,100.23015,88.50188,76.67953,59.15704,104.880295,89.4302,71.42292,141.9868,120.43658,92.1866,157.67355,136.02524,108.0346
146.7638,129.32346,100.05261,85.93363,73.96672,56.273632,105.17757,89.5213,70.650826,140.9626,120.01392,92.45111,156.3067,135.29477,106.760635
146.45503,128.73079,99.61131,86.29278,74.20754,56.51039,104.321014,88.41394,69.286995,141.21739,120.111916,92.115524,156.68633,135.29614,106.7041
146.31328,128.6844,99.88842,86.73405,74.46934,57.334415,104.26286,88.47244,69.61104,140.88438,120.00659,93.341,156.91544,135.45778,107.53775
146.53258,128.88858,99.89026,86.21193,74.03625,56.394794,104.30746,88.43669,69.47562,140.24702,119.85863,92.66569,156.58778,134.94768,106.75196
146.32246,128.65295,99.992905,83.18353,71.65936,54.60657,104.31848,88.39948,69.47577,140.3226,119.50434,91.64914,156.57892,134.9291,107.36057
146.23088,128.43169,99.36339,83.02051,71.343155,54.212368,103.04266,87.28384,68.91284,140.40944,119.32048,91.85673,156.28429,135.01222,106.98747
146.21022,128.2107,98.71353,83.49944,71.50065,54.028473,101.14702,85.34388,67.11468,140.25192,119.20441,91.10572,156.20583,135.07452,106.49631
146.0174,127.84261,98.48971,83.959366,71.89144,54.195072,100.11802,84.234604,65.88757,140.0736,118.75614,91.234924,156.13573,134.87022,107.01182
146.17166,127.74088,98.641205,84.39638,72.942665,55.637577,99.778244,84.096855,65.91711,140.56375,119.27884,91.74802,156.63342,135.56044,106.87116
146.69672,127.79423,98.63514,84.98112,73.196106,55.751984,99.38563,83.549355,65.690544,140.30463,119.40031,91.47832,157.06447,135.71259,106.83793
146.5347,128.24612,99.091064,84.7548,73.04082,55.948986,100.06691,84.27976,65.89727,140.39215,119.820496,91.96747,157.018,135.50305,107.81124
146.05142,127.996,98.95488,85.41882,73.40043,56.29218,100.40199,84.71606,66.45338,140.66931,119.69987,91.012054,157.21458,135.58267,107.20171
146.51231,128.44713,99.834076,84.187706,72.66677,56.056725,104.297295,88.74049,70.12929,139.0258,118.1381,90.927,156.6252,135.07895,106.1745
146.76872,128.64355,99.5212,84.07202,72.72813,56.179054,103.59645,88.248474,69.91093,139.29088,118.439095,90.95391,156.6602,135.1699,105.745514
145.988,128.31166,98.80586,83.70481,72.1524,55.53182,102.69868,87.26948,69.31857,138.79135,118.14465,90.6863,156.01967,134.9649,106.05853
146.2897,127.84931,97.93638,82.97817,71.515915,54.934353,102.2894,86.72265,68.727585,138.55502,118.03198,90.67169,156.13667,134.64005,106.73075
146.43933,128.00763,98.443596,83.43365,71.95228,54.3368,101.75451,86.31316,68.67729,139.12283,118.19939,90.91674,156.06792,135.63661,107.110146
146.49663,128.15057,98.5112,84.88964,72.81074,55.362347,102.32359,86.92825,68.621826,139.47675,118.44626,91.75867,157.258,135.83026,106.44228
146.73738,128.52498,99.22709,85.462036,73.32516,55.444923,101.872635,86.60537,68.771904,139.74753,118.65442,91.67851,157.07481,135.99416,107.596886
146.79807,128.36589,98.519714,85.10478,72.8758,55.503124,102.327705,86.768486,68.63505,139.72752,118.67841,90.759544,156.8666,135.97821,107.19667
146.49492,128.85944,100.02798,85.73788,73.796364,56.52419,104.88776,89.040085,70.436386,141.31114,120.10052,91.44877,156.85384,135.14772,106.8394
146.88686,129.14531,99.731155,86.00898,74.119,56.26203,104.43996,88.655975,69.21881,140.97069,120.05136,92.38814,156.84453,135.42485,106.497086
146.45471,128.87459,99.72681,86.32014,73.95227,56.739285,105.03885,89.0965,69.779144,140.59914,119.877014,92.39174,156.7494,135.07358,106.88988
146.52858,129.05338,99.877914,84.52472,72.707825,55.74786,104.0459,88.5061,69.73524,139.42816,118.446815,91.21366,156.50497,135.2157,106.57281
146.35265,128.41798,99.31246,84.0109,72.210205,55.299057,103.60781,87.936104,68.91998,138.89012,118.26696,91.22237,156.42802,134.89464,106.61233
146.19989,128.44519,99.72741,84.358795,72.569984,55.715137,103.709335,87.85108,69.091034,139.11407,118.26005,91.1636,156.59952,134.86868,106.71203
146.32587,128.21007,100.12058,84.42005,72.86298,55.69761,103.33307,87.40601,68.51221,139.24455,118.1753,91.4808,156.97536,135.10658,107.07235
146.1418,128.35056,99.66493,85.137924,73.255424,56.83172,102.75968,86.974655,68.28346,139.28741,118.29032,91.58149,156.58475,135.15222,107.59476
145.91318,128.2327,99.09478,84.9303,73.10377,56.106316,102.55111,86.869316,68.45129,139.11066,118.320854,91.93132,156.50685,135.23935,107.23831
146.1137,128.2708,99.58404,84.80208,72.82136,56.615685,102.352036,86.60387,67.945526,139.24765,118.321686,90.81036,156.66864,135.10432,107.73462
146.02782,128.49918,99.9287,84.613525,72.769325,56.226044,102.07881,86.41327,67.74819,139.18304,118.21441,92.06489,156.89209,135.27159,107.98834
146.15869,128.0762,100.01853,84.704315,72.88049,55.866493,103.211876,87.55394,69.23042,140.71242,119.40189,91.861626,156.35706,134.96976,106.271935
145.99747,128.38864,99.51543,85.314865,73.250206,56.213974,102.80512,87.30337,69.29846,140.71492,119.68105,92.60888,156.71317,134.82582,106.12327
145.97981,128.43755,99.360374,85.719185,73.67937,56.164463,101.80145,86.10385,68.17109,140.82484,119.6258,91.95733,156.31541,135.22574,107.005684
145.7478,128.02197,99.36613,85.81302,73.62125,56.750107,100.3973,84.97316,66.80625,140.18611,119.26444,91.83742,156.16528,135.09639,106.98497
146.68939,128.08,98.68028,84.69383,72.912674,55.955692,100.78333,85.521416,67.24847,138.69534,117.76547,90.15567,156.49458,135.23962,107.41984
146.61847,128.30585,98.67458,85.19539,73.347855,56.44651,100.12174,84.68768,66.85919,139.12453,117.624794,91.67442,156.3067,135.4947,107.12923
146.81026,127.95782,98.62853,85.41979,73.60774,55.821945,99.44558,84.23354,67.09687,138.89552,117.854034,90.561325,156.55934,135.57571,107.900505
146.82164,128.24274,99.1072,85.51645,73.826836,56.25331,99.55681,84.524704,67.079834,139.29407,117.949684,90.67939,156.56764,135.59128,107.045135
146.32057,128.83858,99.84711,84.83927,73.28352,55.480686,102.9625,87.33567,68.80241,139.48074,118.33027,91.094315,156.51773,135.50201,107.97252
146.36748,128.92467,99.45603,85.293365,73.48856,55.603672,101.8232,86.26996,67.748085,139.06065,118.219475,91.28835,156.59467,135.33127,107.25299
146.3221,128.78963,99.610344,85.77447,73.696304,55.804066,100.98931,85.28153,66.87521,139.11998,118.014786,91.11286,156.6322,135.25197,107.373344
145.86699,128.19824,99.193436,84.13978,73.06699,56.058098,101.64018,86.04192,67.57455,138.62302,117.77564,90.63826,156.59232,134.87291,106.49914
146.00833,128.59404,99.27742,85.11484,73.73962,56.198853,101.621346,86.31317,67.32523,139.0133,118.00377,90.790146,156.36252,135.02847,107.42088
146.02657,128.39758,99.26081,85.6206,73.97539,57.054054,101.32455,85.68446,67.75043,138.76326,117.598495,91.336754,156.34535,135.03381,107.52462
146.17998,128.62149,99.234924,85.684235,73.92933,56.571095,99.7729,84.660805,67.00441,138.56981,117.63891,90.42494,156.48509,135.22491,107.341866
146.47342,128.40805,99.31472,87.43063,75.06852,57.14822,99.23637,84.33224,66.88046,138.65874,118.03202,90.98614,156.4627,135.0935,107.17014
146.28152,128.35957,98.773346,88.70955,75.95402,58.006668,97.482346,82.73066,65.32404,138.79733,117.73677,90.88967,156.84293,135.59624,107.68933
146.14043,128.47107,99.69609,89.20477,76.46308,57.912235,97.845245,82.77494,65.91655,138.99294,117.84099,90.85879,157.39546,135.69926,107.65497
146.4194,128.49974,100.44278,89.63877,76.61214,58.3675,98.33784,83.6449,66.71041,138.9992,117.9873,90.52117,157.20712,135.7035,106.83298
146.53386,129.10945,100.98917,86.44639,74.773445,57.967033,102.29338,86.98168,68.93978,140.12508,118.91156,92.33856,157.73775,135.32684,107.56825
146.36844,128.42209,99.84809,86.76594,74.828384,57.64639,101.56007,86.52167,68.06157,140.25716,119.04183,91.972595,157.47362,135.45747,106.57072
146.23242,128.66519,99.90027,86.847755,74.85607,58.15417,101.51107,86.2296,68.298294,139.95317,118.96211,91.27906,157.18045,135.53221,107.179016
145.6676,128.23167,99.59283,86.56849,74.638596,57.35448,100.408,85.34669,67.45279,139.49171,118.466194,91.37437,157.19826,135.79608,107.587555
145.83484,128.29709,99.89644,84.999115,72.97166,56.3805,102.2451,86.67648,67.879074,139.74924,118.288414,91.01231,156.54604,134.81102,106.318474
145.85333,128.40947,99.56959,85.29188,73.545296,56.749687,102.58554,86.930824,68.03267,139.56169,118.16432,91.26008,156.76747,135.12616,107.816185
145.80556,128.59543,99.50251,85.238846,73.59105,56.765305,102.7013,86.96974,68.04315,139.7759,118.63738,91.60436,156.61017,135.25528,107.376495
145.59958,127.95689,99.11003,83.768,72.70739,56.566925,104.11729,88.232895,69.61453,138.47797,117.23522,89.830795,156.84715,134.78607,106.63964
145.79758,128.05673,99.90241,84.51998,73.16585,56.716755,103.53349,88.11404,69.45644,138.90942,117.85104,92.190865,156.78023,134.98532,106.39496
145.93594,128.02032,99.28032,84.63435,73.41417,56.883778,103.444084,87.97472,68.920456,138.92218,117.55654,90.233505,156.62585,134.92653,106.42194
146.29861,128.81114,100.60103,85.53241,74.15408,57.64982,102.87153,87.55421,68.56634,139.2198,117.94768,91.15193,157.14796,135.52216,106.41098
146.0698,128.46971,99.83804,87.15284,75.11021,57.113476,101.991356,86.34179,68.410904,140.34264,118.813286,92.274345,157.35507,135.78606,106.43828
146.01025,128.54242,99.984695,87.59258,75.32107,57.6712,101.77165,86.37323,68.067856,140.07256,119.00554,92.54872,157.44138,135.75299,106.65513
146.33728,128.69685,99.74544,86.964584,75.05465,57.35801,102.03624,86.75093,68.3802,140.3003,118.781624,92.177055,157.47897,136.04137,107.65357
146.791,128.67691,99.98368,84.310165,72.89713,56.264862,105.61027,89.83819,70.36374,139.61395,118.5557,91.47493,156.54266,134.64207,106.854706
146.51642,128.5472,99.53451,84.6848,73.0599,56.132336,104.738754,89.06085,69.49127,139.82289,118.459984,92.99311,156.54678,134.8302,106.896385
146.28601,128.34341,99.33337,84.56088,73.10754,56.492012,104.23153,88.6797,69.66839,139.41792,118.21659,90.997765,156.36864,134.84291,106.20389
146.46039,128.3783,99.63183,84.878075,73.19313,56.498974,104.419586,88.67416,69.61038,139.3767,118.33912,91.44803,156.3342,134.75307,106.45314
146.56236,128.10133,100.043274,85.35545,73.4885,56.930984,104.01346,88.33047,69.14294,139.54683,118.54429,91.755165,156.14888,134.27032,106.39954
146.70251,128.28574,100.02715,85.20883,73.254234,56.638508,103.99167,88.41484,69.13113,139.68617,118.04778,91.16274,156.10368,134.3539,105.90006
146.59482,128.48734,99.896255,85.92372,74.187935,57.210003,103.75282,88.14065,68.96248,139.575,118.50974,91.534836,156.45232,134.51039,105.995
146.36108,128.20837,99.20745,85.70807,74.142975,56.92558,102.91936,87.25729,68.23788,139.6567,118.467316,91.49285,156.45363,134.60378,106.040375
146.61296,127.921005,99.1947,84.01666,72.1654,55.22327,104.283264,88.608315,69.27923,138.24251,116.87402,91.37958,156.25613,134.53966,105.83005
146.2182,127.93828,98.65162,83.635345,72.01782,55.141064,103.85252,88.220535,68.83169,137.7192,116.761116,90.94486,156.29498,134.3552,105.619774
146.28763,127.98844,98.29856,84.27475,72.255585,56.131897,103.69395,88.08437,69.44566,138.07451,117.03523,91.34242,156.3442,134.38092,106.150856
146.59145,128.66042,99.67354,84.87057,72.95277,55.804256,103.15929,88.01309,68.90104,138.06467,116.956474,90.562096,156.56203,134.7771,106.07373
146.16272,128.18912,98.96482,85.83602,73.83216,56.30829,101.27335,85.88947,67.79049,138.0356,116.84069,90.76378,156.41737,135.0055,106.18466
145.92975,127.91945,98.30745,86.996544,74.72892,56.17171,98.11158,83.214966,65.513054,138.04703,116.736244,90.567375,156.63318,135.02574,106.83587
145.81087,127.65289,98.80952,87.81257,74.94418,56.69005,97.35252,82.47459,65.10148,138.03236,116.46427,89.893196,156.4385,135.40971,107.597946
145.76488,127.428665,98.656456,87.16338,74.59643,56.779743,98.205284,83.1399,65.4376,137.92691,116.66228,90.05004,156.33043,135.26091,106.87263
146.44444,127.9363,99.12479,83.648636,72.04987,55.583805,101.533905,86.09137,66.96463,137.72466,116.7168,89.46266,156.68198,135.30199,106.647545
146.24443,127.847305,99.51639,83.59589,72.170265,55.54914,101.81792,86.16256,67.98908,137.40033,116.6945,90.15686,156.65215,135.29839,107.30958
146.05998,128.00116,99.277756,83.8159,72.28396,55.888924,102.07381,86.32703,67.47507,137.8199,116.75032,90.42519,156.94086,134.99347,107.4411
145.99365,128.08002,99.91073,83.408104,72.17376,55.71153,101.6309,86.13711,67.528755,137.28426,115.945114,89.62113,156.78955,134.96054,106.837
145.40062,127.76326,99.13319,82.10264,70.73078,54.112686,102.53272,87.14952,68.343864,136.31357,115.79626,89.75387,156.47885,134.52475,106.342224
145.5531,127.65171,98.528984,80.82443,69.568115,53.35178,101.81323,86.01839,67.70183,136.44164,115.859985,90.02898,155.77719,134.24374,105.96147
145.32349,127.447624,98.48673,81.39595,70.00949,53.776688,102.123085,86.13098,67.488556,136.57323,115.56591,89.40945,155.77554,134.20303,106.21218
145.62999,127.57431,98.807526,81.36854,70.4785,54.346954,104.222885,87.83865,68.474205,136.56839,115.79216,89.98442,155.56065,133.48969,104.791245
145.81407,127.517876,99.295395,81.97003,70.69906,54.348057,104.08317,87.71692,68.02034,137.21194,116.03965,91.48329,155.90967,134.09946,105.101036
145.67409,127.64425,98.946495,81.7491,70.53776,54.589863,103.443695,87.28287,67.84304,136.71587,115.97434,90.38191,155.96,133.92834,104.33977
145.51665,127.26972,98.563774,81.42068,70.1089,54.25755,102.989655,86.86153,67.332184,136.36513,115.87669,89.5352,155.88124,133.87613,104.12438
145.4777,127.202354,98.398476,81.48729,69.927376,54.2726,103.772316,88.01368,68.25401,136.8873,116.04447,89.612946,155.78201,133.7185,105.741585
145.28638,126.90077,98.22672,81.65608,70.16232,54.60128,103.634415,87.75777,67.89003,137.0462,116.03567,90.93824,155.56935,133.89232,105.40554
145.29498,127.27237,98.23504,81.7306,70.388145,53.976612,103.09768,86.89627,68.11312,136.74222,115.76179,89.25687,156.01866,133.7528,105.77668
145.30333,127.382576,98.492424,83.12905,71.155334,54.906532,102.03021,86.07684,66.95645,136.62708,116.11231,89.32053,156.06213,134.19577,106.40526
145.02419,127.52991,98.6811,84.42757,72.64364,56.09571,101.32004,85.70632,67.407135,136.59625,115.854965,89.51142,155.7232,134.73457,106.24915
145.02585,126.86556,97.763535,84.159584,72.35908,55.50955,100.01705,84.165695,65.84404,135.89827,115.44578,89.25802,156.23366,134.47134,105.53386
144.8654,126.92151,98.30959,83.575485,71.66537,55.564453,99.91579,84.19939,65.32812,136.44247,115.30282,89.15485,155.85362,134.12517,104.68484
145.12663,127.21628,98.83018,83.28431,71.68929,55.19366,100.47232,84.49635,65.58885,136.48943,115.50346,90.07206,155.68074,134.1716,105.630554
145.45813,127.56083,98.29965,82.63045,71.17486,54.70739,102.69791,86.68592,68.59054,138.29205,116.99584,92.03173,155.80984,133.87514,104.48869
145.63092,127.40521,98.97738,83.07384,71.170166,54.72223,102.70287,86.87937,68.017044,138.24149,117.05717,90.79645,155.72032,134.0827,105.768074
145.32948,127.69305,98.60319,82.861694,70.91181,54.247566,102.5133,86.927605,67.69822,137.74089,117.102486,90.657616,155.59288,133.77391,105.53737
145.08488,127.50644,98.56007,82.21216,70.72118,53.952236,102.110886,86.19642,67.373764,137.82321,116.97586,90.646774,155.54834,133.62708,105.087776
145.26784,127.21735,97.57812,81.68947,70.21181,53.928284,102.23645,86.77691,67.93968,138.071,116.77123,91.107124,155.60075,133.4129,103.97698
145.24141,126.7122,97.73841,81.78172,70.39164,54.181232,101.19261,85.79017,67.12089,137.91737,116.596146,90.55632,155.53099,133.37914,104.44545
145.22418,126.8188,97.51797,82.38155,70.70872,54.252544,101.425156,85.93812,67.30639,138.3299,117.06654,91.87658,155.81227,133.27168,105.430374
145.07138,126.72652,98.075806,82.5026,70.80812,54.262665,101.71296,86.13792,67.62041,137.97264,116.872765,90.427025,155.43956,133.68597,105.82365
145.11255,127.285706,98.84182,82.13044,70.73136,54.07722,104.25116,88.290054,68.81001,136.28249,115.893326,90.17332,155.65321,133.84715,105.94588
144.96976,127.29235,98.81653,82.17766,70.33006,54.00234,103.88374,87.90099,68.75726,136.49284,115.69189,89.447044,155.7133,133.87753,105.33108
145.04305,127.0604,98.45779,82.51983,70.41664,53.824924,103.763565,87.63264,68.19482,136.33482,115.52501,88.96006,155.55476,133.87332,105.20733
144.93726,127.41901,98.46713,82.66844,70.9027,54.221287,103.573845,87.35536,68.54784,136.52727,115.45609,90.33296,155.67722,134.03465,104.83512
145.0319,127.133804,98.92141,82.99311,70.990295,54.80467,102.76791,86.75249,68.01226,138.2328,116.46904,89.27432,155.78915,134.3369,105.866974
144.79236,126.94046,98.10486,82.87041,71.38496,55.062386,101.76102,85.81574,66.86769,138.0185,116.4315,90.11909,156.23099,134.2164,106.19762
144.53888,126.95196,97.83059,84.006546,72.046486,55.73358,100.8686,84.93536,66.37576,137.8282,116.52959,90.668396,156.15411,134.58357,105.90902
145.2427,127.263626,98.54876,83.6772,71.65218,54.988125,102.663376,87.18985,68.6049,136.22356,115.44238,89.557655,155.9389,133.98883,105.67848
145.26796,127.76509,98.559814,84.08249,72.2624,54.917908,102.8692,87.567986,68.90674,136.54346,115.56898,89.906685,155.97899,134.2744,106.37023
145.40382,127.78881,99.04367,84.84994,72.88221,56.136112,103.35718,87.83317,69.28028,137.2244,115.911736,89.6475,156.2679,134.57,105.6434
145.12527,127.404655,98.51355,83.85322,72.12016,56.316887,102.2944,86.80367,68.028366,137.52435,116.53393,90.416176,156.34517,134.20152,106.06721
145.05165,127.101875,98.3216,83.45703,71.88504,56.40044,102.04733,86.6943,68.12906,137.13187,116.312874,90.30928,156.00111,133.92331,105.68001
145.13011,127.5238,98.81651,83.97747,72.4338,56.218605,101.4355,86.42611,68.32447,137.57327,116.1166,90.5274,156.01395,134.1783,106.10391
144.92398,127.41274,98.417755,83.950645,72.41355,56.1962,101.04668,85.76339,67.49157,137.50508,116.20969,89.742,156.02385,134.02446,105.3597
145.15527,127.316315,98.424484,80.88563,69.721115,53.735497,103.83114,88.02575,67.99811,135.11995,114.69183,88.836464,155.63309,133.67384,105.29422
145.03798,127.12894,98.23479,80.622795,69.597374,53.95038,104.3938,88.38118,68.4959,135.72375,114.54039,88.66041,155.638,133.75525,104.90655
144.83061,126.98044,98.61113,80.58991,69.498695,54.024345,104.19878,88.37225,68.713974,135.25623,114.49959,89.42751,155.77742,133.42801,104.84278
145.01343,127.20747,98.04519,80.338264,69.66127,54.683456,104.481865,88.63534,68.87812,136.0586,114.68633,88.93246,155.15132,133.03065,104.47425
144.94217,126.95335,99.13825,80.29904,69.45615,54.57047,105.2378,88.98439,68.98416,135.92212,114.70613,89.76777,155.47797,133.05655,105.25936
144.59917,126.864746,98.53413,80.035545,69.3869,53.994923,105.498955,89.22504,69.73886,135.57797,114.66669,90.24436,155.62202,132.831,104.87184
144.96136,126.913055,98.53274,80.15247,69.367256,53.924786,105.351234,89.26223,69.3272,135.74138,115.207466,88.961136,155.51202,133.04974,104.262955
144.90985,127.18621,98.359146,80.03629,69.0589,53.962048,105.38079,89.414276,69.46814,135.46268,114.82688,89.143875,155.62604,132.79274,104.26604
144.75215,126.93714,97.82978,79.021164,68.4553,53.868633,106.03439,89.79696,69.93924,135.96536,114.74158,89.60631,155.278,132.51938,103.6386
144.9129,126.96428,98.131645,78.74542,68.35041,53.69703,106.086395,89.971756,70.17515,135.56638,114.69439,89.90951,155.0163,132.69087,103.065285
144.69147,127.00817,98.31946,79.10824,68.4472,53.72354,106.14751,89.90761,70.249916,135.64522,115.043465,89.51863,155.35205,132.76753,103.49079
144.59842,127.146355,98.94642,78.410545,67.91782,53.21591,106.05511,90.115364,70.3564,135.481,114.592224,90.03255,155.21957,132.36406,103.457016
145.13403,126.95062,98.28616,78.426674,67.79451,53.021072,106.37959,90.06634,69.9896,136.5912,115.86623,89.53204,154.82108,132.99059,104.4122
145.31433,126.94379,97.88308,78.78465,67.87767,52.541786,106.66229,90.21552,70.19896,136.98407,116.10948,90.81939,155.04901,132.79712,103.753845
145.25456,127.03683,98.78772,78.50714,67.66821,52.33761,106.33047,90.22117,69.98507,136.80847,116.07109,90.82786,155.20561,133.01817,104.50965
145.12555,127.185234,98.16456,79.29778,67.96679,52.733253,106.39551,89.98077,69.56399,137.29219,116.11176,90.604034,155.03464,132.76695,104.28548
145.39748,127.49142,98.714806,82.92678,71.086075,54.444504,104.632545,88.83742,69.579124,137.9395,117.1297,91.90184,155.1373,132.85703,103.781166
145.54028,127.71943,98.943726,83.10031,71.18562,55.036102,104.639175,88.58508,69.45334,138.2182,117.46051,91.58112,155.18895,132.96463,104.94076
145.6604,127.56753,98.779854,82.96849,71.38828,55.013058,104.16261,88.13472,68.583626,138.13159,117.43683,91.72642,154.9038,133.1455,104.79571
145.40868,127.40014,98.45807,83.251785,71.51784,55.009495,103.38356,87.81081,68.20579,138.35255,117.40804,91.17516,155.78444,133.64833,105.34172
145.30516,127.260666,98.1529,83.30833,71.75126,55.2334,103.13121,87.77052,68.58602,138.00784,117.50249,90.74107,155.90283,133.5194,104.714355
145.7833,127.58607,98.71138,84.10784,72.27879,56.084667,102.62018,87.1961,68.15974,138.31964,117.31168,91.634476,155.92755,133.938,105.81805
145.5917,127.503815,98.8886,84.11574,72.163666,54.706974,101.215195,85.700005,67.092865,138.20232,117.38685,91.02889,155.80309,133.76927,105.765434
145.50298,127.21585,97.91578,84.53854,72.41612,55.59995,100.09866,84.79228,66.47698,138.34938,117.11543,91.71372,155.69493,133.64268,105.90642
145.096,126.97529,99.219574,82.72591,70.93064,54.319515,99.682,84.099724,65.47901,138.33116,117.093506,91.10439,155.99348,134.34254,106.05775
144.9562,127.36051,98.7015,83.16962,71.215416,54.00594,100.05239,84.498665,65.55438,138.31895,117.54668,91.64505,156.19316,134.58481,106.96866
145.07079,127.28629,98.65022,83.18871,71.38989,54.855476,99.76364,84.10641,65.852104,138.66667,117.59931,91.84257,156.48491,134.66454,106.023735
145.22725,127.795586,99.470215,82.43273,71.38216,55.642742,103.339615,87.28516,68.21097,137.02147,115.92278,90.43342,156.75076,134.3574,106.90487
145.52472,127.71653,99.429344,83.048454,71.38141,55.481697,102.96713,86.92102,67.665886,136.97105,116.00372,90.61846,156.44514,134.54437,106.70641
145.65144,127.822235,99.30135,82.84905,71.39984,54.922604,101.73714,86.07188,66.62788,136.49352,115.74388,90.89645,156.51622,134.46422,105.95217
144.93732,127.41594,98.846695,83.07618,71.38029,55.158295,99.58768,83.81847,65.103874,136.91621,115.5559,90.6002,156.44316,134.34604,106.523705
219.44484,214.28398,188.4804,190.0768,188.09029,167.42418,210.79285,208.69283,186.59482,217.21301,210.3827,182.95554,229.28883,220.95998,195.9287
219.27702,213.65984,187.39165,191.57677,188.87138,169.19406,210.01312,208.48613,186.92957,217.2877,210.34883,183.42018,228.4319,220.27625,196.24886
218.9038,213.11845,186.11717,190.75757,188.88106,168.48203,209.91731,208.1688,186.58835,216.95935,209.78697,183.67975,228.13156,219.98308,195.44739
211.46417,205.34465,178.01115,181.5723,178.12424,157.96695,202.20393,199.9269,178.4102,208.61707,200.6778,174.16832,221.61778,212.58745,188.18929
216.77899,211.25026,186.50102,161.16908,156.58038,132.88216,186.99461,184.74396,167.1963,209.47844,200.50227,172.83476,222.01038,214.5738,193.93478
210.76575,204.52274,179.0625,147.89183,142.71219,118.57875,175.68457,172.58058,155.03993,200.87862,191.22205,163.5087,217.35834,209.63414,187.90445
206.91786,200.07895,174.70547,143.30336,137.38058,114.478966,168.79419,165.10516,148.28711,196.65428,186.42943,158.93074,214.45457,206.98732,185.42236
206.9835,199.73573,173.72162,145.38916,138.54118,115.093346,162.1094,155.95569,137.24738,197.54901,187.2514,159.73552,214.97612,207.25136,185.9365
205.37965,195.44087,167.40652,142.45181,133.70027,108.9891,161.56053,155.21225,137.45723,197.5777,186.64175,159.66148,215.17195,207.3434,186.04318
221.60088,212.97577,185.858,158.65663,150.40848,124.00953,175.75693,170.81,152.41016,213.62836,203.32872,177.56828,232.32716,224.24716,206.07687
221.73041,213.20676,187.01395,161.52208,153.06567,126.41802,174.74171,170.02676,152.084,213.99138,203.68294,177.21402,232.89372,224.93971,206.3679
221.09549,212.27975,185.15591,154.89362,146.61966,120.09199,179.48781,174.08214,155.15726,213.37894,202.81848,176.19827,232.0807,223.61768,204.35991
221.3802,212.27643,185.6665,154.78912,146.81087,119.23391,179.39066,173.98566,156.02034,213.43788,202.9138,176.7507,232.11609,223.66026,204.6281
221.4013,212.37366,186.2009,155.26729,147.01093,120.90009,179.38524,173.99162,155.77943,213.65126,202.846,176.24953,232.29575,223.65475,204.48103
221.54391,212.5958,185.94864,155.02216,146.63525,121.103065,179.81485,174.38979,156.31586,213.59674,202.95016,175.42004,232.05418,223.74355,204.24527
221.52666,212.56676,186.33566,149.64488,141.695,116.11891,181.82971,175.70128,156.41875,211.8555,201.47916,174.80988,230.66396,221.80272,202.25842
221.51407,212.65851,185.67798,149.67897,141.86983,116.058945,181.98663,175.7008,156.30115,211.91563,201.68828,175.50331,230.68991,221.82516,202.05331
221.49576,212.93399,186.15625,150.84877,143.28996,117.35216,182.40134,176.08023,156.822,212.5819,202.32805,176.42595,231.03711,222.08281,202.7986
221.5882,212.78464,186.01451,151.35518,143.52983,118.461235,182.31793,176.35205,156.86566,213.05325,202.19228,176.7362,231.15094,222.21211,202.77003
221.80788,213.22375,187.0103,151.68091,144.27705,118.52171,182.2282,176.58705,157.1503,212.98663,202.36882,175.74179,231.36078,222.50322,202.99826
221.52298,212.79272,186.93633,149.12326,141.95897,117.27703,180.2288,174.31496,155.16634,212.11829,201.73027,175.69083,231.40059,222.66992,203.78775
221.65965,212.80698,186.40184,148.96378,142.05357,117.54325,180.79886,174.64784,155.58969,211.9577,201.62425,175.05136,231.45793,222.69168,203.09511
221.68842,213.09741,186.64046,150.19733,142.56987,117.63447,180.7279,174.77974,155.63734,211.99321,201.86987,175.4477,231.544,222.80031,203.31267
221.79237,213.07397,186.64737,147.06955,139.22267,114.43883,180.87756,174.78322,155.01921,211.11517,200.81506,174.87637,231.1602,221.77911,202.05067
221.79861,213.13788,187.22171,146.20677,138.86676,113.63945,181.809,175.87283,156.71658,210.95987,200.48817,174.8029,230.99306,221.71725,201.37416
221.96902,213.11462,186.81366,146.79619,139.24348,114.844955,181.9428,175.98695,156.92696,210.9198,200.62396,174.6186,231.00174,221.61879,201.88312
221.82555,213.36784,187.22026,146.10594,139.05869,113.52038,181.24127,175.32732,155.81642,210.60692,200.3197,174.46143,231.0461,221.98544,201.63953
221.42783,212.67935,186.37866,143.88928,136.77164,112.3538,182.54318,176.32394,157.28969,209.90755,199.77316,173.81769,230.41911,221.33322,200.90927
221.5773,212.36583,185.7816,142.32915,134.69513,110.07682,182.88574,176.23288,156.69562,208.49538,198.47812,172.20271,230.32634,220.8368,200.43361
221.4576,212.34737,185.50655,142.62291,135.19545,110.42738,182.55211,175.90579,155.76402,208.72702,198.6856,172.39874,230.14381,220.82135,200.18259
221.94812,212.72588,186.17912,145.97841,137.97711,113.037994,181.25557,174.8754,155.65414,210.17749,200.12236,174.43999,230.86038,221.7223,201.72763
221.85565,212.74574,186.15836,147.0479,138.95242,113.33546,180.73349,174.46994,155.51425,210.70964,200.21252,174.21039,231.45656,222.11134,202.66042
221.89857,212.78761,186.15642,147.5125,139.50244,114.81621,180.75017,174.6028,155.56242,211.12187,200.81242,174.93076,231.56607,222.18517,202.51569
221.95215,212.71555,187.07904,147.86671,139.54407,114.61576,180.87395,174.48952,156.21759,211.44704,200.93333,174.7057,231.805,222.2527,202.78648
221.88257,212.95956,186.5824,148.24911,140.48575,115.618645,181.51598,175.04398,156.3311,211.90955,201.4527,175.89342,231.88753,222.61105,203.08109
222.03853,212.98367,186.18166,146.66731,139.41385,114.32975,182.06502,175.8669,156.56447,211.3848,201.06998,175.43912,231.5163,222.23326,202.15865
222.07486,212.88484,186.21559,147.24718,139.47449,114.48064,182.08276,175.86462,156.59787,211.7839,201.33539,175.18059,231.4931,222.26175,201.77843
222.00517,212.52036,185.28067,145.24272,137.94916,113.87542,182.47198,175.91522,156.87946,212.16621,201.71419,175.76207,231.89784,222.63791,202.4987
222.14816,212.86765,185.70166,146.28325,138.7085,114.26238,182.37651,175.88846,156.6557,212.36401,201.96034,175.78441,232.16377,222.78772,202.99211
222.44424,213.0864,186.09877,147.14343,139.53903,114.38609,181.80594,175.50082,156.11049,212.46082,202.41652,176.68842,232.42053,223.22466,203.60872
222.72772,213.25792,186.1065,148.40846,140.58635,116.41623,181.34422,175.01022,155.6826,212.95453,202.59143,176.96495,232.7422,223.82509,204.00343
222.55403,213.21745,186.3546,148.34293,140.68651,115.683395,180.88536,174.46857,155.33983,213.04813,202.6484,176.66673,232.99927,223.80461,204.5857
222.39726,213.4673,186.61484,147.91931,140.56285,114.1194,184.16414,177.9843,158.26315,213.07817,202.50067,176.22514,231.87138,222.82585,203.16132
222.45097,213.34805,187.06367,148.29099,140.48349,116.10102,184.67203,177.98788,158.34233,213.20944,202.57213,176.62335,231.87766,222.54172,202.70024
222.54514,213.28131,186.81319,148.04521,140.6669,115.73489,184.57574,177.87738,158.42119,213.0114,202.38591,177.16342,231.73587,222.54053,203.14444
222.62201,213.34439,186.7852,147.76501,140.26866,115.953636,184.72018,178.02911,158.99055,212.58556,202.19838,176.67369,231.72632,222.53906,203.4044
222.40163,213.2901,186.74751,147.7157,140.30965,115.96162,184.2127,177.62791,158.26442,211.75308,200.92374,174.95493,231.81076,222.68188,203.55432
222.53749,213.3632,186.50517,147.66064,139.78377,115.22978,184.00346,177.4102,158.33383,211.5858,200.85962,174.8169,231.73375,222.66571,203.73463
222.68285,213.4631,187.02402,149.15762,141.30008,116.87209,182.86847,176.26912,157.18988,212.0235,201.64243,174.96161,232.1149,223.12291,203.90329
222.79552,213.47862,186.51086,149.85532,142.02036,116.44555,182.9749,176.58574,157.06882,212.72534,201.89268,176.30318,232.3315,223.38141,203.62859
222.98619,213.66402,187.23607,152.11928,144.51651,119.3529,183.25648,176.92279,157.9477,213.44853,202.4985,176.54848,232.08052,222.68785,202.49638
223.28523,214.02873,188.00583,154.88678,146.77399,121.60013,182.91518,176.32518,157.56636,213.76285,203.2232,177.6266,232.89236,223.53366,204.01546
223.4097,214.11772,188.7405,155.04955,147.12703,121.71901,182.06262,175.94234,157.1744,213.94531,203.29088,177.1996,232.89542,223.54831,203.83032
223.46025,214.0387,188.12302,154.332,146.07932,120.95258,182.122,175.85092,156.9171,213.8357,202.84319,176.39175,233.0043,223.65768,204.31772
223.22752,213.93846,187.52496,154.55283,146.1539,120.729225,184.56476,178.15288,159.26494,213.6915,202.98814,176.97852,232.97565,223.50847,203.764
223.33472,214.16754,188.1701,154.01094,146.01506,120.85909,185.47649,178.98308,160.24059,213.8532,203.03468,176.71422,232.90596,223.60951,203.80565
223.52368,214.50546,188.28555,155.10143,147.27888,121.80967,186.07512,179.80057,160.59128,214.2867,203.4888,177.62372,233.1141,223.58119,203.74747
223.5161,214.48741,188.08607,154.31667,146.07645,121.45273,186.06909,179.81557,161.39503,214.12645,203.43596,177.7836,233.49368,224.12901,203.98813
223.54228,214.5242,188.28662,154.68164,146.48058,121.17411,186.06316,179.71225,161.08723,214.37244,203.76048,178.38992,233.64777,224.23851,204.58508
223.8259,214.77592,188.9498,155.29893,147.0394,121.6177,185.3882,179.09625,160.77484,214.54716,204.1598,178.4289,234.10257,225.01477,205.59056
223.79382,214.61935,188.53464,155.06746,146.77226,120.88047,183.99849,177.58667,159.21307,214.76756,204.10689,177.72714,234.15501,224.9639,205.48161
223.97768,214.92613,188.91493,153.60379,145.53726,120.72247,184.25742,178.14223,159.30576,214.23447,203.3759,177.80983,234.18597,225.20296,205.87709
223.8055,214.77472,189.15079,153.07187,145.37082,119.49335,185.20773,178.9232,160.77711,214.08916,203.2142,178.03896,234.16772,224.80585,205.22469
223.66638,214.49617,188.51978,152.49171,144.30986,119.40658,185.56165,179.26102,160.69174,214.08293,202.93369,176.60628,233.91975,224.35281,205.13449
223.74669,214.3142,188.80406,152.4558,144.73341,120.31986,185.2093,178.49347,159.31815,214.02751,203.1135,177.52461,233.95776,224.58704,205.7159
223.84724,214.46747,188.61691,149.32649,141.71286,117.24792,186.53416,179.79236,160.14598,212.7151,201.98099,176.66937,232.75343,223.07216,202.64093
223.78534,214.2543,188.31984,149.77963,142.04419,117.24589,185.26178,178.53354,158.79124,212.86143,202.16946,176.96217,233.07033,223.24852,203.42238
223.76581,214.20181,188.33627,150.145,142.44951,118.087006,185.33318,178.49333,159.01439,213.20622,202.12483,176.2902,233.07591,223.30351,202.71925
223.91989,214.45668,188.20201,152.36401,144.22046,118.91448,187.13753,180.33575,160.5859,214.17844,203.36229,177.6813,233.4902,223.65503,203.59973
224.00839,214.65619,188.74393,152.32857,143.8474,118.25319,187.76433,180.69934,161.39908,214.24077,203.33582,177.65498,233.58035,223.72058,203.83723
224.22629,214.53299,188.34946,152.04007,143.58775,118.01621,187.49156,180.58131,161.2718,214.24574,203.39406,177.42255,233.35077,223.56409,203.52023
224.39162,214.77019,188.7487,151.49162,143.5005,117.596016,187.81628,180.68074,161.11469,213.82045,203.29263,176.93336,233.13007,223.73978,203.53674
224.13907,214.70535,188.58838,149.88992,141.82558,116.29302,189.18735,182.23514,162.47208,213.44243,202.56163,177.45949,232.78014,222.90009,202.8087
224.2883,214.8619,188.6889,149.92183,142.03802,116.88433,189.58911,182.48102,163.08534,213.23203,202.3368,176.48674,232.63647,222.70561,202.41006
224.48831,215.11928,189.36554,150.538,142.309,116.89941,188.9203,181.60721,161.63837,213.57971,202.50478,176.7035,232.83534,223.07742,202.85828
224.66136,215.18652,189.0996,151.78697,143.48215,116.92911,188.27281,180.83582,160.6124,213.6917,202.92766,176.89105,233.08374,223.34671,203.2335
224.79095,215.11914,188.90184,152.3569,144.02112,118.51524,188.37238,181.03674,161.6249,214.57701,203.8325,179.12901,233.62875,223.73474,203.45834
224.93016,215.28444,189.03175,152.00104,143.47478,118.63037,188.6424,181.35313,161.26224,214.7163,203.85907,179.2648,233.50035,223.75436,203.75862
225.03616,215.43109,189.34209,151.35701,142.9533,117.5729,189.40779,181.89456,161.77133,214.69536,203.82341,178.91989,233.48541,223.8258,204.24367
224.7095,215.32944,189.26666,152.02844,143.7627,117.62867,189.7584,182.82231,163.45062,214.56822,203.82529,178.71222,233.37927,223.78786,203.7355
224.80492,215.10771,188.18329,152.8452,143.90323,118.01229,189.1343,182.10596,162.68149,214.48994,204.00296,178.77388,233.68402,224.05322,204.01581
224.7597,215.30136,189.5879,152.77647,144.2259,118.32285,189.35893,182.53432,163.03603,214.83861,203.92471,178.66183,233.60739,224.14934,203.90105
225.22882,215.5971,189.89583,153.87645,145.70317,119.53803,189.21156,182.30278,162.88759,215.0929,204.43163,179.29095,234.094,224.3823,204.65369
224.9109,215.60968,190.05344,154.03012,145.93782,119.84269,188.30666,181.56064,162.4033,215.39444,204.16745,179.11694,234.22581,224.4212,204.7039
225.10611,215.73001,190.00557,152.59558,143.8746,117.9292,188.23647,181.50256,161.22498,214.48698,203.44562,177.40184,233.82913,224.06541,204.0629
224.81537,215.25154,189.04338,151.93918,143.43057,117.13122,188.40532,180.99489,161.06297,213.79375,202.69394,176.10086,233.48398,223.45746,203.50507
224.91528,215.17395,189.28624,152.38069,143.50279,116.88079,187.99098,180.55815,161.04623,214.45085,202.81529,176.78233,233.80759,223.48192,203.12744
225.08005,215.19734,189.76106,152.14064,143.51163,117.63015,188.45442,180.8956,161.30316,214.27484,202.9625,176.61899,233.59758,223.544,202.90584
225.08946,215.29889,189.34694,148.84648,140.55127,115.545784,188.519,181.08484,161.31577,214.57603,203.24811,176.96326,233.66957,223.71269,203.87933
225.16551,215.31702,189.66862,148.59235,140.22607,114.69401,189.45367,181.96866,161.29803,215.1567,203.91801,179.37532,233.90982,224.0416,204.52493
225.49466,215.74605,190.54521,148.93184,141.0259,115.98577,189.85582,182.38904,162.10664,215.4785,204.71265,179.0146,234.34041,224.75555,205.1293
225.84894,216.13539,190.48615,152.63454,144.25958,118.33671,188.44257,181.13336,161.89395,214.70161,203.87894,178.99127,235.58173,226.19742,206.71098
225.9113,216.02786,190.03065,152.95087,143.97662,118.842766,188.3859,180.65353,160.9144,215.0386,204.22626,179.66203,235.69281,226.32033,207.56398
225.88931,216.01363,190.31853,153.30588,144.71965,118.98159,188.23862,180.30035,160.25214,215.3755,204.59358,180.61557,235.75133,226.40382,207.10321
226.137,216.25777,191.01878,153.28233,144.65918,119.03014,188.69179,180.97757,160.83887,215.54317,204.74168,180.39171,236.04875,226.66383,207.56288
226.00514,216.17079,190.26497,153.50192,145.09781,119.48667,190.41719,182.9283,162.97522,215.78656,204.94344,180.84854,235.3085,225.8485,206.99774
226.30577,216.53046,190.25098,153.74919,145.10263,119.85329,190.72574,183.36308,163.66887,215.54369,204.9338,179.86537,235.43172,225.90038,206.98932
226.42203,216.42744,190.28676,153.56367,145.15897,119.83313,190.48155,183.0932,163.12549,215.40742,204.90662,180.54128,235.26862,226.07808,207.10039
226.35608,216.5266,190.43372,153.20775,144.95306,118.79648,190.71123,183.17854,163.27673,215.4805,205.04633,180.37737,235.4532,225.9647,206.73225
226.18141,216.63985,191.02174,152.74232,144.41338,120.045265,191.63249,183.86227,163.57788,216.58162,205.91762,181.54248,235.2047,225.71457,206.5211
226.1874,216.66327,190.91942,152.65085,144.26122,118.86782,191.60677,183.95895,163.74954,216.28969,205.72723,180.82881,235.06024,225.4776,205.6878
226.25874,216.69254,190.59097,153.96817,145.06201,119.20828,190.80943,183.4189,163.5881,216.68745,206.07755,181.53754,235.46828,225.89296,206.311
226.22424,216.43307,190.67224,154.53969,145.8752,120.41396,190.46011,182.76505,162.95888,217.03864,206.18518,182.20544,235.40172,225.99702,207.0347
226.59642,216.80142,191.10559,154.19095,145.67049,119.69669,190.8206,183.87886,164.48628,216.86774,206.18864,181.90556,235.4399,226.0825,206.84029
226.45636,216.58685,191.35269,154.52434,145.79054,119.341995,190.29881,182.84799,162.69156,216.88377,206.20656,182.37921,235.52856,226.06894,207.07143
226.3953,216.43102,190.46942,154.61018,145.81503,120.03422,190.131,182.52872,162.91937,216.8366,206.177,181.97426,235.6238,225.96648,207.21806
226.53708,216.58519,191.52873,155.01895,146.04085,120.10617,190.21855,182.59117,162.94351,217.11755,206.35794,182.3031,235.59143,226.12778,206.94496
226.36852,216.5895,191.41643,153.62773,144.62206,118.566185,189.95341,182.50261,162.69382,217.55981,206.77815,183.2904,235.10246,225.34074,206.79619
226.42818,216.59724,191.25778,153.9312,145.13713,118.089516,189.67984,182.60954,162.85013,217.63507,207.12737,182.75935,235.02914,225.38423,205.97978
226.43256,216.75287,191.7096,154.43108,146.10481,119.63165,190.9531,183.58932,164.76193,217.89514,207.11046,183.30853,235.02258,225.37047,205.82166
226.48712,216.83804,191.569,154.23048,145.50874,120.03163,191.033,183.89154,164.2069,217.75986,206.97714,182.86473,234.81471,225.32257,206.29498
226.59415,217.00092,191.65295,154.25433,145.53664,119.34349,190.89136,183.77762,163.8426,217.71028,207.13373,182.82155,235.02702,225.37209,205.94138
226.50197,216.8544,191.6116,153.71631,145.12543,119.38365,190.3219,182.88377,163.81068,217.62964,206.99394,182.77776,234.9708,225.56244,206.13809
226.26448,216.93437,191.1585,151.7097,143.2914,117.53651,193.31352,185.5085,164.93887,215.06537,204.43266,180.55931,234.4683,225.10934,205.92462
226.30957,216.9126,191.328,151.83638,143.05823,117.81851,194.05481,186.13745,165.06833,214.85461,204.44788,180.59575,234.1824,224.61139,204.95807
226.89323,217.40186,192.0998,154.2201,145.29791,118.52916,193.1783,185.27231,164.67699,215.86485,205.2273,181.41866,234.63287,225.38881,205.95558
226.98138,217.51376,192.05115,156.99051,147.80055,121.13731,191.03406,183.46237,163.17918,218.37613,207.93579,183.35477,235.396,226.19101,207.06218
227.25352,217.35945,191.81061,157.96909,148.32803,121.1096,190.42244,182.50072,162.31596,218.26198,207.98845,183.64998,235.59967,226.4774,207.7301
227.2501,217.57097,192.04759,158.17723,148.45163,121.52273,190.60637,182.82492,162.2078,218.5265,208.03474,183.0364,235.79422,226.44441,207.2644
227.57947,217.70369,192.73878,158.88739,149.4727,122.589264,190.83931,182.86688,162.50774,218.51395,208.12183,183.91032,235.66754,226.40138,207.64952
226.54341,217.14076,191.8552,158.25179,149.03577,122.501595,187.92274,180.99051,161.6614,218.5674,207.97673,185.04935,236.12431,227.13681,208.86992
226.7688,217.11737,191.8728,158.66458,149.0636,122.69204,187.74043,180.487,161.69598,218.41531,207.88457,184.02426,236.14148,226.99217,208.54704
226.72552,217.1923,192.22256,157.27094,148.4492,122.401436,188.4904,181.11261,162.27327,218.52766,207.91304,183.90147,235.98007,226.72778,207.97282
227.36703,217.77843,192.72624,155.52753,146.92639,120.67886,190.4198,183.20201,163.65436,215.63216,205.11502,180.93004,235.67435,226.05333,206.2251
227.35162,217.69058,192.68399,157.1175,147.85469,121.39148,189.72997,182.30489,162.47836,216.03294,205.62839,181.52649,236.01817,226.62704,207.37169
227.14673,217.55603,192.33429,158.10738,148.90363,121.98673,188.73529,181.07361,161.1288,216.13718,205.73036,181.22429,236.19336,226.8379,207.93402
227.4268,217.94102,192.66061,156.48738,147.57806,121.40705,189.90396,182.69926,162.62553,215.8543,205.50302,181.46179,235.97621,226.56638,207.16838
227.1922,217.71825,192.65842,152.54517,143.84167,117.77664,192.24721,185.14403,164.89413,215.77512,205.3866,181.09003,234.50864,224.69609,204.9624
227.2491,217.947,193.16895,151.79877,143.3686,117.79322,192.95988,185.6539,165.76682,215.59006,205.14404,181.36101,234.26187,224.5884,205.1604
227.44093,218.11269,193.35294,150.44968,142.32347,117.342705,193.69345,186.60744,166.3676,215.27203,204.87025,180.49402,234.0232,224.25403,204.17485
227.46902,218.16708,193.39967,150.222,142.01161,116.40973,194.1813,186.77962,167.20096,214.95294,204.67618,180.72562,233.8302,224.10158,204.1161
227.39413,217.88573,192.81694,150.24695,141.53876,116.024666,194.28036,186.47958,166.15985,215.37505,204.65337,181.07907,233.95885,224.09595,204.11703
227.41019,218.188,193.21014,150.17973,141.94612,116.85623,194.53552,186.93025,166.43262,215.42094,204.89203,181.26323,233.97035,224.02942,203.87065
227.52017,218.31198,193.24144,150.18365,141.76021,116.34297,194.40096,187.1437,167.12799,215.31036,204.85428,180.87494,233.95451,224.20294,203.96307
227.59296,218.41725,193.36835,150.52446,142.14746,117.07569,194.76352,187.27512,167.54092,215.51193,205.20697,181.17145,234.13058,224.13857,203.87218
227.85529,218.55164,193.41357,155.52971,146.59412,120.62986,194.91034,187.11197,167.2036,218.14134,207.96613,184.32262,235.1331,225.91806,206.21681
227.81367,218.46632,193.31387,154.80185,146.38745,120.40791,194.5438,186.79321,166.88287,218.08063,207.83492,185.05737,235.07816,225.76804,205.64725
227.82228,218.44,193.21217,153.88347,145.18538,118.47153,195.2799,187.60898,166.7902,217.79713,207.43263,183.95096,235.03046,225.26485,205.3067
227.988,218.56213,193.53975,153.65218,145.1516,118.19556,195.56015,187.6019,166.55682,217.7283,207.39124,183.27525,234.79338,224.99141,205.60764
228.2035,218.48868,193.22122,153.66032,145.12256,118.83866,195.42705,187.57158,166.91148,218.06667,207.4472,183.73087,234.75754,224.67712,204.29437
228.07878,218.57146,193.19269,153.62636,144.9803,118.592445,195.49626,187.68547,167.29979,218.01578,207.37218,184.37036,234.74551,224.74557,204.4309
227.82974,218.14151,192.80545,152.63843,143.81152,117.810684,195.62537,187.75056,167.10654,217.35387,206.93921,183.36566,234.45952,224.50673,204.23576
227.67174,217.99146,192.69899,151.86847,143.3434,116.967285,196.00003,187.63118,166.98807,215.6337,205.27516,181.021,234.40712,224.22876,204.0511
227.61082,218.09068,192.89983,152.17955,143.33371,117.98632,195.76251,187.6133,166.70459,215.97682,205.22897,181.1376,234.54881,224.31006,204.69943
227.82442,218.25922,193.35202,152.34073,143.27107,117.728386,195.8634,187.7987,167.3121,215.91496,205.47392,181.7576,234.46332,224.4042,204.40189
227.65642,218.41063,193.55482,151.27727,143.20316,117.79602,196.03526,188.29555,168.03029,215.86714,205.23984,181.34448,234.50702,224.21918,204.6073
227.78964,218.43796,194.10847,152.143,143.46916,117.9132,195.60799,187.77847,167.3164,215.828,205.22144,181.6819,234.90498,224.96442,205.48914
227.95757,218.60721,193.77295,152.30806,144.14484,118.3765,195.41183,187.76079,167.03389,216.17863,205.34505,181.68236,234.72993,225.09364,205.43443
227.94745,218.58951,193.87003,154.12878,145.42839,119.41998,194.81493,186.93921,166.79153,216.41891,205.95096,182.01237,235.069,225.617,207.22777
227.66562,218.2765,193.12141,155.1367,146.61623,120.78033,194.84705,186.73856,166.00174,217.65451,206.91405,183.55112,234.89339,225.6471,206.16557
227.70876,218.14168,193.0874,154.89333,146.45636,121.59803,195.19928,187.01701,166.23741,217.85713,207.23087,183.39304,234.9059,225.40486,205.82002
227.6928,218.33182,193.28287,155.96883,147.39983,121.0312,194.72086,186.86066,166.20901,218.08209,207.30849,184.05157,235.24226,225.8381,206.7985
228.07191,218.48035,193.15427,156.68799,147.94562,121.56509,194.43347,186.54608,165.94087,218.4905,207.59677,183.43376,235.45792,225.99315,206.75389
228.62401,219.08844,194.22554,157.07301,148.67378,121.956764,192.2886,184.7629,165.22318,217.28918,206.80658,182.8939,235.63847,226.1926,206.976
228.69804,219.25664,194.47658,158.66843,150.01581,124.05151,191.63638,184.38708,165.03264,217.84169,207.35309,183.60556,235.9544,226.71236,207.98747
228.49623,219.26833,194.64566,159.63266,150.88223,124.597336,191.78548,184.48306,165.1666,218.12874,207.58366,184.37576,236.13914,226.79144,208.0281
227.77379,218.50015,193.67271,160.00009,151.17535,124.453995,191.34352,184.07571,164.41151,218.19052,207.42043,183.59435,236.0112,226.75179,207.84193
228.02414,218.52692,193.62325,159.75624,150.95119,124.940445,191.40506,184.16048,165.14244,218.05827,207.5716,183.5867,236.1684,226.92804,208.44246
227.9222,218.57253,194.0603,160.55305,151.59721,124.00481,190.7668,183.48706,163.81213,218.25836,207.5605,183.96765,236.38309,227.03299,208.07666
227.98955,218.56844,193.70822,161.6215,152.5991,125.40019,190.02353,182.67174,163.21582,218.27238,207.65936,183.6119,236.54102,227.31749,209.31982
227.98639,218.4233,193.16621,159.65715,150.4023,123.18416,191.97966,184.49777,164.27373,218.37993,207.54694,183.97858,236.45229,227.37666,208.99805
228.10736,218.36067,193.60197,160.25786,150.74266,124.229164,192.17975,184.2667,164.14056,218.54332,207.57303,183.29926,236.54488,227.27266,208.80826
228.27707,218.49487,193.60739,160.37064,151.07341,123.76168,192.5965,184.76479,164.5548,218.59134,207.73203,184.61446,236.42706,227.33104,208.97214
228.37498,218.78098,194.39912,158.8815,149.7484,123.0595,192.6423,185.54485,165.74698,218.26462,207.4603,183.55896,236.44357,226.85709,207.8932
228.37642,218.88425,194.6694,160.03896,150.35867,123.44492,192.1195,185.06216,165.16261,218.24876,207.65883,184.3163,236.47325,227.03093,207.93913
228.21278,218.66406,194.13213,160.17075,150.85559,123.47679,191.4612,184.42369,164.50522,218.41916,207.67021,183.48816,236.69522,227.24835,208.32346
228.09055,218.36507,193.41136,160.91376,151.3222,124.63164,191.27913,183.90407,165.16142,218.48087,207.91377,183.9859,236.84045,227.44759,208.25641
228.18895,218.64136,193.91241,158.06288,148.34381,122.228165,191.48006,184.12848,164.5634,217.93988,207.20154,183.28294,236.7262,227.27226,208.35771
228.46002,219.20256,194.54102,157.34892,147.96196,120.43285,192.29146,185.20941,166.18301,217.74393,207.0746,183.77335,236.50972,227.24721,208.45494
228.45662,218.97528,194.8737,156.30107,147.06487,120.28815,192.9272,185.68028,166.06342,217.2894,206.85893,183.31195,236.41473,226.77455,207.45625
228.36317,218.85846,194.33638,154.26585,145.17836,119.663574,194.95421,187.68195,167.4397,216.71461,206.1521,182.58186,235.60063,226.21524,207.0015
228.36949,218.65843,193.9043,154.45853,145.09982,119.15496,194.74936,187.03897,166.66678,216.49162,206.07152,182.3416,235.51846,226.15881,207.6669
228.49855,219.12303,194.38248,155.56462,146.1215,119.81366,194.22841,186.80862,166.52806,217.02594,206.54337,182.12589,235.83267,226.54819,207.39995
228.65492,218.95183,194.24492,158.99995,149.64325,123.7408,193.95044,186.33365,166.63449,217.3777,206.63293,182.39607,236.14795,226.8706,207.70024
228.66145,219.02824,194.01569,159.15749,150.2168,123.71526,194.2331,186.40402,166.3051,217.2396,206.77313,183.20935,236.40607,226.9591,208.25931
228.57722,219.39516,194.82726,160.04933,150.83513,123.82877,194.26012,186.87962,167.03644,217.47049,207.04742,182.97876,236.40475,227.14435,208.42862
228.57158,219.1829,194.37083,159.31284,150.46442,123.058914,194.08607,187.0213,167.42114,217.21408,206.5871,182.90749,236.34158,226.88347,207.82135
228.26506,218.77074,193.98676,158.00764,149.28894,122.62462,194.29549,187.00725,167.42099,216.78806,206.01567,182.24446,236.0452,226.50644,207.35594
227.80511,218.26268,193.56519,154.58817,145.99258,120.5708,194.34415,186.75728,167.03615,216.63297,205.83818,181.75908,235.75516,225.98203,207.06058
227.57275,218.49464,193.89784,154.28969,145.71713,119.93907,194.50072,187.29446,167.39786,216.45296,205.70404,181.55118,235.59915,225.9515,206.75984
227.52388,218.34894,193.52046,153.393,144.73164,118.97587,194.67436,187.37051,167.32341,216.3074,205.56377,181.82654,235.50896,225.82584,206.85248
227.57254,218.15135,193.23036,153.7429,144.95654,119.06,194.02411,186.30373,166.85469,216.67107,205.62895,182.5602,235.85028,225.92844,207.04861
227.91301,218.45557,193.4725,155.08676,146.1898,120.71162,194.26625,186.17926,166.24403,217.25865,206.29652,182.48795,236.05476,226.38669,207.98465
228.07072,218.53804,193.73819,157.9223,148.62921,122.56743,192.817,185.11673,165.1119,217.9437,207.09756,183.28659,236.4449,227.2382,208.46686
228.0143,218.21509,193.59033,158.39142,149.52048,122.99027,192.32195,184.15184,164.61809,217.97069,207.08798,182.88977,236.77098,227.26234,208.97482
228.25652,218.6823,194.16888,159.3298,150.2069,123.02441,192.0498,184.14746,164.71538,218.28416,207.61728,183.86684,236.8367,227.53583,209.1869
228.25143,218.49467,193.81105,159.71109,150.25397,123.03123,191.30394,183.66313,163.8181,218.42532,207.65704,183.78828,237.06042,227.72809,209.43393
228.22351,218.63573,194.0298,159.2603,149.67612,122.92517,191.80348,184.38947,164.39426,218.47968,207.66522,183.62791,236.80467,227.53465,208.66354
228.29797,218.50746,194.20901,158.73817,149.5693,123.02183,192.34923,184.38142,164.2634,218.52707,207.66432,183.34357,236.6172,227.20915,209.15013
228.41798,218.61407,194.1868,158.55243,149.45183,123.63865,192.3911,184.54414,164.94867,218.38745,207.61769,184.11217,236.77086,227.36806,209.10515
228.55426,218.9918,194.507,156.51999,147.14679,121.36039,194.97827,187.22124,166.8984,217.54234,206.7654,183.07822,236.45222,226.54828,207.3508
228.63544,219.0411,194.63127,157.36385,147.74904,120.74015,194.74782,187.10527,166.86853,217.76909,206.94254,182.39932,236.42409,226.83209,207.37802
229.0701,219.50006,195.12323,159.50648,149.89043,122.796555,194.02478,186.26309,165.97719,218.2597,207.613,182.96692,236.83882,227.40843,208.62811
228.96819,219.27502,194.53568,160.28194,150.7287,124.00244,192.96982,185.03175,165.85596,218.33018,207.61818,183.17825,237.0935,227.86574,208.90489
228.98373,219.28482,194.62799,161.65375,152.03526,124.63361,192.30061,184.68399,165.18726,218.66838,207.9014,183.9489,236.54489,227.31984,208.60011
229.01125,219.28671,194.77557,163.03592,153.13011,124.9552,191.28719,183.6525,164.51973,219.11732,208.10785,183.88748,237.00558,227.70755,209.25461
228.91953,219.28401,194.52107,162.95352,153.3689,125.80555,191.13496,183.61862,164.3482,218.89117,208.00975,183.8967,236.88234,227.71194,209.1602
228.37366,218.61745,193.98082,157.21695,147.73448,120.97438,194.14793,186.00705,166.00555,216.99821,206.35004,182.56122,236.34247,226.54973,207.29544
228.31958,218.6547,193.72713,157.36667,148.3514,121.30817,193.99991,186.17392,166.48087,217.206,206.34096,182.78069,236.33116,226.74384,207.47559
228.32271,218.59567,194.25996,158.4777,148.86511,121.51943,192.99663,185.36565,165.66788,217.41989,206.61058,182.5314,236.66687,227.15804,207.98007
228.20221,218.28174,193.20474,158.32782,148.28337,122.04882,192.47604,184.70398,163.84439,217.07664,206.14378,182.28604,236.83475,227.2918,208.36574
228.28079,218.35234,193.51952,158.42319,148.92624,121.471275,193.80179,185.71974,165.39912,216.81323,205.90692,181.73912,236.83838,227.18892,208.41307
228.5686,218.76944,194.16362,161.87408,151.88377,124.44221,192.33487,184.66885,165.11923,217.49648,206.42538,182.19681,237.26668,228.06868,209.42886
228.4095,218.52455,193.74368,164.281,154.34552,126.38383,189.72264,182.26193,162.66666,217.87372,206.81775,182.73444,237.91476,228.82625,210.69493
228.30455,218.40057,194.12833,165.81369,155.62172,127.1422,188.36307,181.16182,161.72452,218.47134,207.01436,183.39648,238.15521,229.13493,211.11015
228.05699,218.27911,193.69473,163.39154,153.84038,126.45629,188.02266,181.26062,162.52893,217.86247,206.62509,181.69052,237.7746,228.34077,210.03267
228.19664,218.64929,194.14813,162.55675,153.02054,125.759445,189.06656,182.18024,162.71713,217.67882,206.79659,183.1352,237.59451,228.34761,209.94574
228.26593,218.5203,194.22832,162.8029,153.32846,125.274086,189.07248,181.84718,162.70728,217.72658,206.65204,182.62361,237.75264,228.48271,209.82997
228.15297,218.39394,193.94342,163.0979,153.2664,125.57315,188.3721,181.37265,162.61739,217.85236,206.68188,182.46738,237.7885,228.36363,210.39873
228.17876,218.56021,193.77386,159.20488,149.3494,121.98036,192.77838,185.13866,165.72722,218.02919,206.98683,182.55374,236.6421,227.17676,208.29143
210.94237,203.16786,191.99258,180.24596,160.41599,149.56564,142.31195,135.52782,123.63781,85.3787,56.765667,47.86328,84.16646,61.205135,53.1636
209.42867,200.93196,189.20386,177.37128,157.24588,146.85599,143.73947,136.79176,124.25502,84.31763,57.018085,47.97349,82.98222,60.81858,52.88049
207.99846,198.69429,187.39247,175.10661,154.7868,143.5545,146.5599,139.88881,127.05151,83.224625,57.80101,48.526325,81.652534,60.037514,52.65952
206.16968,195.94106,186.08296,171.8359,151.12128,141.19759,149.71901,142.9773,131.58842,84.68069,57.36852,52.148254,79.70488,58.629005,54.271152
202.31787,185.6568,149.34315,139.54877,128.88495,103.40692,137.85861,129.91768,112.095474,167.58783,156.43382,130.21498,198.58905,184.77844,157.12862
201.71915,184.42778,147.57365,143.77528,131.80531,103.70417,132.44418,124.82338,106.90511,165.26611,154.82849,129.15187,192.49275,179.32059,153.70892
201.10532,183.29974,146.00291,147.82277,134.07526,104.97169,128.25198,120.47537,103.70287,163.2524,153.60913,128.2359,187.42406,174.62833,149.25966
201.1128,182.07393,144.09775,149.01526,135.25719,104.62871,123.88071,116.47113,99.430954,157.37466,150.22026,127.74746,181.29855,169.26372,143.72426
200.47414,181.21268,142.53418,151.9944,137.50424,104.448044,119.79503,112.23156,95.57651,154.58945,146.99727,125.11759,174.7963,163.21545,140.31824
200.84195,183.61388,148.09488,139.40027,130.32947,105.22593,128.14438,119.250114,101.23967,194.47792,178.39748,143.85883,208.1769,194.04678,165.5418
199.95804,182.51952,146.30673,143.04419,133.39113,107.68465,123.49052,115.07704,97.90421,194.4323,178.15424,143.34569,204.28008,190.38704,162.48134
198.90126,180.79826,144.08405,145.28494,135.0589,108.23446,118.315735,110.11934,92.89954,192.17656,176.13869,142.56377,196.9779,183.73671,156.21779
198.40617,180.02542,143.09557,144.63742,134.13013,106.97313,116.72884,108.58929,91.957214,190.20345,174.1329,140.7583,195.58746,181.33311,155.58693
198.66975,179.95868,143.11536,145.34189,134.71085,107.29125,116.575134,108.01977,91.65038,190.07814,174.12407,141.13089,194.464,180.64456,153.23021
198.67868,179.73715,142.25671,146.62415,136.28554,108.523476,115.62055,107.04675,91.124565,189.25914,173.30096,139.17334,192.15681,178.4071,152.56316
202.16125,184.59534,148.60085,142.59164,133.08907,107.892586,133.8734,124.42187,105.26354,201.36401,185.62177,148.76743,217.6241,202.91524,172.63127
201.5794,184.30415,148.88762,144.46167,134.76135,109.179634,131.77396,122.46374,103.77318,201.79507,185.39552,149.77367,216.94698,202.10646,172.5189
200.86449,183.23773,147.3294,146.42682,136.15834,109.54069,128.95029,119.76859,102.73826,201.53659,185.12411,147.5179,214.98875,200.3803,171.3122
200.58582,182.65112,146.67464,148.75856,138.0797,111.649994,126.79113,117.949425,100.07096,201.6329,185.01578,148.06535,212.55223,198.63,169.73793
200.1254,181.8496,145.98814,150.6352,139.57167,112.42845,124.260956,115.57711,98.51539,201.01259,184.17752,147.9636,210.3694,196.53773,168.81047
205.74182,189.40685,155.59644,144.2288,134.32477,109.97783,138.48866,128.77649,108.7056,206.56876,190.14629,153.2855,221.95406,206.60327,176.34683
205.90683,189.80475,155.89479,145.32594,135.93758,110.46476,137.9797,128.269,109.25107,207.07097,190.77058,154.47414,221.88625,206.74504,175.72704
206.45825,189.99376,157.43974,146.91351,137.08037,111.07288,137.80133,128.05284,109.34121,207.4139,191.06845,155.04797,221.98839,206.804,175.9558
206.64717,190.57814,156.50342,148.41441,138.43231,113.77704,137.73668,127.83158,109.44369,208.28798,191.93628,155.09818,222.41443,207.00815,175.80786
208.55028,193.90442,162.02026,140.89844,132.06766,107.37165,149.15355,138.77374,118.04927,206.96426,191.11946,155.92737,225.53604,209.64363,178.9024
208.79584,194.24757,162.48964,142.3622,133.07127,108.70652,149.48634,138.7211,118.59039,207.62938,191.869,157.15324,225.81323,210.08678,179.3749
208.78058,194.18323,162.21323,142.90868,133.77145,109.328896,148.98764,138.17197,118.1699,207.55437,192.19261,156.41388,225.8465,210.10649,179.81064
208.2877,192.83414,160.33405,138.1921,129.6177,105.96285,149.79109,138.9892,117.67211,205.99828,190.2544,154.38818,225.20833,209.09549,178.75467
208.0904,192.56972,160.02002,139.82175,130.65302,106.93579,148.89337,137.8686,117.00566,206.90106,190.76274,154.4978,224.91322,209.00473,178.74242
208.71497,192.9677,160.74341,142.2287,132.7643,108.47681,147.74211,136.95747,117.02016,208.01904,191.67235,156.29803,225.04999,209.21999,178.2869
207.96654,192.70656,159.55093,143.52,134.10071,109.74387,145.94246,135.36496,115.156044,208.52644,192.0688,157.20966,224.9493,209.22577,178.97089
207.66032,192.44374,159.92746,144.6607,135.38246,110.035965,144.90836,134.23637,113.92082,208.72856,192.53125,155.79944,224.78941,209.26187,178.61476
207.84827,192.28122,159.71944,143.1951,133.35477,108.78253,145.19777,134.91354,115.42882,207.59813,191.47884,155.20747,224.52188,208.86447,178.68047
207.7386,192.01614,159.07939,143.4561,133.79686,108.07306,144.73405,134.32169,114.8863,207.66647,191.6995,155.71024,224.81042,208.84259,178.80212
207.46173,191.67986,158.70291,143.90915,134.09006,108.40903,142.6317,132.54842,112.655685,207.59474,191.15933,155.44534,224.192,208.34282,177.81212
207.7607,191.29985,158.59428,135.16483,126.44695,104.08218,148.59117,137.26628,116.93259,203.83632,187.81848,151.86446,224.71437,208.57751,177.29001
207.31287,191.0292,156.84921,134.28513,125.737915,102.60688,148.1988,136.56247,115.86732,203.62907,187.1695,150.94084,224.54309,208.33417,176.8692
207.30472,190.7288,156.66254,134.69438,125.97697,103.40974,147.31635,136.11803,115.23432,203.53925,187.20195,150.44522,224.21832,208.32042,176.85144
207.17899,190.25502,156.86583,135.49101,126.48407,102.243126,146.17471,134.7763,114.4817,203.56268,187.32954,150.81711,223.98758,208.3755,177.86574
206.91046,189.70021,155.70654,135.55608,126.90568,103.04856,144.39261,133.08575,113.029305,203.41786,187.15552,150.43658,223.72298,207.75642,177.32738
206.67673,190.21265,156.69057,134.93199,125.82367,101.564766,147.28105,136.00722,115.48516,203.27077,186.84593,150.51541,224.28053,208.20886,176.73639
206.09245,189.84845,155.88197,134.85083,125.6472,102.011826,145.594,134.57385,113.79501,202.98235,186.66307,150.07155,223.82607,207.98691,176.30925
206.14822,189.3798,156.39459,134.43224,125.29041,100.90377,144.83156,133.5313,113.32179,202.55681,186.18483,150.41344,223.84364,207.60168,177.22812
207.18991,190.9038,157.58513,130.09297,121.68454,98.67407,148.91577,137.58109,116.30933,202.23871,186.38695,151.90033,224.1473,207.94159,176.55302
206.54147,190.47043,157.519,130.73068,122.03319,98.88997,147.38866,135.8139,115.340294,202.75748,186.16153,150.4927,223.83945,207.75018,176.36119
206.67555,190.12904,157.62747,131.5963,122.53357,99.22003,145.93172,134.58888,113.92902,202.12843,185.75964,150.41075,223.37257,207.47276,176.15958
206.40422,189.73434,155.5237,131.05263,122.2921,98.68315,144.52509,132.80852,112.22998,201.74072,185.78249,149.57394,222.92886,207.0071,176.44653
207.4793,190.60806,156.44511,135.99411,127.09735,102.51281,147.43073,135.99721,115.419044,203.94736,187.51585,151.9989,224.53703,208.6129,178.1618
207.56174,190.7276,156.97461,136.83151,127.70371,103.51003,146.46579,135.17354,114.95305,204.19505,187.8823,150.03557,224.68536,208.8589,177.76157
207.51613,190.82515,156.42488,138.47316,128.9374,105.14218,146.22069,134.74593,114.10813,204.37419,188.111,151.61778,224.54996,208.71783,179.08179
208.73412,192.81996,160.09346,136.90883,127.43771,103.90799,153.64336,141.67975,120.64754,204.70312,188.96083,152.64337,226.45558,210.24606,179.68935
208.97293,193.17586,159.23494,137.75865,128.39816,105.292145,153.82108,141.85728,120.244225,205.3915,189.04842,152.93373,226.77321,210.43587,179.75934
208.85632,193.05577,158.88751,138.49065,129.07886,105.62576,153.3287,141.63437,120.47561,205.12744,189.04004,152.73988,226.7707,210.40775,179.84073
208.75526,192.8263,158.98483,138.52255,129.08902,104.88774,152.86679,141.06898,119.57551,205.31458,189.2481,153.92348,226.72652,210.24617,180.1612
208.8713,192.86911,160.36307,138.58951,129.37314,104.83311,152.41812,140.7456,119.63304,205.51479,189.4257,153.57684,226.42534,210.24782,179.44745
208.81367,192.69337,160.71648,134.87172,126.10777,102.799904,152.41705,140.81229,120.34685,204.61888,188.54558,152.21368,225.68141,209.48651,177.69846
208.84915,192.87624,159.99588,135.47185,126.30172,103.18086,151.9495,140.36156,119.855736,204.92374,188.5738,152.72284,225.60968,209.39381,178.25716
208.62863,192.80757,159.9541,136.00633,127.26305,104.14807,151.07121,140.03069,119.67644,205.2315,188.65488,153.03365,225.65024,209.27252,178.84251
208.50996,192.49309,159.89952,135.08752,126.550385,104.86503,153.36772,141.55666,120.82049,204.16554,187.835,151.20213,225.65807,209.08292,178.19939
208.53209,192.80077,160.31924,136.08273,127.54009,104.65135,153.02023,141.3434,120.74548,204.53137,188.192,153.49129,225.56488,209.01448,178.16922
208.63264,192.81964,160.07631,136.06036,127.54774,105.30093,152.38547,140.85764,119.45931,204.78215,188.42328,152.73752,225.73636,209.25652,178.97742
208.90862,192.81197,160.44212,136.6928,128.10596,105.476204,151.46832,140.03911,118.96017,204.9416,189.03484,152.12387,225.57025,209.18509,178.56349
208.58728,192.50603,160.43207,134.81625,126.15184,102.372475,151.40869,139.70772,119.158455,205.33345,189.48186,154.16585,226.3323,209.99669,179.365
208.18733,192.46526,159.21683,135.01675,126.4612,103.871346,150.6679,139.16977,117.78818,205.82181,189.77805,153.70663,226.09831,210.19315,179.69696
208.3309,192.57744,159.94711,135.05449,126.53074,103.64191,151.51949,139.52989,118.68884,205.69902,189.81363,155.69891,226.42299,210.26965,179.63077
208.5066,192.67433,160.1025,135.2876,126.43015,103.92534,151.17433,139.56541,118.25159,206.1852,190.22978,154.83167,226.52489,210.28864,180.15765
208.1791,192.71329,159.5432,138.55704,129.58774,106.68597,155.00604,143.36655,122.44082,204.12039,188.88513,155.03787,225.82207,209.79526,179.35545
208.22612,192.57271,160.46428,139.015,130.43118,107.49702,154.02663,142.5285,121.650696,204.6351,189.64273,155.24486,225.67676,209.85811,179.75948
208.23486,192.50105,159.41264,140.16722,131.26741,107.6467,152.51103,141.46657,120.60595,204.6379,189.69542,154.6046,225.38217,209.8276,179.6788
208.21938,192.7202,159.83444,141.56026,132.75247,109.58101,156.3065,144.97685,123.44603,205.84808,190.12096,154.5905,225.30426,209.41339,178.33006
208.23299,192.81009,160.01001,141.1881,132.40137,109.67271,156.83688,145.20879,123.41333,205.64207,189.76112,153.51877,225.32957,209.35683,178.72798
208.21703,192.76485,159.81221,141.50026,132.55675,109.644066,156.3814,145.09338,123.23456,205.3469,189.56404,152.72029,225.11208,209.0846,178.12502
208.13606,192.60876,160.59625,141.60547,133.00616,109.39488,155.65106,144.40529,122.94115,205.3322,189.57959,154.71912,224.85101,208.8969,178.48694
209.04036,193.76831,161.89165,140.93834,131.94878,108.37166,154.81357,143.64671,122.05739,205.73094,189.94928,153.86894,225.36394,209.39505,179.27682
208.62035,193.39775,161.44821,141.9751,132.82108,108.8218,152.91075,142.00392,121.60449,205.39134,190.11844,154.71419,224.82034,209.05995,177.02711
208.89178,193.45126,162.1854,143.13583,133.90903,109.711426,153.08424,142.19392,121.106125,206.03201,190.13329,155.63567,224.86157,208.98549,178.83606
207.82237,192.23593,159.88536,143.08856,133.60591,109.585075,156.21133,144.51639,123.81636,206.23631,190.32326,154.51553,225.26701,209.03366,177.94179
207.6484,192.48293,160.63148,142.35927,133.26254,109.49214,156.9171,145.6387,124.14609,205.92583,189.98022,154.1726,224.97884,209.15999,177.35777
208.15028,193.07446,160.61774,141.9367,133.14774,109.19157,158.13008,146.79814,125.72092,205.67578,190.07982,153.92604,225.51114,209.32802,179.31497
208.23509,192.98186,161.40968,142.25685,133.48027,109.52612,158.2764,146.77615,124.93249,206.44824,190.5514,154.97726,225.54504,209.32588,179.03522
207.31955,192.88873,161.05096,139.93518,131.17259,108.21503,157.01297,146.08572,124.22592,205.11185,189.30673,154.16895,225.27565,209.30461,178.26915
207.41252,192.54767,160.56743,140.42012,131.9719,109.381516,156.13188,144.91441,123.01013,205.09903,189.66934,153.36165,225.02243,209.21428,177.7344
207.41516,192.69478,161.43333,140.53273,132.38353,109.570244,155.93248,144.71797,122.808586,205.48422,189.79172,154.49641,224.88536,209.1099,177.81828
207.2139,192.36072,160.65953,140.74109,132.65546,109.63347,154.58382,143.55641,121.63674,205.22531,189.44627,155.14746,224.66995,208.74219,178.16309
207.06287,192.38383,160.72029,141.41978,132.97908,109.55538,152.17351,141.3079,120.220024,205.07668,189.48935,153.61514,224.42352,208.64772,178.96814
206.5325,191.7852,160.7254,142.33894,133.55441,110.4737,149.66414,139.24925,117.94815,204.98186,189.43947,152.22426,223.72177,208.5108,177.69885
206.49962,191.39465,159.41138,143.19942,134.31587,110.37274,147.44406,137.25574,116.86025,205.05106,189.6362,153.1713,223.8945,208.36589,178.55772
205.97238,190.86728,158.27602,140.49013,131.73439,108.69671,147.7106,137.66637,117.70542,203.80106,188.60072,152.61769,223.80568,208.36862,177.50954
205.59254,190.47621,157.5486,140.58324,131.52129,107.56252,146.45604,136.4472,115.640114,203.46721,188.49852,151.82874,223.43832,208.01784,176.77133
205.38663,190.15442,156.8867,139.59074,131.18571,107.64688,146.07803,136.17273,115.735016,203.54771,188.14963,152.04855,222.90193,207.79707,176.09938
205.40596,190.32216,158.154,139.47513,130.82059,106.81467,145.95091,136.0085,115.737144,203.2235,187.83301,151.75114,222.69928,207.77922,175.80489
205.38103,190.3444,157.99783,139.66902,131.11382,107.21957,146.35727,136.2974,115.864494,203.04031,188.06332,151.77669,222.81537,207.5021,176.34047
206.10072,191.33324,159.38345,139.51913,131.50793,108.183205,151.68509,141.29738,119.99892,203.82364,188.51389,152.47,222.62183,207.52328,176.19597
206.32954,191.5455,158.86697,141.74353,133.3915,110.42988,150.1206,140.30334,118.76896,204.45065,188.92502,152.07367,222.80533,207.40639,176.35115
205.88216,190.67706,157.98114,141.50533,133.45569,109.97989,148.57608,138.68321,117.842834,204.29858,188.8089,151.80418,222.2891,207.17136,176.19975
205.79243,191.005,158.55042,140.47108,132.74664,109.98351,149.49846,139.57777,118.3879,203.71828,188.52858,152.28119,222.26308,206.9316,176.69969
206.09286,191.78694,159.55196,136.59065,128.76385,105.64826,153.73198,144.04494,122.7388,202.0425,187.3663,151.49983,222.24179,207.19708,175.2539
206.2856,191.7456,159.93266,134.3612,126.831635,104.75584,155.7164,145.61029,123.889435,201.18875,186.55618,151.62053,222.61995,207.25215,176.48148
205.78171,191.17264,159.26564,132.98834,125.696785,103.372444,155.6036,145.51273,123.530365,200.80447,186.66484,150.17189,222.22408,207.1681,175.86516
205.61769,191.23737,158.70248,133.0749,125.81102,103.92326,154.97017,145.08061,123.241455,200.34097,186.40675,149.45319,222.10342,206.82649,176.54518
205.71713,191.21892,159.4251,134.87965,127.333595,104.6239,153.51268,143.47475,121.01115,200.87547,186.51785,151.76111,222.58,207.23105,175.5624
205.46103,191.05394,158.77495,136.20226,128.5189,105.40116,151.71045,141.9584,120.11038,201.53253,187.017,151.56364,222.10959,207.22324,175.65396
205.31003,190.668,158.447,137.01819,129.09262,106.35116,150.03757,140.56148,119.71475,201.53598,187.0789,151.33418,222.13774,206.97559,175.9226
204.89046,190.53055,157.90744,137.63852,129.53627,107.05201,148.32152,138.87242,117.639854,201.65591,186.8941,150.58148,222.46974,207.52357,176.50832
204.26086,189.8096,157.86562,137.3529,130.03052,107.02021,146.53589,137.34958,116.298004,201.62747,186.9509,150.57233,222.23126,207.43051,176.15189
203.99718,189.53108,156.8282,138.11082,130.19885,105.94448,145.12053,136.22661,114.92917,201.634,186.97502,150.4321,221.63342,207.16841,174.68666
203.83939,189.35362,156.41722,138.41818,130.88916,106.61926,143.7682,135.01505,114.44822,201.37996,186.81451,150.2121,221.68935,206.88895,174.80905
204.58553,190.16788,158.30472,136.66167,129.14966,105.90894,144.76846,136.06601,115.49359,201.59332,187.0683,150.60751,220.64813,206.1393,174.19373
204.2777,189.79912,157.71873,136.3431,128.6884,106.19415,144.46414,135.57706,115.29272,201.72414,186.92928,151.1246,220.09935,206.04337,175.07838
204.48921,190.34966,157.61014,135.97725,128.76605,105.3692,144.77193,136.28644,115.344505,201.69388,187.04442,151.14723,220.42296,206.29613,175.05243
204.348,190.0546,157.50243,135.1813,128.20189,104.85291,145.55533,136.72908,115.2405,201.59544,186.76732,150.30008,220.49394,205.89343,174.74736
205.0826,190.86089,158.44102,134.59937,127.26953,104.51003,151.3584,142.44966,120.951935,200.07988,185.70975,149.63135,221.57841,206.58841,175.35645
204.67546,190.53969,158.36774,134.67917,127.04556,104.266426,150.66281,141.69693,119.99377,199.91072,185.53023,150.31395,220.82362,206.29626,174.17853
204.65005,190.21281,157.38106,134.66257,127.2221,103.92976,149.89719,140.85065,119.823395,199.31522,185.50534,149.52046,220.79843,206.02939,174.15617
204.45276,190.05463,157.5919,133.8098,126.41248,103.242424,150.50623,141.19044,120.01344,199.3545,185.17625,150.71764,220.70917,205.96765,174.11627
204.2099,189.9227,155.87582,133.05833,125.468185,102.84908,150.4633,141.51979,119.582214,196.62769,183.45224,147.98604,221.40443,206.3004,174.16638
204.26532,190.00208,157.24725,133.18018,125.79877,103.8707,151.00032,141.8032,119.86244,197.33974,183.71408,147.97905,221.18533,206.56749,175.39246
204.3956,190.00562,157.84406,133.59767,126.34616,103.19627,150.57635,141.36076,120.23473,197.81444,183.79286,149.39032,221.42064,206.50877,174.9168
204.61952,190.06949,157.5228,134.24763,127.02405,103.99938,150.0089,141.29837,120.07289,197.9703,184.14479,148.54033,221.68301,206.58163,175.15314
204.46602,190.91705,158.95511,133.50047,126.86431,104.54217,151.05875,142.16273,120.65888,198.83006,185.10956,151.3101,221.60182,206.97156,175.4294
204.67331,190.61636,159.46526,134.07309,126.765434,104.582306,151.40187,142.51738,120.737305,198.90083,185.28224,149.4397,222.18695,207.23146,174.63086
204.84805,190.76823,159.22543,134.07657,127.095634,104.74328,152.13655,142.94795,121.994095,198.78777,185.35799,147.84251,222.32155,207.2708,176.14215
204.68669,191.15962,159.29446,134.56464,127.493065,104.92298,151.06816,142.57913,120.33238,199.21295,184.91397,150.279,222.07286,207.43742,175.8155
204.96198,190.98975,159.60176,134.18402,127.419464,104.33865,150.56491,141.99393,120.80625,200.46414,186.25168,151.86981,221.60548,207.40382,175.50877
204.85463,190.92067,159.08563,134.17757,126.79242,104.26327,150.39738,141.73134,119.96443,200.10117,186.43674,149.2943,221.60846,207.2376,174.93773
204.69482,190.96916,158.67316,133.4633,126.87963,104.56028,150.4409,142.00487,120.41275,200.5265,186.24327,151.89613,221.96483,207.11485,175.80986
204.86092,191.1738,158.9605,133.23616,126.84327,104.89935,151.81367,142.82016,121.165726,200.35814,186.33408,151.53,221.69589,207.24324,175.33311
204.59267,191.0638,158.85483,132.67369,126.21883,104.383965,152.41106,143.30292,121.55311,199.5245,185.77036,148.24521,221.98325,207.33078,176.97845
204.69995,190.81424,158.61282,132.4015,125.71749,103.238594,151.61708,142.84642,120.840614,199.67403,185.83629,149.55653,221.39275,207.15257,175.27171
204.53198,191.10715,158.59682,133.66766,126.52517,104.718346,150.52766,142.14249,120.46799,199.96306,186.28108,149.5793,221.77556,207.27281,175.14676
204.37186,190.62892,158.06682,134.3356,127.58175,105.19581,148.8381,140.34673,118.76741,200.3547,186.30704,149.783,221.16885,206.9536,175.87163
204.34177,190.55743,158.26686,134.94133,128.1436,105.562164,147.35641,138.9888,117.49579,200.82545,186.65549,150.74864,221.13284,207.08954,175.47612
204.30217,190.53204,158.3842,135.80699,128.72803,106.47909,146.9279,138.67102,117.38122,200.77777,186.8551,149.89758,221.13704,206.9631,175.24623
204.87195,191.3502,159.35924,135.62851,128.85362,106.056274,148.96443,140.49022,119.57329,201.63184,187.55115,151.4295,222.1045,207.70644,175.85048
204.983,191.16669,158.93504,134.50226,127.748436,104.76938,149.37387,140.78357,119.54617,201.39581,187.32736,151.39717,221.77998,207.7506,175.74313
205.06938,191.43779,159.30925,132.12082,125.08634,104.305405,151.17206,142.37756,121.26821,200.11574,186.3454,151.7165,221.78976,207.38713,176.00365
204.72026,191.16483,158.8092,128.09862,122.243866,100.5832,153.47218,144.65656,121.96561,198.49332,184.99683,148.15634,221.85518,207.36273,176.36273
204.67819,190.65182,159.06296,126.97471,120.604485,99.050415,155.11652,145.48459,122.95984,197.83498,184.37671,151.16397,222.26387,207.32971,176.15266
204.6538,190.79237,158.98528,123.72459,118.17365,98.266075,154.55255,145.48024,122.55835,196.13934,183.52266,149.67822,221.75948,207.26941,175.96968
204.74431,191.08554,158.93918,124.76071,119.37827,98.34915,154.15569,144.95177,122.80276,196.7111,183.89647,147.86923,222.01105,207.29771,176.03455
205.09897,191.144,160.0395,127.035675,120.832954,99.70899,152.48785,143.53638,120.986694,197.27954,184.53496,149.2774,221.76364,207.27832,175.04552
204.83113,190.78548,158.00417,132.72646,125.91755,103.906166,147.37476,138.57178,117.16124,201.78998,187.42715,150.95198,222.0356,207.73386,176.23085
204.88617,190.78523,158.23679,133.25966,126.32664,104.05392,146.59229,137.65489,116.63587,201.92839,187.31412,151.75291,221.63591,207.54813,176.49301
204.93462,190.74574,157.74373,134.00304,127.071594,104.3401,145.4832,137.05106,116.05091,201.7826,187.71136,152.30226,221.80061,207.51187,176.21404
204.89386,190.76466,157.13202,135.26326,127.97173,105.29066,144.738,136.3317,115.46624,202.32971,187.66211,151.001,221.73048,207.52245,176.5856
205.1175,190.65096,158.07547,133.87079,127.36995,104.65612,144.873,136.35027,115.88164,202.12094,187.82391,152.71454,221.65881,207.4467,175.77367
204.8947,191.16411,157.55045,135.6384,128.83621,105.3685,147.95212,139.30875,118.85416,201.56538,187.25366,151.72078,221.67162,207.77997,176.8062
205.16748,190.98056,158.37445,135.48653,127.96153,105.110054,149.1206,140.23947,118.06764,201.22734,187.55214,151.65546,222.188,207.89545,176.66873
205.28185,191.08916,158.74826,134.9573,127.78807,104.63772,149.34027,140.83812,119.165634,201.14581,187.16661,151.3072,222.28029,207.9479,177.06064
206.05815,192.31198,160.01721,131.88243,124.622604,102.65744,154.32425,145.15106,122.263115,200.45888,186.37952,151.0197,222.8224,208.46204,177.41342
205.71223,192.50003,160.17552,131.62718,124.835594,102.730934,154.42009,145.31766,122.662025,200.17857,186.34947,149.74086,222.88776,208.69077,177.73451
205.96574,192.74457,160.74146,131.72183,125.093475,102.32619,154.29042,145.30382,122.7124,200.21117,186.4285,150.79153,223.04262,208.82011,178.40036
205.89027,192.70477,159.8621,132.4945,125.61579,102.54895,153.49408,144.44844,121.5155,200.54115,186.97267,150.5928,222.77101,208.75294,177.65097
206.23883,192.69395,161.0257,133.9191,126.93959,104.016785,150.90726,141.76083,119.99585,200.96184,187.25322,151.21867,222.82169,208.80058,178.00235
206.166,192.86688,161.32416,134.58884,127.46636,105.23292,150.74849,142.01677,119.71225,201.78026,187.44865,151.86652,222.88066,208.84659,177.88974
206.02725,192.84822,160.60518,135.09416,128.05856,105.34192,150.68874,141.91678,120.08278,201.48984,187.55612,151.53241,222.88737,209.05052,177.69333
206.33499,192.75883,160.89288,135.32939,128.25015,105.090256,150.17296,141.51714,119.8736,201.46198,187.64507,151.19058,223.03015,208.772,178.33322
206.16257,192.46225,160.2415,137.55156,130.146,107.0169,149.96233,140.90955,118.9351,202.03687,187.60063,151.29002,223.10129,208.46185,177.93439
206.07333,192.5348,160.67056,137.49316,130.14287,107.52228,149.7475,141.00346,118.92878,201.79239,187.54294,150.6011,222.81383,208.56442,177.88205
206.22849,192.57553,161.03935,137.55438,130.25645,106.916,149.64334,140.83214,118.65201,201.64688,187.59729,151.82686,222.86746,208.57445,178.3493
205.8943,192.42274,160.34203,138.69083,131.23007,107.8772,148.02223,139.46405,117.420425,202.34293,187.51732,152.16714,222.65262,208.43239,177.52287
205.96645,192.1483,160.29442,136.43648,129.42085,107.318436,147.19078,138.3684,116.796196,202.64095,187.95934,152.86794,222.85901,208.44392,177.44492
205.73895,192.19295,160.2849,137.57048,130.37291,107.14107,145.46735,137.07599,115.67397,202.83595,188.37204,153.03024,222.41367,208.16707,176.42036
205.77762,191.57538,159.80772,137.8546,130.55013,107.97302,144.04662,135.47618,114.9014,203.00206,188.18047,151.66447,222.59196,208.05992,177.30222
205.1985,191.17883,158.36287,135.42102,128.10529,104.911224,147.29216,138.73416,117.47442,201.50504,187.34015,151.93463,222.39555,208.12746,177.22635
205.36998,191.10703,158.45125,135.22293,128.02705,104.684685,147.54613,138.68437,117.81009,201.94295,187.19131,151.38765,222.4141,207.9647,177.31888
205.34616,191.15565,158.39441,135.3654,127.903595,105.21884,147.54483,138.80841,117.61262,201.01785,187.10951,152.64212,222.29588,208.1408,176.68921
205.26685,191.39417,158.58057,135.61253,128.18602,105.13507,147.01855,138.63988,117.86247,201.68282,186.95984,150.92293,222.29584,208.17888,177.77795
205.14998,191.2538,158.8679,133.44975,126.61695,104.04158,147.88608,139.04982,117.516815,199.776,186.50932,150.8473,222.36412,207.99219,177.20375
205.90294,191.9288,159.685,135.39488,127.84361,105.15841,146.01515,137.25035,115.94573,200.90251,186.66429,151.0227,221.94228,207.74617,176.68881
205.98079,191.73851,158.95734,136.20712,129.22539,105.51766,144.74901,136.30925,115.13388,201.24153,187.28009,152.68158,221.79118,207.60503,177.01004
206.06824,191.82243,159.20425,136.13066,128.76414,106.01873,145.30086,136.62076,114.88004,201.31966,187.43451,151.22676,221.91728,207.82863,176.92123
206.13756,192.37964,159.50131,135.9021,128.77644,105.88869,146.49985,137.96497,116.73949,201.25847,187.2714,151.97365,221.92166,208.11298,176.62985
206.34218,192.52007,159.87488,139.00876,130.86963,107.86569,151.00275,142.14032,120.60267,202.25647,188.44649,153.46152,223.37415,208.93552,177.46317
206.463,192.56955,159.13803,139.46426,131.59789,108.08129,149.95898,141.32037,119.94636,203.01321,188.6769,152.39145,223.2249,208.97824,177.94566
206.20901,192.10118,159.63045,140.37357,132.3446,109.28258,148.71823,139.91644,118.82874,203.19325,189.00293,152.28793,222.84802,208.91287,177.6354
206.03377,192.0072,159.25136,137.54839,130.0816,106.92456,149.04077,139.77065,117.86193,202.00066,187.9171,151.38501,222.85542,208.61066,177.70935
205.84425,191.65807,158.9764,137.13358,129.74414,106.487236,148.28845,139.11127,117.372086,201.74129,187.6882,153.19519,222.77344,208.47214,177.489
205.77039,191.66447,159.25375,137.09311,129.28915,105.46747,148.61214,139.58257,117.50106,201.70857,187.34644,151.49522,222.71344,208.50568,178.37593
205.7839,191.39937,157.96568,135.53833,128.2705,105.60791,149.22227,139.8392,117.7105,201.39948,186.97548,150.87502,222.55486,208.46574,176.70479
206.10591,192.75069,161.05608,131.95224,124.45002,102.42593,153.844,144.74268,122.91268,199.50058,185.5455,151.30807,222.82898,208.49498,176.42847
206.37999,192.69911,160.50089,130.2912,123.5559,101.23742,155.71172,145.92278,123.57528,198.74353,185.54224,150.22145,222.80319,208.39745,176.58015
206.04239,192.79256,160.73543,130.61554,123.52956,101.7752,156.40083,146.76064,124.22914,198.3915,185.06264,149.89662,223.35161,208.62941,176.80247
206.42964,192.89594,161.30205,130.43567,123.96896,102.90266,153.83669,144.4279,122.093605,198.88222,185.50104,149.57034,223.33765,208.68352,177.53227
206.23396,192.7992,161.32549,133.7773,126.8589,105.22029,152.05797,142.97426,121.19952,200.3307,186.21933,152.426,223.21497,208.57925,177.1734
206.19691,192.51927,160.3373,133.50198,126.69985,104.57215,151.38953,142.19133,120.91997,200.14182,186.68758,151.43353,223.11552,208.69337,176.50127
206.5671,193.06888,161.06366,134.39111,127.252655,105.35444,151.8076,142.56155,121.05595,202.13109,187.63493,152.03386,222.86852,208.74464,177.57744
206.63498,193.30612,161.32484,133.90039,127.30793,104.8693,152.78403,143.7557,121.89937,201.69547,187.79494,152.30959,223.2467,209.01534,177.69821
206.76245,193.62784,162.26395,132.8918,126.10455,104.19788,154.67757,145.26778,122.997086,201.47743,187.046,152.4756,223.38293,209.05365,177.90921
206.99413,193.6979,162.38571,131.09392,124.71745,103.34784,155.93599,146.67593,124.20171,200.6731,186.9266,149.52629,223.68665,209.0519,178.68582
207.1042,193.96301,162.44504,128.52124,121.8682,100.423004,157.44305,147.78795,125.37048,199.22832,185.89641,152.17534,223.50587,209.52687,177.51909
207.26135,193.96443,162.05347,128.54924,121.73089,100.42689,157.46063,148.04507,125.23697,199.0584,185.70695,151.13542,224.25694,209.49805,178.13373
207.2387,194.10321,162.88725,128.11314,121.658905,100.81634,158.24812,148.48857,126.06616,199.31773,185.91086,151.45128,224.01523,209.64017,178.3482
207.39449,194.14345,162.90848,127.9371,121.57907,100.520966,158.70457,149.20702,126.44379,198.98404,185.61958,151.5276,224.26968,209.63223,178.52199
207.1093,193.30952,160.7405,128.38324,122.41677,101.09006,155.44232,146.19727,124.392914,201.17693,186.85358,152.02003,224.27701,209.91396,178.16768
207.09068,193.46558,161.33267,128.4725,122.602806,100.75699,155.2881,146.1737,123.83938,200.66261,186.73004,152.2972,224.3811,209.86298,178.78229
207.27365,193.7437,161.18785,129.96497,123.55489,103.06385,154.41144,145.62526,123.457596,201.05562,187.34212,151.43343,224.2485,209.8244,177.83475
207.2439,193.56657,161.63046,133.7611,126.681786,103.696945,150.02882,140.96466,119.05917,201.59137,187.96912,152.60408,223.40233,209.2773,177.02374
207.05083,193.35887,160.67838,133.91808,126.87885,104.02289,149.9061,140.58905,118.86251,201.3356,187.84401,152.24863,223.5736,209.07755,178.05151
206.83423,193.24338,161.06114,132.91951,126.2922,104.19104,149.08301,140.32721,118.19524,201.35693,187.25685,151.62462,223.35358,209.05386,177.39488
207.0532,193.16045,161.2507,134.09433,126.963264,103.9472,148.99991,139.73386,117.848724,201.52655,187.66373,152.17499,223.58379,208.94853,178.0626
206.974,193.26476,160.97487,134.70236,127.24382,104.47659,148.98412,139.88983,118.50891,201.5276,187.66196,151.84811,223.38658,208.76183,177.00296
206.9636,193.15375,161.00194,134.79222,126.706085,104.88133,149.02676,139.86934,118.57106,201.67233,187.82498,153.84004,223.33609,208.87968,177.84805
206.79599,193.27505,161.2833,133.94267,127.06062,103.78941,151.06586,141.54329,119.80018,201.76166,187.20352,150.84085,223.4183,208.67166,177.66028
207.16743,193.29683,161.339,134.54488,127.44516,104.273834,149.8686,141.02919,119.35194,201.3503,187.78725,152.00171,223.24763,208.71713,177.66399
206.81929,192.8147,160.25996,134.66925,127.44418,104.08112,148.83998,139.66481,118.00701,201.76358,187.65535,152.47293,223.10124,208.43239,178.0856
206.5851,192.80168,160.913,134.92545,127.486084,104.92599,148.4048,139.4468,118.13281,201.99379,187.75609,151.31323,222.8115,208.4997,177.24844
206.70824,192.85051,160.35327,135.13185,127.71163,104.7848,148.18364,139.1986,117.96816,202.17448,187.66486,151.97519,222.93472,208.46141,177.29578
206.74202,192.99821,160.38719,136.30344,128.6439,106.1115,147.34587,138.7446,117.40951,202.06786,188.19011,151.76555,223.14735,208.64528,178.6071
206.90239,192.68193,160.52994,137.34653,129.5435,107.18557,150.95293,141.91777,119.72904,201.59607,187.4241,151.89061,222.91687,208.57225,178.09283
