CF_R,CF_G,CF_B,LF_R,LF_G,LF_B,RF_R,RF_G,RF_B,LC_R,LC_G,LC_B,RC_R,RC_G,RC_B
88.00535,51.792164,39.59628,64.242744,43.51636,35.262688,54.883373,31.112751,25.930592,102.431145,60.850777,44.419216,82.27791,43.05011,32.606873
88.711,51.977886,40.131626,65.02563,43.814396,35.240963,55.383316,31.529688,26.032713,100.44189,61.157932,43.11998,82.30299,43.13541,32.73175
88.38549,52.68242,38.717674,65.99514,43.248623,36.055656,54.993206,31.148005,26.694208,101.855865,61.147533,44.08824,84.190674,43.3836,32.79198
87.23336,52.51271,38.92705,65.21607,43.5095,34.627384,55.83073,31.097523,26.84656,100.294044,60.669792,45.173016,82.60051,42.77628,30.998638
86.28342,51.68232,38.05835,64.05338,42.206917,35.126728,53.25199,30.213991,25.017296,101.41818,60.904854,42.10762,80.18333,43.082985,33.45368
85.00299,50.88712,38.0454,63.072716,41.962852,33.845135,53.73187,29.135075,25.702993,99.71457,61.19057,42.96606,83.246765,42.61582,31.117865
85.08163,50.615463,37.46691,61.963135,41.043346,34.468727,52.882652,28.883991,24.923214,99.06334,61.650307,41.51808,81.24686,42.63825,31.539394
84.70841,49.44319,37.541073,61.573833,40.440174,33.101616,51.038223,28.748714,24.690676,100.43281,60.301826,44.969395,81.89418,42.56489,31.815388
83.82908,49.00439,36.259914,61.245087,39.91824,32.53471,49.83666,28.713705,24.511889,100.37672,60.53675,42.784378,80.89833,42.87815,30.779486
82.949425,48.6918,36.612236,61.218662,39.67294,33.507824,50.104267,27.8126,24.155256,100.51633,60.042805,43.783657,80.22921,41.775074,30.59463
83.653946,48.856415,35.942406,61.194736,40.004578,32.160965,49.75983,27.390156,23.802677,100.510605,60.79878,44.959877,80.05523,42.793747,31.073586
83.44657,47.892895,36.4055,60.063908,39.88134,32.89139,48.72293,27.362652,24.046883,101.734856,59.73439,44.05954,80.957,42.131214,31.355389
83.274666,48.25075,35.107483,59.262104,38.640705,31.871582,49.375816,27.159697,23.364267,98.95903,59.98757,41.84334,79.968185,41.202427,31.544968
83.050575,47.74505,35.10169,58.9513,38.86449,31.372623,48.470577,26.984705,23.122915,99.543396,59.2368,39.77462,78.14969,41.64268,31.75729
81.529945,47.644398,35.493587,59.94287,39.021263,31.91389,47.696487,27.120934,22.9639,97.49147,59.529274,43.702095,80.90215,40.587505,33.294827
82.68779,47.200695,36.00645,60.25343,38.69936,32.41776,47.511456,26.382284,22.390606,97.17733,60.120167,41.468384,79.124176,42.69858,31.228277
82.60202,47.37261,34.865734,59.138863,38.60849,31.117495,47.75521,26.471449,22.875803,98.69169,59.0376,42.536503,79.28167,41.435196,30.213013
82.71487,47.231525,34.08309,59.061367,38.2102,31.79122,47.40123,26.537525,22.493488,99.069305,59.13695,42.82853,79.74798,40.817448,31.83055
81.996826,47.48724,34.60838,58.9921,38.43707,32.129284,47.565437,26.283918,22.688652,97.47903,59.13438,40.991062,78.29099,41.538216,30.34888
82.59764,47.65988,34.083637,59.161423,38.281857,31.848772,47.051052,25.855513,23.449627,98.57254,59.03898,41.405495,78.80275,41.581417,29.4743
83.144196,47.548466,34.61007,59.62134,38.570377,32.720413,48.12662,26.562737,23.573862,98.30226,59.214138,45.62924,79.21249,41.115253,30.136635
82.987625,47.6516,34.691513,59.338192,39.156403,31.657402,47.240623,26.385704,22.819893,99.847855,58.66948,44.915474,80.0036,41.204525,29.92816
81.67462,47.80372,33.747795,59.24465,38.6595,31.85975,47.72259,26.420982,23.243294,98.19844,59.589947,41.520866,79.36775,41.07578,29.464817
82.59447,47.242638,34.59995,59.741543,38.68259,32.494198,47.23135,26.554611,22.792063,98.99579,58.85503,42.288372,80.1027,40.84975,29.514164
83.485214,47.776714,34.10544,59.402626,39.018745,32.53592,48.026276,26.464298,22.571817,98.00503,59.771034,42.31166,79.59508,41.715725,29.878193
82.43041,47.620075,35.222954,59.60854,38.939312,32.257416,47.629005,26.522785,23.12725,98.76774,59.29098,42.428707,77.97132,41.459465,30.10251
82.812805,47.19444,35.079445,59.74442,38.965565,33.240868,47.049965,26.272085,22.56379,98.95253,58.654316,42.89419,78.14688,42.124256,30.393385
83.035736,47.723137,35.00341,59.48646,39.303036,32.075768,47.41834,26.756857,22.641731,100.16311,59.085026,42.931004,78.001755,41.765965,30.143454
82.83968,47.609306,35.213703,59.911366,38.962116,32.423008,48.656097,26.450798,22.610683,98.36193,59.662495,43.34393,77.86926,42.3604,29.892406
82.29877,47.36402,34.821064,59.621235,39.00692,32.158752,47.723484,26.322449,22.779152,99.22586,59.145145,42.929016,79.47153,41.216583,30.942808
82.73225,47.580715,33.615517,59.77497,38.93389,33.183155,48.45452,26.513153,23.13824,99.47092,58.782814,42.677723,79.22228,41.45079,31.685266
82.29247,48.34032,34.81278,60.037918,39.17261,32.657467,48.611217,26.480188,23.84865,95.60243,59.640568,42.311363,78.68915,41.418972,31.821089
82.11413,48.35352,34.143482,60.283348,39.880928,32.766075,48.288437,26.771158,23.26654,97.88046,59.74702,41.799324,78.19186,41.499645,31.900932
82.053474,48.332043,35.412476,60.769325,40.245167,32.85172,48.522354,26.540804,23.630579,98.73571,59.684547,42.39214,78.853294,41.85117,30.340322
82.631004,48.74477,35.655003,60.66555,40.313126,33.232883,48.118332,26.843071,22.682192,98.15409,59.88088,42.913673,79.89048,41.910255,31.046211
83.49477,47.84185,35.19305,61.076855,39.568493,33.09383,48.311028,27.12123,23.303932,97.956726,59.586575,42.81035,77.98491,42.044643,30.638893
83.57014,47.51799,36.300236,59.766552,39.69093,32.25261,48.501713,27.04549,23.649162,98.70576,58.325024,43.131157,80.477295,41.754745,31.220848
83.668205,48.089714,34.140507,60.192963,39.591084,32.67168,48.216564,26.86107,23.112469,98.33012,59.439533,42.191772,78.177345,41.291363,32.280098
83.78131,47.201298,35.863552,61.27456,39.661682,33.18509,47.95021,26.752495,23.466553,98.13942,58.791454,43.90403,79.892456,41.685047,33.038788
82.465775,48.807587,34.980736,61.062813,39.65037,32.707176,48.428032,27.246672,23.44688,99.262146,59.44069,43.72768,80.72793,41.242764,31.495193
82.91033,48.425884,35.095142,59.962124,39.837875,32.130093,49.184116,27.317303,23.036972,100.0607,59.416653,43.92328,80.40307,41.90327,30.16734
83.11819,47.886208,36.402172,59.622437,39.07946,32.75247,48.31832,26.748192,23.733236,99.06415,58.63962,42.806507,80.077225,41.309853,31.80048
82.26839,47.980427,35.45363,59.87742,39.093166,32.25162,48.023304,27.076548,22.782589,98.41775,58.04717,42.506893,78.93636,41.79984,30.658817
82.80838,48.106922,36.25898,59.627213,39.46539,32.764538,48.102337,26.985926,23.41661,97.797325,59.515713,43.003006,79.696785,41.49276,31.376049
83.05142,47.99342,35.882072,60.26384,39.607155,31.937935,48.44153,26.76141,23.328346,99.17545,59.057186,42.618443,80.25816,40.977203,32.960716
82.71047,48.191185,35.5864,60.313274,39.615826,32.108273,48.14067,27.536549,23.469059,98.94423,59.67016,43.294304,80.35671,41.657757,31.448702
82.50217,47.99551,35.411938,60.17252,39.68646,32.7206,48.251137,27.389454,23.602936,98.606674,60.484745,40.776054,79.210144,41.083008,31.26809
84.109505,48.055576,35.04575,60.37397,39.50288,32.988506,47.871166,27.221457,23.006714,99.27478,59.411457,42.268406,80.385765,42.381134,28.944319
83.56278,48.236893,34.743767,61.266457,39.78997,33.437496,48.417095,27.309347,23.054827,98.61149,59.681057,41.020535,81.224014,41.748795,33.43828
83.47608,48.71411,35.38532,60.225754,40.17858,32.783833,48.737896,26.931332,23.104736,99.533745,60.01821,42.429375,80.77536,42.30173,31.026655
83.03865,48.331013,34.960693,61.085377,39.604694,32.809273,48.447887,27.101442,23.609575,98.04371,60.17744,44.167038,78.88267,41.740204,31.602736
83.687805,48.016117,34.21183,61.16054,40.273994,33.423885,48.31542,26.968815,23.400925,98.135376,59.162315,43.544643,78.275215,42.442337,29.812908
83.35383,47.904987,35.327477,61.248318,39.80901,33.197083,48.543694,27.113737,23.848461,99.4605,59.953964,43.87916,80.947014,42.062756,33.556797
82.96273,48.094254,36.128117,61.1776,39.908234,33.343357,49.006718,26.936028,22.819216,98.44596,60.264202,42.843616,79.04222,42.052704,31.594421
83.18286,47.83993,36.00309,61.381165,39.75259,32.772087,48.565674,27.035975,23.739443,99.8214,59.909924,43.83816,80.65161,41.955868,30.91994
84.29007,48.087227,35.291878,61.868973,40.296665,33.54286,48.42869,27.335407,23.31685,99.73864,59.56886,42.329987,79.60666,43.121986,30.222792
83.08311,48.027668,36.192776,61.285957,40.884155,33.40336,49.06227,27.392439,23.455229,100.1755,60.06933,44.592495,81.135,42.428204,31.762005
83.1693,48.98964,35.62131,61.91926,40.897144,34.26911,48.59283,26.720549,23.089245,99.77249,59.933155,45.631756,80.6064,42.506588,33.244026
83.725784,48.56519,36.65495,62.159733,40.33029,33.212112,47.986626,27.169043,23.575201,99.65841,59.9811,44.05601,78.53734,43.443306,29.692268
82.77944,48.00317,35.466354,61.11886,40.126884,33.799313,47.922348,26.746092,22.984028,99.975945,60.176975,44.11008,79.37663,41.42664,32.48406
83.46429,47.6565,35.413715,60.181126,39.582603,32.935608,47.14002,26.292551,22.422745,98.57396,60.521976,44.700462,79.12881,41.076923,31.307283
83.01256,48.111477,36.083347,60.206768,39.98868,33.438236,48.061398,26.41509,23.452316,98.9466,60.859035,43.16743,80.160645,41.79508,31.136684
83.50333,48.59366,34.90494,60.384945,40.141537,33.036354,48.168736,26.787277,23.13776,99.74178,59.79911,43.04969,81.721535,41.86538,31.603676
83.2338,48.393105,36.55504,59.63004,39.66519,33.161053,48.573483,26.831537,23.509113,99.19411,59.37283,43.412228,80.11388,41.89743,29.47262
82.56067,48.385273,34.535183,59.839718,39.511147,31.763416,47.51141,27.0083,22.389898,100.747116,59.65011,42.85537,79.61397,42.32024,30.561958
83.05355,48.06056,34.831257,60.76042,39.66817,32.608097,48.356735,26.848259,23.49254,99.562004,59.87694,42.779892,79.235596,41.51594,30.29615
83.30444,47.97692,34.46712,61.013058,39.35356,32.9607,47.443943,26.74013,23.374529,100.15248,60.245617,45.17346,78.09939,41.779163,31.672613
83.20662,47.842052,35.44972,61.1621,40.129425,31.922762,48.06724,26.788704,23.299469,99.65855,59.917397,42.99113,79.70198,42.30589,31.459955
82.12089,48.168194,35.286983,60.881573,39.648148,32.671253,46.805042,26.931664,23.02435,99.94303,60.281475,41.49704,79.48305,41.237263,31.245327
82.60248,48.12257,34.69911,60.638817,39.637512,32.771416,46.560314,27.142756,22.497494,98.96163,59.563038,44.29501,79.99001,41.850376,30.66129
83.51123,48.23192,35.11705,60.860012,39.676,31.49695,47.237133,26.813934,23.890745,98.67125,59.967472,42.93553,80.26668,41.242477,31.2611
84.00557,48.465775,35.55399,60.8938,39.72193,33.196068,48.606506,26.99071,23.407297,99.82878,59.99703,42.63082,79.83486,42.911457,30.933313
81.98338,48.434116,33.64246,61.81008,39.88199,32.850277,48.940434,27.01946,23.725943,99.51223,59.38577,45.60146,80.596695,42.61237,31.562704
82.98052,47.98051,35.783722,60.935894,40.09284,33.255768,47.91341,26.995075,22.900883,98.81252,59.635128,44.530773,79.73073,42.41784,31.61737
82.87381,48.141747,34.673027,61.935165,40.22734,33.1544,48.448647,26.843071,23.53862,99.443016,60.833103,43.81783,80.33309,42.17179,31.439325
82.424126,49.334995,35.045074,61.531128,40.298454,33.53021,48.822872,26.967682,23.698572,99.53727,60.083164,45.99471,80.04771,41.992565,30.52544
82.85285,48.40069,36.562695,61.99124,40.434055,33.059387,48.508694,26.880716,23.445501,98.92746,60.72457,40.802193,80.70529,41.756733,31.899426
82.65659,48.500603,35.23661,61.24417,40.62862,33.04826,47.742573,26.954687,22.97114,99.387146,60.27808,41.02579,80.32105,42.415897,31.278957
83.06786,48.147087,36.028046,60.38971,40.20721,32.413048,48.02027,27.03201,23.754564,99.481186,60.374184,42.61852,81.29485,42.25282,32.42075
82.80695,47.955463,35.64128,61.20239,39.96233,32.040974,48.831055,27.143843,23.254114,98.34458,60.33599,42.97771,79.88477,42.25142,32.768486
82.09961,48.41111,35.200813,61.152267,39.992992,32.62085,48.26667,26.804255,23.612228,98.94879,61.408783,43.51564,80.241875,42.839577,30.879284
82.846596,47.64373,34.578617,61.20038,39.61003,31.674055,47.682312,26.72284,23.571562,98.15239,60.301952,42.359024,80.72372,42.72904,30.703955
83.15037,47.687794,35.602806,60.8664,39.998096,32.776783,47.37096,26.491255,23.044085,97.956345,59.39222,43.221214,78.53334,40.995712,31.156406
82.67882,48.12612,34.396095,61.242516,39.802456,32.826817,47.75882,27.164093,23.851898,99.84772,59.729797,43.58554,80.7686,42.18989,32.270813
83.77389,47.86504,35.729107,61.478436,39.855064,32.520485,48.29243,26.943233,23.852419,99.58107,59.6315,42.454784,79.5271,42.031197,30.26519
83.25973,47.87064,35.216026,61.06296,40.034218,31.992304,48.500217,27.070286,22.853899,99.75526,60.13476,43.692245,80.221756,42.34405,31.703402
83.222725,47.932453,35.184784,60.828476,39.936504,32.49086,48.179436,27.195055,23.8869,99.7492,59.42298,43.431076,78.839584,41.2914,31.418295
82.70402,48.587204,35.99867,60.83874,40.23497,32.434166,47.773975,27.267424,23.377472,98.71659,60.342472,42.296085,79.129654,41.83473,31.802834
83.12524,47.819317,35.82451,61.49789,40.600105,33.454967,48.4434,26.915861,23.396751,98.70297,59.559063,42.44375,81.69242,42.876705,31.139576
83.09497,48.247074,35.328438,61.212616,40.368176,32.841698,47.956642,26.50533,23.02427,100.138,59.648396,43.51654,79.79606,42.229794,31.392447
83.70599,47.904373,36.709866,61.223923,40.015476,33.80732,48.700512,26.91459,23.435625,100.98908,58.926117,46.06564,80.08687,41.601997,33.20261
82.78726,47.9235,35.52233,61.32392,40.461807,33.310623,48.818657,27.20175,23.898298,100.25178,59.988514,43.965763,80.57027,42.32856,31.00719
83.22561,48.02237,36.504467,60.979504,40.27888,33.100975,48.924877,27.681044,23.74153,99.145256,60.847,43.963215,80.92279,42.209057,32.437965
83.250824,48.571342,35.033276,62.18296,40.30855,32.5244,48.33162,27.439106,23.535494,101.16542,61.309048,43.031975,80.94048,41.893272,31.033785
83.202705,48.172413,35.413578,62.24428,40.53295,32.675762,47.68167,27.301298,23.074196,99.50548,60.219772,45.80886,79.57577,42.634014,31.02932
82.30275,48.59139,35.476994,61.739544,40.52635,33.571472,47.91813,27.074722,22.640333,101.65733,59.2199,44.215652,79.05974,42.29005,30.542316
82.991325,48.30195,36.153706,62.043266,40.51344,33.3155,48.495052,27.20009,23.466341,99.68972,60.450603,45.222187,81.03685,42.38236,32.00613
83.08468,48.23658,35.575794,61.048294,39.890873,33.105488,48.434155,27.11296,24.437746,98.08842,61.426834,42.745277,80.26886,41.387566,32.811634
82.80058,48.745476,35.273857,61.230595,39.55993,32.981537,47.95822,26.762026,24.344652,99.36305,61.065163,40.340157,80.56258,42.39236,30.913277
83.55006,48.209644,35.898304,60.68481,40.024593,32.482697,48.02174,27.510828,23.17747,102.53074,59.88732,46.324368,79.30451,42.74575,32.322407
83.433014,48.330303,35.028717,61.06677,40.30212,33.506477,47.929256,26.863245,23.855318,101.36733,60.97395,42.493122,80.673325,43.21165,29.926708
82.91401,48.617485,35.28504,60.987083,39.84387,33.879528,48.791523,27.302357,23.91324,101.33976,60.802868,43.85328,82.20777,42.54242,31.305458
82.704796,48.298897,35.52777,60.557487,39.327423,33.616615,49.48427,27.200035,24.287983,100.87317,60.22507,43.395157,81.432465,42.992996,30.963152
83.191025,48.6428,34.139446,60.079914,39.443474,33.356598,48.511665,26.929045,23.728071,100.80786,59.975956,44.62808,80.72808,41.159206,33.021168
82.3124,47.801167,36.26875,61.08149,39.63823,32.93435,48.151024,26.455944,22.956707,99.04962,61.134533,42.759388,79.59892,41.32942,32.132774
81.90107,48.520832,34.995293,60.11199,39.502583,32.959366,47.712708,27.121649,22.778149,98.850075,60.47678,42.661903,80.985985,43.12658,30.039396
83.06652,48.01443,34.763542,60.378807,39.425068,31.756037,48.960716,26.994871,23.631872,99.50015,60.263184,43.57053,81.82961,42.24712,30.704365
83.09936,48.03369,35.72096,59.70775,39.354343,32.11407,48.085026,26.346573,23.643776,100.11798,59.91807,46.317917,79.9311,42.22016,30.167587
82.30222,47.810272,35.08554,60.031227,39.014435,32.736427,46.897423,26.372337,22.493227,99.928055,59.316,42.091305,79.43233,41.84171,31.020023
81.58423,47.81751,34.7028,60.06868,38.792225,32.892532,47.903088,26.234941,23.25148,99.8506,60.70397,43.782784,78.63208,42.530712,30.55279
82.235146,47.05877,35.489136,59.991974,38.829807,32.38431,47.433895,26.004438,22.795237,99.94166,59.917877,45.27483,78.47903,41.702885,32.851585
81.97274,48.09402,35.442417,59.64889,38.72651,32.553894,46.772167,26.235449,22.203688,99.26748,59.65466,42.24841,79.89143,41.547592,33.642834
82.53404,47.416393,35.488853,59.153076,39.388023,31.626358,46.244423,26.007643,22.55967,98.89885,59.778973,44.08864,80.20241,42.04367,30.692373
81.80798,48.070747,34.68372,58.861145,39.002056,32.30085,47.031124,26.31168,21.641432,97.63194,60.39643,41.145073,79.96113,42.27921,31.639761
82.182816,48.15777,35.27742,59.7813,38.905975,32.133873,47.079716,26.59582,22.469856,98.25408,59.816128,43.225826,79.735634,42.09807,31.454294
82.55993,47.660065,36.72095,60.180695,39.22322,32.014675,47.331696,26.412518,22.718767,98.66896,59.424316,44.58416,80.375374,41.96362,31.155848
83.32867,47.658882,35.49359,59.742573,39.16717,32.541996,47.41027,26.79491,22.613594,100.00993,59.580402,44.01722,80.05652,42.424587,31.072136
82.89996,48.107967,35.743496,59.77415,39.233597,31.911482,47.312443,26.512642,22.811989,98.834854,60.17509,43.968708,79.158295,41.756435,31.018242
82.39607,47.80698,35.81495,59.753246,39.07891,32.57562,48.02686,26.492847,22.405203,100.22473,59.68856,42.941837,79.63183,41.818382,30.953386
82.83548,47.551636,34.90713,60.168808,38.524788,32.9811,48.037354,26.539764,23.20821,99.55964,59.813522,45.3551,80.02036,41.35027,31.19698
82.67318,47.721886,35.89942,60.313667,38.810497,32.89872,47.352245,26.42743,22.831661,99.25653,59.755436,45.28238,79.459404,42.007183,29.4557
82.113846,47.97792,34.726036,59.806694,39.12002,31.725449,47.355385,26.377125,23.186642,98.75678,60.167416,42.70079,78.74179,42.71087,30.381817
83.44639,47.541084,34.96736,59.63068,39.17411,32.826584,46.806408,26.80113,21.937408,98.09601,60.655277,44.018284,80.52531,41.008736,32.013565
82.96611,47.93513,35.209988,59.54521,38.936848,32.015198,47.60697,26.776144,21.924328,100.55499,59.748436,46.435078,79.683044,42.324306,30.149015
83.113,47.97712,35.8441,59.833195,39.230293,32.39509,46.956024,26.61595,23.23799,99.47049,60.184322,45.62865,80.31332,42.236454,30.496105
82.87538,47.618378,34.838676,59.754433,39.026836,32.004738,47.95564,26.22428,23.633047,99.61466,60.608086,43.50925,78.91218,41.82746,31.787647
81.66875,48.380154,34.154858,60.440575,38.7861,32.61059,47.253975,26.378315,23.309904,99.46127,60.232533,42.75086,80.02642,42.576126,30.909615
82.40335,47.400486,35.687126,60.381786,39.14346,32.39215,46.834625,26.43001,23.258791,98.691246,59.477837,45.48207,80.04146,41.495876,30.870789
83.5541,48.020947,35.095108,60.260994,39.340084,32.94946,47.859856,26.219143,24.087145,99.27277,59.8669,44.535362,81.15864,42.151176,30.570913
82.12672,47.791363,35.90341,60.829628,39.01976,32.723137,47.672615,26.620197,23.783901,100.04895,59.290154,42.72458,80.94377,42.174084,32.568302
81.77857,47.39449,35.360256,58.870495,39.270855,32.79878,47.686497,26.418152,23.13445,98.29363,60.398476,40.71734,80.06347,41.10528,31.850101
82.506256,47.13759,36.254078,59.83129,39.074944,32.11477,47.053585,26.198523,23.32008,98.58433,58.656128,44.51515,80.58011,41.566704,31.589458
82.56427,47.644005,35.037186,60.168373,39.364536,32.094627,47.645184,26.370556,22.870815,99.073006,60.405216,43.660263,80.24544,41.861404,30.5876
82.14098,48.47819,35.60151,60.549183,39.153458,32.591545,47.402363,26.347647,22.980265,98.910385,60.03747,43.333096,80.109184,42.326054,31.383656
83.598976,47.52055,36.435356,59.774906,39.143364,33.189075,47.57534,26.140392,23.581297,100.225136,59.034378,44.850834,79.920975,42.01475,30.586252
82.24925,47.88234,35.24814,59.46869,38.91431,31.510284,47.993835,26.10588,23.235598,99.956085,59.966858,43.122295,79.7472,42.34081,31.288616
83.16001,47.354618,35.022453,59.65044,38.977215,33.1848,46.77266,26.42424,22.882973,98.74602,59.316948,44.394123,79.17259,42.036865,32.16739
82.947014,47.976555,35.836876,59.447495,39.235928,32.44504,47.025192,26.507704,21.696318,99.24066,60.58291,43.298748,80.50942,42.59222,30.35446
82.5503,48.069706,35.992332,60.88397,39.342747,32.94683,47.621796,26.822952,23.475382,100.76565,60.286167,43.66499,79.26193,42.440933,32.78597
82.381546,48.095375,35.26452,60.542328,40.143745,32.256813,47.832478,26.206957,22.44759,101.91332,60.737556,44.809082,79.90503,42.753193,32.463062
82.446556,48.08027,34.99709,60.935616,39.787136,33.373955,47.62205,26.159025,23.422176,101.017235,60.392784,44.18986,80.78321,41.991146,30.55076
83.2677,48.443344,35.205994,60.877365,39.683006,32.95238,47.833557,26.631838,23.83217,99.85547,60.095573,43.502064,80.54394,42.814682,32.082664
82.279076,48.378326,33.796173,60.91405,39.957253,32.779877,47.888496,26.304462,23.270208,99.14745,60.443214,43.50323,82.26191,42.630787,33.448357
82.336914,48.61543,35.20476,60.771214,39.37707,33.580673,47.065556,26.717182,22.975233,98.958916,60.842484,42.16805,80.411354,42.792126,30.828989
82.89983,48.73633,35.070835,61.297688,40.322445,32.62694,47.50501,26.345469,22.972147,100.50434,60.504593,44.759987,79.9715,43.64257,30.27151
82.61287,47.778027,35.7168,60.456665,39.881683,33.087475,47.60408,26.814594,22.434542,99.95601,61.278824,43.817703,80.010345,43.524944,31.921131
83.077995,48.98243,35.50836,61.54654,39.889244,32.62049,48.24154,26.985378,23.780842,100.88885,61.805588,45.413647,80.64639,43.069523,31.304876
82.83809,49.16362,35.30049,61.69627,39.94944,34.175804,49.237396,26.659481,24.186153,100.255356,60.95409,45.54376,80.89548,42.107136,32.2641
83.273636,48.00446,36.525192,61.281555,40.476223,31.983746,48.530815,27.232979,23.099499,99.98289,60.336426,42.840076,81.77122,42.698536,31.776958
81.88615,48.865833,35.457195,61.296337,40.221233,32.87811,48.359787,27.169863,23.378399,100.872696,60.287292,44.295082,80.508354,42.906506,31.393763
82.6707,48.33682,35.09544,60.951633,39.9761,33.501377,47.579784,26.60706,23.520529,99.49573,60.206142,42.859867,80.6218,41.480274,31.705997
82.62867,47.993767,35.848698,60.897316,39.84847,33.332325,48.072887,26.923962,23.952564,99.40681,60.75712,44.518345,80.67255,42.538708,32.57035
82.850784,47.901886,35.607418,61.085472,40.569324,33.1723,48.260044,26.260326,24.064672,100.939255,60.127262,43.68108,81.06255,42.323833,30.55576
82.339355,48.01657,35.26266,60.975483,40.291904,33.399677,48.20698,26.36866,23.023163,100.09561,59.033333,43.618263,80.9945,42.61423,31.67236
82.02709,47.521275,35.027016,60.919365,39.572952,32.046543,47.943966,26.30374,23.307056,98.5249,59.97651,41.139828,79.891716,42.83419,30.55666
82.17388,47.575176,35.79881,60.63071,39.43231,33.415123,47.638184,26.518145,22.916924,100.07716,59.611588,45.125454,77.83441,42.28806,30.592194
82.582344,47.902763,36.12763,59.8576,39.15616,32.62128,47.277943,25.997839,23.341782,100.2463,60.735897,42.90866,80.681114,42.193035,31.43109
82.680176,47.981808,34.901215,60.274162,39.399963,32.493675,47.83038,26.133642,23.362133,99.82006,61.10461,41.80648,79.69042,42.720192,31.937738
82.39225,47.78217,35.54967,60.60307,39.39874,33.095985,47.719967,26.125086,23.110271,100.51297,60.67014,41.44852,81.80865,41.602642,33.412376
83.194595,47.827896,36.075626,59.95726,39.38316,32.622227,47.705723,26.357014,23.29173,100.22616,59.189606,44.50484,80.573616,41.81078,31.280832
82.52279,48.62505,36.767044,60.874992,39.625774,32.250095,48.282597,26.589466,22.795446,99.56275,59.89575,42.377773,82.26878,42.099586,33.180508
82.966125,48.06183,35.648937,59.904068,39.26615,32.621727,48.297977,26.755209,24.003492,101.584,59.763256,44.14523,81.56549,42.606136,31.885164
82.41326,48.30818,34.214737,60.51944,39.726185,33.32304,48.45911,27.14508,23.170622,100.51737,60.778366,42.69497,81.37964,42.17962,31.820978
82.564804,47.927536,35.615906,60.075264,39.55082,33.566525,47.869213,26.431501,22.825274,99.26534,61.86268,41.913918,79.88042,42.72457,30.400398
83.36125,47.99167,36.195293,59.647995,39.581863,33.4102,48.038506,26.511232,23.39583,102.12798,60.387028,45.611496,80.09287,41.714622,33.060863
82.81533,47.97955,35.06163,60.22208,39.754765,33.74923,48.43534,26.47321,23.416773,100.12915,61.482143,42.948196,79.61519,43.193474,30.323069
82.79283,48.374565,34.778496,59.428703,39.579514,32.720802,48.37025,27.151033,23.171263,99.87612,60.13767,44.988262,81.41875,42.535023,30.671297
83.343,48.18261,34.827824,59.429615,39.087555,33.168022,47.408463,26.54711,23.55259,99.42335,60.979733,43.980747,80.327095,42.53629,31.58923
83.15853,47.65918,35.194687,58.930984,38.751217,33.160255,46.527214,26.192417,23.562475,100.21626,60.167744,43.67284,79.34728,42.513702,31.088884
82.45187,48.70186,35.680027,59.237892,39.275654,32.44159,47.418762,26.274828,23.265944,98.406425,60.824295,42.124256,80.34251,41.923607,31.884369
81.61175,48.109997,34.695866,59.594246,39.514614,33.081673,47.71627,26.746828,23.72697,99.722404,61.10102,43.505135,79.95845,42.87726,30.43565
82.421295,48.30902,35.15505,60.188705,39.859196,32.895634,48.12945,26.714643,23.559525,100.86152,61.312176,43.310364,79.91885,42.57357,29.933105
83.10674,48.107204,35.879894,59.828568,39.35582,32.44227,47.33808,26.582554,24.083841,99.62916,61.140545,40.717743,80.52587,42.57096,31.491055
82.11068,47.801,35.967102,58.97971,39.248444,32.649498,48.044937,26.589325,23.654799,99.972435,60.689045,44.577164,79.310776,42.160378,30.640518
82.28223,47.63849,35.84177,59.35034,38.955803,32.88186,48.017303,26.7016,22.823887,100.27096,60.673714,44.976852,80.847725,41.810097,31.363989
81.32199,47.915188,34.930862,59.689137,38.703125,32.580242,48.381527,26.34978,22.783964,98.95295,60.097218,43.908665,80.389465,41.97141,31.168987
82.69606,47.286575,36.719364,59.227417,39.24159,32.283604,47.94441,25.805132,23.480188,100.43988,59.846725,43.597187,80.658646,42.94848,31.649973
82.84387,47.936344,36.33592,60.152996,39.3205,32.444885,47.73998,26.49225,22.475098,100.883484,60.32053,42.317154,80.55114,42.215908,30.180403
81.44114,48.0265,34.50256,59.672222,38.775337,33.78115,48.111305,26.476477,23.080788,100.12193,59.875694,43.15761,79.47153,41.669495,31.01041
82.768745,47.41408,35.246967,58.63452,39.51533,32.11124,47.483997,26.43901,23.346931,99.34664,60.158077,42.22892,80.348755,41.57708,31.691456
82.982704,47.706852,35.394928,59.371735,39.1944,32.744026,48.44794,26.453869,22.918194,98.86815,60.19851,41.300293,78.87813,42.212254,31.691034
82.99919,48.463352,36.288746,59.87059,39.095684,33.650623,48.04211,26.488089,22.336758,99.92205,60.612637,41.82792,80.47541,42.46951,31.815119
82.99823,47.88108,36.061417,60.28786,39.549168,33.20553,47.833427,26.66213,23.93588,100.7734,60.927036,44.005253,80.47721,41.97945,31.225855
83.09517,47.81003,36.456676,60.646988,39.743687,33.57618,48.28626,26.521152,23.120289,99.74276,60.819897,43.29676,80.39346,42.786404,30.245407
83.02489,48.652637,34.74057,60.786236,39.63773,33.722614,48.05709,26.725918,22.829315,102.00919,60.0165,44.25286,81.38507,41.89524,32.12599
83.075005,48.365845,35.629635,60.688118,39.734913,32.383892,48.214554,26.815115,23.724504,100.966095,60.3213,45.10557,79.834785,42.730717,30.222519
82.491066,47.92072,35.167477,60.28417,39.68829,32.836136,48.39229,26.469227,23.559116,100.22813,60.97625,41.594692,80.136986,42.03027,30.15952
81.7854,48.122753,36.48769,61.00057,39.513638,32.912464,47.21141,26.551588,23.644054,101.2407,60.348312,44.06936,81.1061,42.546474,31.127504
82.655365,47.60519,35.45099,59.57698,39.114662,33.072712,47.465675,26.176146,22.946396,101.53201,60.36082,44.755497,81.20592,41.56748,33.251347
81.61549,47.95794,34.416832,59.721817,39.29088,32.505928,47.827312,26.382452,22.03812,101.53971,60.458233,44.214054,80.367744,42.193798,31.067966
81.98478,48.237297,35.52722,59.334152,39.141087,32.76439,48.151985,26.625494,23.189592,98.44855,60.402615,44.22096,78.3446,43.08641,31.0784
83.0119,48.433746,34.616146,59.10827,39.373623,33.187054,46.584816,26.149271,23.225166,98.69394,61.10551,42.08882,79.58472,42.409443,31.69624
82.036896,48.244995,34.68903,59.478024,39.207783,33.483467,47.772297,26.241848,22.862362,99.92231,62.048843,43.863586,80.93813,42.633522,30.934212
83.4988,47.513435,36.385063,60.67345,39.626507,33.297356,47.62281,26.88009,23.365692,101.284935,60.546165,45.248978,81.04461,42.284,32.175117
83.42118,48.833828,35.60427,60.332123,40.030155,32.42849,47.914295,26.675396,23.31259,100.51467,60.188892,43.400932,79.97019,42.85549,30.062546
82.296814,48.025917,36.02976,60.665188,39.554966,32.27829,47.404705,26.388002,23.52455,99.4564,61.586136,42.87704,81.09209,42.64767,32.065113
83.78252,48.21454,35.32697,59.98015,39.02221,33.77036,47.704266,26.516832,23.738789,98.471695,59.949677,44.82221,81.0889,42.57737,31.73817
81.9104,48.217392,34.474415,60.478508,39.36368,33.111664,47.190334,25.800411,23.776068,99.31104,60.052776,42.898804,78.86434,42.99348,31.150822
82.2337,47.85526,35.219475,60.496937,39.61637,32.60755,46.787655,26.26158,23.425587,99.76757,59.93921,43.97258,79.65262,42.624268,31.312492
81.719284,48.09452,34.281868,60.388325,39.27798,32.64039,47.265217,26.515991,23.314045,100.16425,59.897728,43.45104,79.4535,42.22069,32.09573
82.43745,47.53799,36.27651,60.49065,39.45756,32.303974,47.49844,26.538568,23.434269,98.19527,60.020023,43.002926,80.743,42.050465,33.452164
81.95173,48.08835,34.570663,59.93908,39.12042,32.365402,47.025322,26.005823,23.872543,98.45619,59.87254,41.647472,80.26368,41.63074,32.232346
81.94666,47.75434,35.468826,59.70287,39.139385,32.332424,46.856945,25.799345,23.404354,98.7304,59.796715,42.340008,79.578636,41.780846,31.60957
82.31329,47.923965,34.527676,60.117348,39.12452,33.004147,47.140465,26.24926,23.32974,101.27348,59.58024,44.600487,79.77301,42.493416,30.706133
82.99752,47.056103,36.29674,60.320473,39.286427,33.930733,47.95875,26.307861,23.41699,100.068954,60.951176,43.735348,79.83303,42.90449,29.477427
82.26035,47.766155,36.052975,60.39925,39.811504,33.636284,47.708244,26.347355,23.13254,98.9911,61.166946,44.127995,80.605545,42.810547,31.33921
81.28741,47.872368,35.449566,60.561836,39.672977,32.37319,47.437363,26.13146,23.849506,101.010376,60.610302,42.614723,80.2258,42.05309,32.296005
82.607765,47.625652,35.7242,60.81344,39.25698,33.36353,47.894085,26.309965,23.123123,100.167274,60.295124,42.86085,81.73615,43.003567,30.683874
82.32436,47.86922,35.83984,60.939102,39.68996,32.579124,48.19769,26.171412,24.076548,100.542435,60.640587,43.703712,81.217705,42.29408,30.730377
82.17096,48.092995,35.11438,60.601307,39.837505,33.172653,48.63761,26.768185,23.313372,99.4255,61.009777,42.093513,80.79343,43.011036,31.183582
71.63974,38.24889,27.926092,41.96912,24.374926,21.893341,37.62404,18.327002,17.993954,64.226555,35.74952,30.281403,68.63228,35.46985,29.081041
71.50293,38.7546,27.835552,41.573433,24.354631,21.680012,37.899994,18.605368,18.280182,62.771526,36.001617,28.464504,70.311745,35.71906,27.772669
72.34088,39.212765,28.190018,41.58144,24.394444,21.448948,37.942726,18.65186,17.716223,62.269222,35.93172,29.329786,70.2723,36.05221,27.032825
73.745316,39.036007,28.135296,42.610317,24.301287,22.337101,38.128693,18.65206,17.741123,63.798466,36.804386,28.326345,68.611374,36.373806,27.91969
71.11349,37.936398,27.23565,42.66562,24.328304,20.760902,37.051674,18.274446,18.104303,63.720783,36.76051,28.438128,68.110214,36.128113,28.594639
77.363434,41.745815,29.821865,43.278984,25.474995,22.061045,40.142162,19.795069,18.412823,72.1336,40.69631,32.932514,75.15608,40.43419,30.338768
81.42033,45.02888,31.758265,44.22103,25.998644,22.190132,42.74194,21.774897,18.902319,80.4302,45.803375,33.89852,78.993225,41.862816,30.002222
84.959564,46.57636,32.401073,47.194042,28.083483,23.66184,44.512756,23.015953,19.889215,84.67775,49.091747,36.92188,83.2732,43.46591,30.817566
87.5906,48.32282,32.668324,49.014297,29.650373,25.090374,45.163578,23.574095,20.375679,86.49686,51.38117,36.61362,83.46768,44.63275,31.591095
87.81488,48.557976,33.09128,50.020977,30.19564,26.108774,46.13107,24.096102,19.566652,90.092186,52.194572,36.47898,85.58493,44.09082,31.589134
88.190186,49.444122,34.036232,50.477085,31.037628,26.073267,48.24273,24.275043,20.425644,91.192764,52.686863,37.47762,85.36728,44.88506,31.926613
89.14158,49.22466,36.01947,53.467987,32.558598,25.594988,47.220886,24.571636,21.679485,93.54191,53.91383,38.611534,86.4765,45.14548,32.52501
89.43682,50.046696,35.427628,53.76282,33.13622,26.972479,48.192394,25.190752,22.210623,96.97007,55.76235,39.248024,87.84551,45.589497,33.199688
90.49623,50.757465,34.502613,54.49643,33.674683,26.984268,47.991096,25.602581,21.463064,97.46065,55.552288,40.929096,88.14817,45.997334,33.30413
89.48901,50.69509,35.06409,55.49354,33.62137,27.756395,49.195267,25.570614,21.105347,98.47802,56.839848,42.428432,89.516815,46.244892,32.78209
90.193146,50.292744,36.340622,54.932056,32.972584,28.243513,49.757343,26.518354,21.700937,97.22956,55.280323,40.472446,88.82016,45.863552,34.76228
89.61116,51.6658,35.93683,55.575905,34.127766,27.508236,51.361942,27.644707,21.579296,97.69645,57.275803,42.25498,90.00145,45.763397,32.696884
91.224075,50.893837,36.550194,58.386932,35.2522,29.093851,51.40692,27.583204,21.265076,98.49949,57.492134,40.94085,90.03842,47.60215,33.533653
91.51918,51.653996,36.83432,57.33367,35.3844,28.564615,51.55183,27.14952,22.620094,99.54745,56.819454,42.258003,88.75271,47.395893,34.18876
90.97556,51.532684,36.58704,58.425465,36.085934,28.52561,51.652214,27.035269,21.943932,99.34153,57.430073,41.304886,89.70799,46.14436,34.410748
90.56495,51.56688,36.33994,56.991657,35.609974,29.005013,52.750614,27.167387,23.197254,99.81713,58.547672,42.668198,89.29329,46.779545,32.900932
91.02459,51.423977,37.028652,57.61651,35.328667,30.53841,52.08551,27.830797,22.338518,100.24786,58.56779,41.611973,91.50234,46.908016,33.749252
90.58606,52.41855,37.015934,57.157543,36.29478,28.779732,52.45149,28.276659,23.173115,101.41933,58.306484,42.345634,91.32983,47.002834,35.405327
91.185936,52.419247,35.91126,57.49019,35.768566,29.543118,51.89534,27.878113,22.62401,100.8499,58.648346,43.0236,90.5593,47.912243,35.564297
92.09532,52.199726,37.058094,57.191326,35.75666,29.394663,52.181263,27.958046,22.44511,100.56822,58.711334,41.639015,90.66591,47.2922,33.121124
90.80092,52.16024,36.781384,58.127026,35.325325,29.44806,52.509758,28.022581,23.1532,100.41082,58.592052,42.783787,89.41037,46.750607,34.794434
90.10717,51.565357,37.652843,56.94042,34.895016,29.742619,51.982185,27.999245,22.830206,99.26847,58.512695,42.046898,89.406006,46.465904,32.857574
91.232285,52.443485,36.070614,56.418674,35.20851,28.837389,52.628464,28.604963,22.392431,99.57169,57.404156,41.146187,89.55491,46.75147,34.100998
90.39951,51.7922,36.245678,57.098766,35.31357,28.978807,52.97565,28.630806,22.984493,100.806305,60.028667,40.794693,88.214294,47.369366,33.577892
91.63331,52.52966,36.165855,56.58629,34.940624,29.18336,53.012764,28.197916,22.562523,102.58167,59.536163,41.522408,89.54738,46.156666,33.79064
91.54948,52.135128,36.184364,55.791073,35.095947,28.702639,52.48174,28.192364,23.066994,101.17847,59.361557,40.87843,89.55308,47.836605,33.458466
90.41411,52.666813,36.587204,57.893467,35.59836,27.105768,52.787834,28.35806,23.402323,101.127106,59.62162,42.548187,89.54793,47.425434,32.53447
90.87371,52.498695,35.72669,57.75805,35.327793,27.409851,53.34852,28.71515,22.774704,101.238785,59.992256,40.87024,91.6603,47.19691,33.046417
91.417015,52.67615,37.353706,58.590828,35.482758,29.524765,53.54192,28.354277,23.368639,99.37486,58.023556,41.677357,90.316025,46.78556,33.561672
91.8096,52.073376,36.340054,57.045044,35.264103,29.355782,53.41228,28.482553,24.397009,98.833984,57.535873,42.744076,89.82364,46.81939,33.398956
91.283195,52.181255,37.003036,57.884235,36.221405,29.904585,52.77095,28.272142,23.865055,102.306854,58.097538,43.063255,90.34384,47.22396,33.85729
91.495926,51.765923,37.300003,59.536674,36.736057,29.398085,52.553444,27.717031,24.175875,101.66593,59.43435,43.895317,90.773315,47.63313,33.103664
91.114784,52.67413,36.351917,59.81938,36.82988,29.5449,52.525826,28.241957,22.783758,101.8324,59.90546,40.240044,90.9957,47.671837,34.659683
91.49325,52.411045,36.852905,58.697086,36.201645,30.393297,52.03964,27.752579,22.733633,103.2492,58.85826,43.680218,90.64012,47.31193,32.824818
91.3384,52.902573,37.69501,60.047306,36.24712,28.881147,52.822376,28.272562,22.891508,102.89045,58.86218,42.006832,90.332016,48.056454,31.493338
91.5692,51.834465,36.680614,59.49007,36.39245,28.854937,53.216335,28.816412,23.194672,102.18588,58.82738,43.32882,90.9035,47.337467,32.03151
91.75985,52.54654,37.59272,59.733894,37.564503,29.77933,54.2589,28.290571,24.126263,104.23375,60.35452,43.643974,90.79656,47.1256,34.04308
92.01377,52.87825,37.095592,61.620346,37.103485,30.91957,52.92279,28.89504,22.986734,102.650055,61.123413,43.886536,90.93972,48.97633,33.418255
92.163826,52.635387,38.282257,62.10299,37.57777,30.152628,53.887,29.127039,23.29615,101.95745,60.18749,42.676586,92.09576,48.662216,32.796814
92.36986,53.153217,36.14208,60.850906,37.429504,29.948212,54.644756,28.704006,23.93302,103.260704,59.463753,42.917694,92.06947,48.02004,34.82077
91.8064,53.01665,37.779434,60.231586,37.426445,30.588478,54.43244,29.645674,23.82994,102.940895,60.041237,42.695827,91.409164,47.913715,35.483467
91.968666,53.50098,37.09089,61.246098,37.810352,30.987886,54.247234,29.072437,24.228792,103.969734,60.20879,43.811134,92.59696,48.441917,35.93895
92.83517,52.97369,37.848644,61.95339,38.061157,30.347202,54.363056,29.235172,23.590178,104.16953,60.4668,45.71949,92.399796,48.10465,34.95334
92.0115,53.29762,37.588173,62.00984,37.965454,31.073444,54.213943,29.002195,23.69434,102.19836,62.17701,43.56455,92.83225,48.517677,33.561653
91.992874,52.847355,37.79779,61.725517,37.89809,30.039457,53.180218,29.248972,23.204817,103.42494,60.80441,43.09426,91.635284,48.422016,34.51743
91.34602,53.51573,36.686653,61.851227,37.398075,30.39414,53.573658,28.98738,23.723736,103.216866,59.70749,42.056976,91.47414,48.51494,33.20818
91.283485,53.37832,37.746155,60.76206,37.645367,30.363207,53.23642,28.921999,23.600046,102.68485,60.678654,44.62444,91.45309,48.30726,33.68175
91.53966,52.663567,38.48359,60.633442,37.885708,31.805124,53.705936,28.441587,24.149755,103.3297,60.41243,42.753464,91.48925,48.50809,32.146397
91.453896,53.037582,36.560688,60.415146,37.704163,30.359142,52.664486,28.658403,23.548382,102.57791,61.01795,42.857246,91.81247,47.82976,35.579514
91.41014,53.27437,37.223953,61.75622,37.77113,29.915354,53.439545,28.800617,22.836351,103.80231,60.126896,43.070972,91.50535,48.43514,34.099033
92.22436,53.611553,37.39296,62.505695,38.490368,31.30571,53.82902,29.01432,24.121502,103.69578,61.41638,41.913673,91.43211,48.309063,33.615192
92.432594,53.192272,37.265934,63.071808,39.577744,31.062237,53.773373,28.772991,24.13422,105.29158,61.220146,44.43476,92.747986,49.400753,35.80837
91.54072,53.48261,38.16316,62.753708,38.38896,31.433805,52.06462,28.594387,23.43817,105.700066,60.874287,43.82997,92.98239,48.55634,35.162506
91.81714,53.10501,37.171318,61.175026,37.71253,30.370514,52.23084,28.463161,22.947315,103.00242,60.731056,44.11591,90.86479,47.76808,34.69348
91.94266,52.873375,37.965836,61.18947,37.63905,29.83512,52.42535,28.059526,23.181803,101.813644,60.72443,42.88395,90.885544,47.45828,34.54351
92.58311,53.254547,37.28028,60.687763,38.38587,30.135706,53.076054,28.542473,23.513096,103.72479,59.75284,41.848236,90.573044,48.51415,34.92062
91.412926,53.031555,36.90338,62.444473,38.34748,30.734596,52.64521,28.402925,22.70932,102.91137,60.46581,41.80168,91.18102,48.423725,32.388756
92.031166,53.159794,37.93493,61.642,37.814186,30.298246,52.395954,27.697906,23.538773,102.601845,60.917065,43.311745,91.7756,48.163773,35.543785
91.94338,52.40705,37.433765,61.5311,37.647385,29.2502,51.731564,28.335386,23.04011,104.43325,60.661137,43.35911,90.91354,48.891094,35.403194
91.812454,52.644405,36.873463,61.401676,37.899647,30.86455,53.204025,28.212614,24.46988,104.10041,60.50746,43.81498,92.058365,48.22481,34.88015
90.76087,52.489548,37.81168,59.953907,37.1424,30.465477,52.304703,28.051655,23.373976,104.04793,60.21359,43.142857,92.03917,48.783516,32.192543
91.04433,53.073265,37.283676,61.303825,37.851654,29.154991,52.775303,28.117138,22.802763,105.03438,61.312565,41.484707,92.357025,48.53848,33.836536
91.868484,52.141182,37.72224,61.675716,38.43895,30.189905,51.9104,28.037117,22.246344,103.40238,60.286045,42.70894,91.77958,49.16325,34.37329
92.65343,52.78601,36.105423,61.63284,37.97291,30.144121,52.021736,27.97223,23.218872,102.589775,60.673973,44.0756,90.93379,48.992146,33.568535
92.48011,52.067753,37.038593,60.57975,38.17636,30.317501,51.685314,27.7386,24.04566,103.48777,60.977413,42.50254,91.36524,48.525955,35.348648
91.9063,53.056255,37.028095,61.86594,39.22028,30.26459,52.04157,28.175753,23.174932,103.17905,61.058144,41.94354,92.16689,48.088432,34.143143
91.54969,53.55333,37.780514,62.23553,39.058266,30.512466,51.658264,28.516256,22.43153,104.75737,60.51718,42.87914,92.44708,48.917465,34.550953
91.990715,52.558308,37.245407,62.48818,38.558296,30.42445,51.28854,27.923002,22.969198,104.76415,61.776787,41.25127,90.814926,49.099285,33.613358
91.82817,52.28764,37.876225,63.42853,39.029835,33.13723,51.700275,27.381586,23.008678,104.14226,60.3702,42.862617,93.33956,48.81779,33.783134
91.52596,52.581104,37.55101,62.10657,38.422356,31.303738,51.64919,27.595753,22.852118,104.1635,60.676247,43.155815,91.34255,48.95913,33.83291
91.25817,53.091873,36.994392,61.676815,38.560062,29.868214,51.91998,27.268742,23.301834,104.223854,61.12232,44.05371,91.72039,48.68434,34.121483
90.91719,53.14848,36.55659,61.899555,38.463425,31.372066,50.807476,27.42137,23.42408,104.48881,61.528336,41.737095,92.883095,48.275906,35.175217
92.22928,52.81294,38.21707,61.49,38.495358,31.37886,51.346558,26.751394,23.179193,105.17612,60.826927,44.54606,92.00339,48.763985,34.539352
91.083855,53.16227,37.829346,60.913593,38.626022,31.512205,51.14022,27.440199,22.296213,105.52317,60.89249,44.335323,92.599266,49.16393,34.98726
92.19604,52.798183,37.419384,61.687107,37.927692,30.26856,49.641582,27.736551,22.134222,102.825294,61.024937,42.480503,92.21225,49.23857,34.499462
92.20896,53.25602,36.745647,61.538513,38.17254,30.067225,51.471565,28.045427,22.939316,102.88033,62.46976,42.59575,90.80162,49.25558,33.88908
91.18024,53.252567,37.562824,61.386997,38.39785,30.42494,51.46298,27.567465,22.79792,104.05319,60.534115,43.05863,91.82114,48.877888,33.948555
91.09508,52.885925,37.54675,60.96541,38.451736,30.49394,50.74015,26.946257,22.453327,104.12715,60.741,44.907887,89.643555,49.190403,33.227573
91.221855,52.274467,37.688835,60.848953,38.082912,30.459112,50.919586,26.63591,22.872387,102.78202,60.75834,42.475117,91.592064,47.709484,35.312763
91.64264,52.62963,36.379284,61.696095,38.625397,30.82081,50.44455,27.242092,22.859526,103.3847,60.929386,43.104805,90.82638,48.80185,34.494232
91.94463,52.458645,37.250736,60.593426,38.32159,31.648558,50.82588,27.251688,22.876312,102.7385,61.02478,44.917694,91.326996,48.62299,34.710075
91.77407,52.515953,37.105877,59.40218,36.882683,30.282991,51.082954,27.17297,22.57269,103.27661,59.88938,44.242477,91.062,48.242702,34.79982
91.84199,52.779446,37.275314,60.08087,37.96976,29.650122,50.559105,26.974785,22.614986,104.62335,59.62066,42.35134,91.439156,48.290817,33.663124
91.77267,52.493446,37.26242,59.809204,37.476963,30.437975,51.006104,27.679033,23.51472,103.17209,60.269485,43.093193,90.90704,48.26606,34.485558
90.77008,52.27664,37.01915,59.892513,37.93774,30.137602,51.17497,27.593561,23.163939,102.90021,60.738243,43.362396,90.96196,49.00848,32.944965
91.47136,51.914875,36.816544,60.853954,38.04156,30.26987,51.803093,27.343925,23.358479,104.26544,60.684467,42.30348,91.07495,48.517616,33.663452
90.9945,52.643875,36.55065,61.61204,38.41474,30.652218,50.617,27.21862,22.120487,103.065475,61.106125,43.207096,92.14898,48.623985,33.46159
90.98349,52.574745,35.964264,61.154675,37.96956,30.302505,50.75349,26.613966,23.564234,102.49743,59.559093,42.76951,91.26175,48.134212,33.743816
91.63244,52.417507,37.634098,60.97243,37.270527,30.13389,50.09646,27.034159,22.509083,103.03673,59.56439,43.070293,91.05171,48.162342,34.600025
91.18967,52.474815,36.608723,60.408188,37.931435,29.256552,50.740913,26.892147,23.141207,103.2239,59.96155,44.927856,91.82827,48.26396,33.179337
92.03695,52.61128,35.38474,60.188698,37.326763,29.769382,52.059917,27.932947,22.950464,103.47046,59.401894,44.816265,91.00016,48.611794,33.305725
91.52201,52.253143,37.742477,60.735893,37.712917,30.567446,52.21325,27.875746,22.430712,103.234726,61.168106,42.013966,91.31541,47.681538,35.57926
91.13106,53.06449,37.458893,59.245335,36.773964,30.117733,52.32113,27.425962,22.624521,103.44782,60.998653,43.19647,90.924934,47.570488,34.598614
91.692635,52.317844,37.683704,59.204338,37.00363,30.419538,52.0651,27.754925,22.766094,103.59004,60.65456,44.87481,90.7227,47.738594,35.082813
90.64563,52.595963,37.279846,59.59116,37.196968,30.814926,51.669704,27.880453,22.752367,102.58588,60.960865,42.21521,90.3729,47.661148,35.0323
91.56847,53.066265,35.768562,59.101486,37.705467,29.994936,51.98376,27.481447,23.366373,102.12327,60.709023,43.90711,91.71095,48.322918,33.693012
91.6403,52.52907,37.221077,60.066338,37.970795,31.69932,52.28576,27.578081,22.56032,103.563934,60.313766,44.15599,92.221634,48.832596,34.3258
91.46803,52.978252,36.704865,60.69291,37.58757,30.822964,51.27144,28.091288,22.516642,104.41842,60.72855,44.21056,91.58788,48.91637,32.952923
91.6825,53.20955,37.172565,60.41124,38.489536,31.403648,52.551586,27.693996,23.010294,103.62844,62.338814,42.34075,91.62299,48.80347,35.035137
91.62694,52.683346,36.449482,61.22458,37.95365,31.354372,51.765926,27.154045,22.953733,102.946434,59.732677,43.592106,91.61059,48.83436,34.587715
90.88799,52.61205,36.3711,60.45969,37.744045,30.79016,50.972298,27.304037,22.779812,104.09839,61.359493,42.246567,91.98535,48.290615,33.50767
91.49741,52.380154,36.087814,60.159813,37.465626,29.565208,51.23478,27.394966,22.454348,102.490486,60.716362,42.739346,90.57624,48.366962,34.842796
90.909805,52.25672,37.026176,59.894215,37.49666,30.0814,50.53974,27.06521,23.35072,102.513824,60.87169,40.757866,91.208984,48.813175,34.64164
90.39471,52.18612,35.753376,60.837593,37.80236,30.884726,50.81578,27.095245,23.109009,104.148415,60.474274,43.051132,91.96851,48.342884,33.592274
92.002556,52.73487,37.35873,60.75299,37.598915,30.300303,50.87906,27.512901,22.419083,104.69174,61.676186,40.756702,91.793724,48.284668,34.48078
91.38627,52.044712,35.89554,58.060013,36.883392,29.023,51.177216,26.586555,22.981735,102.08845,60.20067,40.63431,90.80053,47.46634,33.02817
90.69567,52.016727,36.999218,58.765995,36.3266,29.926765,51.548206,26.94308,22.587831,103.739265,59.532433,43.24752,91.54656,47.310616,34.343834
91.21208,52.32519,36.070984,58.68192,36.797173,29.865309,51.46738,27.671509,23.000061,101.681175,60.46785,43.38811,92.16818,47.806263,33.637764
90.83761,52.418682,37.0158,59.00082,37.346844,30.299652,50.83316,27.329498,22.176693,104.000244,60.478905,42.62763,90.933975,48.104225,34.302586
91.1562,52.503597,36.800743,59.84389,37.1826,30.712578,50.894524,27.089386,22.178823,103.313194,59.88611,41.84652,91.69881,48.407864,34.74467
90.87978,51.951515,36.767197,58.135586,36.996967,30.164478,50.640095,26.646557,22.766184,102.05862,60.054134,45.158432,91.25525,48.45577,33.19742
91.211624,52.09788,37.6645,58.70422,36.657066,30.421932,51.939434,26.981136,21.77478,102.59002,59.498077,43.868877,90.7476,48.258198,34.335163
90.68833,52.26369,36.996723,58.913143,36.613373,30.116013,52.283775,27.772419,22.820133,104.19128,59.556934,43.88584,89.97212,48.390648,34.34639
91.30909,52.413807,36.36423,58.86053,36.488117,29.084064,52.1946,27.805069,22.605913,101.680244,60.44386,42.74264,89.97171,47.530315,33.73196
90.748215,52.386303,38.419636,59.10005,37.163757,29.747252,51.839455,27.986832,22.877655,101.231094,59.141483,42.91001,92.0989,47.677544,33.29748
90.539246,52.070602,37.361874,59.127342,37.00482,29.215384,52.55598,27.620012,23.020338,103.1478,60.58388,41.62713,90.78648,48.147865,32.65607
91.14802,52.604458,36.854927,58.555786,36.827694,30.409355,52.403973,27.827414,22.588192,102.71028,58.9871,44.243202,90.44858,48.30215,34.427414
90.90307,52.498882,35.7947,59.324818,37.130947,29.383871,52.52642,27.406332,23.512077,102.07056,59.174034,42.735565,91.31931,48.06286,33.947357
91.55162,52.317177,37.08995,58.910107,37.195576,30.693176,52.086346,28.033407,21.682531,102.53715,59.647594,43.436714,91.42992,47.571266,34.249153
89.82132,52.15974,35.74794,59.42176,37.283127,29.620985,51.512707,27.120005,23.465662,101.88257,60.63063,41.726353,90.43159,48.73838,33.597366
89.68542,52.587715,36.92496,59.581028,36.729816,30.765207,50.643215,27.412346,21.664282,102.21288,59.405357,44.849033,91.40255,48.41875,33.559296
90.61065,52.734116,36.64839,59.472626,37.076424,29.985723,51.815582,27.805983,21.98159,102.80144,59.658955,42.03196,92.06716,48.409023,34.28242
91.598465,51.79999,37.08456,59.30011,37.453163,29.165596,51.57217,27.151892,21.977373,100.93466,60.1028,40.89419,90.71208,48.001694,32.69888
90.70758,52.25715,36.01008,59.09257,37.48707,29.99772,51.37383,27.433,23.121628,101.99012,59.958794,43.159912,90.61681,47.806908,33.93596
90.60703,52.211708,36.656693,59.50938,36.908363,29.772623,50.744778,27.198786,22.728909,101.910645,59.8286,42.354527,90.83959,47.078526,33.403767
91.03177,51.617012,37.445686,58.604824,36.7943,29.666672,51.21828,27.255365,22.46839,101.79165,59.711517,43.253048,90.67531,48.366207,32.02792
91.49097,51.763466,36.59289,59.606598,36.589294,29.622484,50.502655,27.422249,22.483015,102.155785,58.849274,44.026073,91.0556,47.86066,34.443714
90.31478,51.638397,36.30073,59.167965,36.96213,30.301434,51.314667,27.349688,23.284472,102.894844,59.34677,43.38673,91.135445,48.29083,33.003613
90.26085,52.170124,36.190758,59.473423,37.20464,28.762804,50.787487,27.398102,23.178144,104.322174,59.11005,44.044632,91.59708,47.924507,33.75595
91.23443,51.37632,36.021854,59.007595,36.187668,29.396206,51.748226,27.04594,22.992163,101.78047,58.792564,42.106205,90.55663,47.281784,34.18826
91.41745,51.2821,37.513214,60.26241,36.340755,29.559132,51.60407,27.088528,23.480486,103.55168,59.838577,42.144897,89.910645,47.585064,35.347507
91.65096,51.78931,36.87278,60.052223,37.395866,30.776178,51.056694,27.13722,22.32091,101.84089,59.5175,42.38196,91.49313,47.807785,34.496
90.53493,52.144382,36.79033,60.68821,36.9325,30.571795,50.570297,27.473001,22.318733,100.96923,58.688576,44.4973,91.28317,47.94503,33.667843
89.866646,51.519646,36.660522,58.969673,36.69725,29.564774,51.80043,27.323475,22.929737,101.18155,58.431435,42.35441,90.90637,47.73503,33.379932
88.92664,51.64269,35.687275,59.20655,36.64928,29.76849,52.067444,27.614695,23.30793,101.14767,58.324936,41.284477,91.49781,47.59357,34.91858
89.993546,51.993618,35.244457,59.042625,35.772568,29.898138,52.697205,27.730303,23.178776,102.19053,58.61766,43.662617,90.84934,48.260014,33.1069
89.86171,51.770584,37.8346,58.465096,36.16786,29.772892,52.103783,28.073061,22.862108,100.80294,59.453262,40.49814,91.72936,47.82779,33.70561
90.317276,52.057583,37.026276,58.803085,36.73781,29.109394,52.55765,27.991165,23.42239,103.317795,58.625366,41.24261,91.96764,48.941956,33.119038
90.44629,51.473103,38.310474,59.935715,37.089874,30.261726,52.506573,27.855162,23.245726,103.119865,59.65875,43.153465,91.92344,48.276268,34.453804
91.51608,52.169693,37.011265,60.388115,36.95591,31.331053,51.890053,27.43838,23.194971,104.079865,59.603233,43.174896,92.01382,48.63631,34.553818
89.93422,52.40881,37.143078,59.542007,37.045506,29.901415,51.68533,27.259592,23.351208,102.233246,60.45114,42.1853,91.86814,48.357513,34.414516
91.68243,52.252407,37.274345,59.414074,37.2134,29.857168,52.228554,27.820019,22.752653,102.759415,59.79863,40.64124,92.78798,49.23559,32.892113
89.42676,52.08263,36.316463,60.01496,37.280838,29.838417,51.628315,27.681652,22.914639,102.14023,61.050434,41.650467,91.87249,47.912632,34.238144
90.67413,51.980564,37.354637,59.303978,36.620464,29.321419,51.892998,27.562597,23.300024,102.28571,59.766563,41.49402,90.652725,47.900764,34.38956
90.6571,52.22679,37.6208,57.676872,36.0239,28.181988,52.220432,28.245405,23.755642,103.389656,59.512455,43.214157,90.566956,47.88617,32.801697
90.587166,52.63479,36.969505,58.187935,36.875774,29.163235,52.457115,27.916456,22.988092,101.982,60.6855,43.04131,91.281395,48.400917,33.16646
91.06094,52.245113,37.028797,58.831203,36.083603,30.188118,52.319096,28.395071,22.99844,103.25034,59.509796,41.864555,90.83598,48.218502,33.074833
90.328285,51.471725,36.897152,57.90724,35.78731,30.368351,52.92403,28.204655,23.616158,102.09081,59.204987,42.611317,90.49792,47.368248,33.598698
90.59594,52.25852,36.39021,57.78636,36.05635,29.38833,52.633945,27.52851,23.814507,103.850334,58.981724,45.347355,92.25513,47.526268,33.312737
89.744194,51.531708,37.735706,57.565784,36.013687,27.56009,51.732048,28.316973,22.795216,102.4269,58.84371,40.832375,89.59295,48.19689,32.545982
90.31061,51.95651,37.50901,58.803814,35.96694,28.691923,52.628597,28.021173,23.752245,102.41284,59.575104,41.488285,91.77611,47.696117,33.61057
90.85369,52.12602,35.778297,58.25181,35.829876,29.716513,52.11046,28.08287,22.8204,101.25821,59.148643,42.889706,91.641335,47.938107,32.61643
91.14729,51.65265,36.494183,57.38565,36.287914,29.162666,52.081085,28.449345,22.924564,103.09965,59.059547,43.760075,89.98117,47.277462,32.889313
90.69701,52.34457,36.867367,58.75397,37.010418,28.796488,51.253887,27.944017,22.970732,101.06778,59.314056,42.91057,90.52954,47.823025,34.030037
90.05235,51.909878,37.461063,58.234894,36.300785,28.719666,51.66655,27.94789,22.93854,101.961525,59.24646,41.905636,89.64528,47.399296,32.01883
90.298416,52.406597,36.831764,58.63734,36.17987,29.511497,50.848488,27.47798,22.911238,102.00608,59.28,40.808304,89.56375,47.369003,34.602753
90.239075,52.303734,36.606106,58.443745,35.655087,28.650661,52.291916,27.38454,21.826479,101.36258,59.370102,42.33364,89.74928,47.160576,33.110294
91.114075,51.258915,37.693584,57.980145,35.49788,29.332651,51.87214,27.021759,22.87249,101.74281,59.80535,41.294117,89.39575,47.683437,31.894897
90.2187,52.124714,36.746452,58.018513,35.634686,28.246044,52.11826,27.534403,23.722183,102.54535,59.45606,42.911476,89.64664,47.630157,33.741123
90.53863,52.1768,36.34242,58.310448,35.967556,29.221354,51.619984,27.4112,22.343065,101.54541,59.902813,42.488644,92.32739,47.763996,34.61086
90.903015,51.99646,37.055744,58.25015,36.189835,29.606304,52.0822,27.39623,23.661436,104.22197,58.622475,43.59485,89.94945,48.07136,34.144447
89.78113,52.057865,36.165787,58.437183,36.471252,29.85723,51.569454,27.695436,22.621824,101.36158,59.480595,43.40859,90.53936,47.795586,33.26003
91.019394,51.87106,36.514053,58.868847,36.792072,29.212997,51.21825,27.551062,22.027119,101.30777,60.210464,45.119614,91.57605,48.074753,34.47654
90.963776,52.711685,35.80813,58.62759,36.111538,29.026962,51.24764,27.130373,22.940536,103.18181,59.764862,42.353653,90.91377,47.948177,32.13049
90.18877,52.191307,36.214436,58.470276,35.546406,28.585997,50.853603,27.023067,23.207241,102.19577,58.780464,42.766468,90.16513,47.90764,34.05385
90.68172,51.888046,36.428383,59.61575,36.515892,29.524069,51.224575,27.103205,22.502148,101.77592,60.37566,42.91397,91.20034,47.450348,35.47386
90.81328,51.699863,36.89292,59.974625,37.350883,28.97605,49.751083,26.605457,21.90975,102.43542,58.854248,42.08932,92.13235,48.135,33.92983
90.921585,52.01984,36.090237,60.91734,37.37318,28.964369,49.82727,26.368803,21.930925,102.172745,59.081844,40.449577,91.61577,47.92411,34.53279
89.67502,51.581173,37.026325,60.760426,37.347225,29.833973,50.553143,26.469273,22.161556,102.46633,58.10493,41.569,89.91779,47.5781,34.218822
91.28392,51.802334,35.468094,60.67006,36.55199,30.442152,50.066807,27.201948,22.08639,102.77706,59.09311,43.22843,90.7083,47.838127,33.35301
90.580475,51.193535,36.95563,61.14368,37.375298,29.363075,51.026352,27.378492,21.373003,103.39009,58.928715,43.12586,90.89045,47.31866,34.01417
91.710526,51.234756,36.17766,60.149807,37.070633,29.840319,51.011646,27.08556,23.192291,102.3596,59.693188,42.68313,91.05923,48.01623,33.73696
90.689186,51.28921,36.662117,59.384277,36.84647,29.06191,50.801216,26.654343,22.28451,101.92483,59.320953,42.64776,90.08929,47.40433,30.759117
90.6203,51.347622,36.023792,59.701073,37.035404,28.390882,50.24021,26.829113,22.862623,102.05194,60.15436,39.833176,89.95067,47.26938,33.682983
91.196976,51.317192,36.231224,60.53911,36.873325,29.301067,50.408924,26.912605,22.284155,102.1207,59.386078,41.866013,89.986885,47.958668,33.319405
90.85987,51.55298,35.891003,60.18587,37.30785,30.174522,51.24124,26.985716,22.480927,102.70204,60.549194,41.204697,89.94361,48.130413,33.19289
90.47507,52.309822,36.824078,60.820778,36.8963,30.221699,50.249218,26.85778,22.479628,102.20899,60.00945,42.983727,90.22091,47.980927,33.157135
90.49724,51.638416,36.85188,60.732548,36.538548,29.622955,49.94201,26.799187,22.714106,101.83489,58.849213,42.088715,90.271866,47.010906,33.75085
90.68446,52.168343,35.63728,58.801735,37.272144,29.259346,49.60121,26.733093,22.374151,102.94372,59.479733,41.488945,88.96955,47.774586,32.678726
90.361176,52.07482,37.553684,60.007126,37.17783,30.711576,49.84776,27.222847,22.16103,101.62015,59.015472,43.305042,89.54515,47.878963,32.78303
90.5128,51.599934,37.839417,59.208317,37.42083,29.740324,49.861847,27.478292,22.93571,103.14104,59.700996,41.89078,90.74762,47.453953,33.182823
91.068344,52.566994,37.412994,58.555527,36.77825,29.69373,51.53649,26.895758,23.314262,102.62673,59.52437,43.44411,90.48643,47.07891,35.47264
90.653336,51.91673,37.079624,59.50639,36.62763,29.083246,50.123386,27.47668,22.912598,103.4362,60.31321,42.087936,89.817024,46.94186,34.75018
91.27323,52.198532,35.90959,59.03044,36.79717,29.740128,50.95727,27.56207,22.326668,102.47153,59.55238,39.986828,90.506226,46.927174,34.429207
91.68692,51.93413,37.990574,58.797062,36.977386,29.701202,51.80205,27.284817,23.01935,103.6889,60.010235,43.00426,90.145775,48.037632,32.352478
90.92989,52.590816,37.34132,58.597702,37.18066,29.24008,51.053448,27.14425,23.629272,103.50348,60.376266,45.74198,90.71637,47.411106,33.93309
91.0127,52.213875,37.51807,60.040123,37.11205,30.001244,50.452995,27.563295,22.501104,104.54954,59.85217,43.016777,91.172485,47.034176,33.702744
90.480896,52.62961,36.553684,60.3364,36.607895,30.351194,50.368984,26.900015,23.032667,103.77501,61.144688,42.445038,90.47965,47.23883,34.125183
91.59808,52.163887,36.557507,59.260757,37.462967,29.272202,51.109283,27.134937,22.765654,103.47527,59.771217,44.08934,89.93876,48.338215,32.72321
89.8519,52.260395,36.371883,60.407543,36.914646,29.910015,51.81549,27.623865,23.15107,102.876366,59.544113,41.223145,90.12444,47.763836,32.252697
90.16367,52.40842,37.69107,59.98643,37.52309,29.136126,51.84387,27.87128,22.618296,102.3855,60.032913,42.92678,89.95277,48.65202,31.969316
90.80839,52.02541,37.36516,60.78228,38.059914,30.488415,51.761787,27.815327,23.337149,103.53899,60.41091,42.93555,90.70001,48.39695,32.622154
90.29537,52.523346,35.54808,60.46368,37.96176,30.213495,51.2832,27.640518,22.59642,104.79339,59.424374,44.40076,91.75013,47.88734,34.899597
90.95818,52.782887,37.331043,61.817635,37.917446,30.380726,51.025135,27.690048,22.9215,103.423515,60.409756,41.861763,89.92534,48.449978,32.167126
91.48426,52.252052,37.53603,62.010067,37.897152,30.015205,50.72898,27.410776,22.604755,103.427795,60.661667,43.75377,89.68401,48.137318,31.96288
92.1061,52.59869,37.447857,61.075874,38.84554,29.619312,50.7821,27.632257,22.655657,104.053024,60.853344,43.847233,90.94771,47.638336,33.393078
91.44707,52.37022,37.552143,61.607388,38.509045,30.938253,50.543858,27.440063,22.807013,102.6762,61.303993,42.783478,90.212524,47.968357,34.30304
91.642296,52.82441,35.839825,62.005596,38.072075,31.208803,51.123505,27.110025,22.792116,102.952736,59.967594,43.35365,90.724365,47.72273,32.835293
92.274086,52.48306,37.525597,61.001133,38.195633,30.714012,51.6727,27.524042,22.460455,103.09497,60.706432,41.333485,90.209946,47.54865,34.834667
90.190475,52.343845,37.2585,59.86404,37.2461,29.9435,51.68402,27.565273,22.233015,103.39341,60.418198,44.862984,90.53249,48.42435,34.86583
91.376434,52.533585,37.49852,60.291637,37.242188,30.50487,52.27179,27.626013,22.93498,103.124374,61.57981,43.376312,90.26278,48.042274,33.843895
91.87585,52.86986,38.598488,60.303932,37.976128,29.09191,51.524017,27.850714,21.958822,103.24009,61.037174,42.623688,91.27009,48.439987,32.33063
92.142395,53.23041,36.948357,60.86959,37.770096,30.143417,50.885273,27.239521,22.66712,104.4116,61.290756,43.214603,91.27981,48.383804,34.366802
91.802315,51.93964,38.24043,60.75145,37.570885,30.368032,51.573868,27.573156,22.867975,105.31847,60.477768,44.304127,92.04528,48.15741,33.794765
92.02019,52.691895,36.80924,60.333973,38.08419,30.68415,51.885437,28.030262,23.284811,104.062004,61.258812,44.851517,91.68325,48.736717,33.74345
179.3638,141.52216,127.06801,114.76505,82.64861,69.5523,124.669945,85.706795,68.71576,154.83179,115.1337,102.48685,124.55143,83.4434,73.76513
180.03242,141.72057,125.07943,116.03725,83.85248,68.32855,124.553154,85.57534,68.47125,153.55904,114.74952,101.50945,123.7508,84.085,73.37815
179.98166,141.38087,124.894646,115.30509,83.63082,68.49772,124.061226,84.5653,66.644424,151.43938,114.3908,101.50039,122.807655,83.40499,72.04748
179.72466,141.02348,124.790016,116.16599,83.19694,69.58647,122.61417,83.55368,66.7266,151.20673,112.66417,98.8352,122.14776,82.508865,71.814735
179.60956,140.98422,124.05754,116.701965,83.49076,70.02252,122.39585,82.70346,66.19717,150.31096,112.35254,98.9279,120.72462,81.6688,69.893616
180.25974,141.47833,125.69343,115.11493,82.61848,69.61779,121.67435,82.844955,67.45741,160.89581,121.26346,103.71872,134.37616,91.53381,77.63007
178.28046,139.93896,124.70115,113.81938,82.07437,67.71776,122.05334,83.194786,66.75521,164.88065,124.714035,110.381454,143.99057,99.925095,82.3622
176.229,137.13228,122.5122,111.90943,80.19578,67.244934,119.91954,82.715645,66.478424,168.36479,127.22507,111.7077,151.08936,104.70621,88.38116
174.29044,135.45006,120.864105,112.03833,80.30521,66.596176,117.880356,80.828705,66.1062,168.857,127.51749,112.61772,154.20534,107.22884,90.059265
171.79085,132.54231,119.008484,107.6482,77.61544,64.61138,117.00493,79.55557,64.5207,170.5639,129.6699,112.63144,157.75633,109.53861,91.96492
169.59753,131.15324,116.0632,108.49216,77.79904,66.02863,114.5508,78.956154,62.355305,171.00417,130.7701,112.97861,157.63853,110.92132,91.15419
167.2762,128.5615,113.16205,109.84139,79.08876,65.23844,112.40378,77.22752,62.24238,169.99329,130.1557,112.85412,158.57767,111.128265,92.61836
167.07222,128.39479,113.583,109.58593,79.14888,66.31393,109.28892,74.33773,60.289276,170.88942,131.07771,113.21827,159.47292,113.101326,93.56015
166.7315,128.33061,112.846054,107.60328,77.176765,64.61085,110.31716,74.93438,59.994495,171.54782,130.35269,112.25498,160.4571,112.935936,94.00236
165.96677,127.520454,112.6999,106.97429,76.57489,64.65721,110.47345,75.710075,58.5946,171.05707,130.6128,116.47295,159.3665,111.97187,93.33944
165.26033,126.20922,111.49826,106.62273,76.13612,64.00016,111.433075,75.976204,62.037376,170.4536,130.93047,113.735596,159.46419,111.68114,93.584854
164.4372,125.6406,110.01243,106.95768,76.757416,63.995983,106.96,74.24288,58.789814,170.66031,130.75377,113.16442,160.97441,113.51214,95.45006
162.95038,124.01893,109.207375,104.43271,75.16629,63.375504,107.32678,73.174034,59.05164,171.54727,130.26187,112.44861,160.4074,113.48317,95.13887
162.57207,124.17813,109.12788,104.85895,75.76107,64.130455,107.12331,73.2107,58.840336,170.21783,130.32066,111.689285,161.35196,113.292496,97.081406
162.59178,123.49386,109.866585,106.6833,76.61405,64.414246,107.894135,73.7358,59.563095,172.31752,130.61554,114.59737,161.49225,113.25054,95.61924
162.94615,124.0072,110.05811,107.19918,77.248375,65.49764,106.59748,72.67321,57.97608,171.66957,130.3203,113.40502,161.10788,114.43193,94.63407
163.43593,124.24656,108.981705,106.92611,75.95887,65.41626,106.80498,73.44919,59.04252,171.18172,131.5895,110.54337,160.57648,113.87059,94.26954
163.26494,124.450645,108.491295,106.24043,76.21262,64.08213,106.50571,72.271805,58.938046,170.87889,131.03792,112.879555,160.24234,114.095245,95.45797
163.00166,124.293945,110.10154,106.21245,75.71831,64.61979,107.17319,73.09064,59.216732,171.00572,130.87059,112.28084,161.24777,113.365326,94.33426
163.14656,124.75245,110.286674,104.73365,75.903595,63.313908,108.608086,73.785065,60.079876,171.1392,131.23099,114.719505,160.90395,113.81537,95.63591
164.18214,125.58404,110.26522,103.08602,74.4717,61.94381,109.09977,74.64895,60.34528,171.60896,131.35318,111.7787,160.43658,113.69667,95.31197
164.06566,125.33499,110.43951,103.66048,74.421936,62.914433,108.883644,74.96343,59.11,171.24118,130.80232,113.3672,160.01918,113.071304,94.86194
164.17891,125.617256,110.74956,103.41631,74.633125,61.868378,110.34309,75.44679,61.777187,170.36305,129.92567,112.39552,159.4238,112.94832,95.65545
164.0255,125.41653,109.20364,104.69358,74.464935,62.846653,108.573746,74.58979,60.34141,170.58043,129.63152,112.6181,159.65147,113.48973,94.3513
164.72395,125.52648,110.49261,103.21266,74.10612,62.949852,109.19379,74.30858,61.718582,170.70561,130.96432,113.78284,160.37035,112.789665,95.76192
165.16093,125.614334,110.601295,103.313934,74.12879,62.288,109.67744,75.30894,61.017307,171.25021,130.27629,113.2351,160.33537,112.87195,93.90332
164.11314,126.12704,110.90705,102.202515,73.357315,61.594734,109.86289,75.78654,61.602364,169.79071,130.09727,114.71967,160.29659,113.037254,96.31944
163.61046,124.38987,110.06288,100.40086,71.64694,61.309868,110.29,75.16587,61.538097,170.90005,130.63828,113.5147,160.0423,113.12993,95.587654
163.87659,124.7386,110.02367,100.03077,71.39977,59.807262,110.98581,76.164375,62.457172,169.93459,131.17393,112.28021,160.28818,113.70234,94.64142
164.0852,125.27599,111.024574,99.957,71.84709,59.815258,109.89619,75.64652,62.222607,171.00664,130.95901,112.17239,160.31407,113.326515,95.38676
163.35356,124.32779,109.8706,100.330154,71.822105,61.75772,111.50433,75.86582,62.196136,168.9485,130.74454,112.155396,160.77306,113.21085,94.31064
164.44316,125.255554,109.326546,102.086586,72.5752,61.107594,110.95458,75.33182,61.925262,167.55522,128.93526,113.03326,161.35101,114.45721,95.829575
165.0967,125.57784,111.46992,101.97847,72.41859,60.73679,112.20237,76.73095,62.01012,168.93082,128.60626,112.336365,161.1708,113.56022,94.61036
163.1802,124.14696,110.94509,102.27548,72.44553,62.32672,110.59568,75.3323,60.981995,167.51941,127.92342,112.10602,161.31364,114.73717,95.26149
163.67155,124.18598,109.92097,101.94184,73.27863,61.032013,109.00496,74.44075,59.75944,170.41649,131.15402,112.67094,160.91718,113.234245,94.725174
164.40533,125.11465,111.179504,102.63586,73.60751,62.71983,109.92368,74.6184,60.94925,169.80786,129.64972,114.342674,160.15575,113.67287,94.35579
164.84886,125.68764,110.84885,102.57174,73.33394,62.153614,110.43132,74.94948,60.62999,169.83418,130.3031,111.92963,160.92961,113.63856,95.0889
164.43306,124.835785,109.73044,101.552414,72.85024,60.584064,109.53684,75.677536,60.784252,168.03175,128.50278,113.1439,161.18681,114.28902,96.33184
164.18336,125.20355,109.83375,100.545235,71.90025,60.166367,109.85388,75.39176,61.48611,167.50764,128.26823,108.34592,161.47293,114.397026,96.05016
163.40907,124.80416,110.10552,101.8189,72.8096,61.81893,109.49749,74.82244,59.911415,168.23349,128.99129,111.65351,161.85571,113.482796,95.07896
164.31357,124.700005,109.76823,102.096855,72.55129,61.290764,108.04605,73.644226,59.5595,168.3127,128.51978,113.55406,161.31253,113.67348,96.04986
162.4858,123.23938,108.84418,105.564285,75.45438,64.714355,105.834045,72.031456,59.367325,170.80035,130.52684,112.51436,160.99881,114.29348,96.27377
162.08841,123.43696,108.05157,105.95692,75.37625,64.09643,104.93065,71.50555,58.19251,169.81136,130.59549,112.45435,160.99649,113.20361,96.1336
162.23387,123.172905,108.87957,104.54683,74.25067,63.03129,105.45641,72.41386,58.213444,170.34985,129.3459,112.199875,160.38528,113.95477,95.404236
161.57765,122.515465,107.541336,101.82766,72.19777,61.82411,105.59119,72.21086,58.83552,169.13905,130.05142,113.43363,160.97652,113.22711,97.1523
159.88446,120.807816,106.646706,100.86693,71.100044,60.557404,105.696304,72.059235,58.653313,168.52467,128.87798,111.23494,160.83711,114.1319,93.58867
160.72363,121.66202,106.772545,101.07655,72.14301,60.793518,106.44737,72.06552,58.403282,169.48233,129.27151,113.416405,161.19475,114.78269,95.47458
161.03256,121.22006,107.691536,103.54152,73.9536,62.313686,104.367714,70.52662,57.509785,169.66638,128.84682,111.56433,163.08295,114.82349,95.9986
161.03773,122.131454,107.2814,105.06656,75.00008,63.51528,102.827156,69.570595,57.38457,170.73463,130.58421,112.47092,162.0704,114.61183,96.67828
162.00574,122.579254,109.375534,105.957016,75.8994,65.210526,103.42998,70.3312,56.4671,170.58455,130.28714,112.49326,161.98285,114.635574,96.74512
162.02385,122.79586,108.58234,104.00455,74.20171,62.186077,105.271164,71.40256,57.525127,169.72493,130.54045,111.28024,160.8098,114.81245,94.46106
161.02742,122.452126,107.07639,102.659515,73.894066,62.02307,106.418274,72.785065,58.95165,170.02905,129.15083,113.429,161.63829,114.72191,96.0817
161.11565,121.80905,107.63378,102.18892,73.517166,62.072098,106.32339,72.461555,58.751026,169.6903,129.79442,112.191025,162.29958,114.96546,97.406265
161.8773,122.458916,108.425064,103.65386,74.064156,62.612553,106.09829,72.23673,57.49254,168.80339,128.48535,113.134766,161.75795,114.32281,96.69692
161.95016,122.529434,108.32895,104.52306,75.36133,62.92234,105.35366,71.25102,58.04154,169.41956,128.74086,112.972916,162.37045,114.63413,96.510056
162.0753,122.99203,106.96297,105.0754,75.51412,63.58938,104.44284,70.72361,57.19464,168.83578,129.26804,110.95176,161.7874,115.54053,95.44349
161.8469,122.10451,107.741806,105.095665,75.272644,63.932655,104.406624,71.04706,57.948574,169.00266,128.70064,111.12178,162.08171,114.49216,95.37184
160.78886,121.34077,106.693375,104.48466,75.46901,62.72737,103.406685,70.96923,57.388046,170.9225,130.02635,113.231255,160.34123,114.50606,97.458916
160.7199,121.218895,106.45411,104.894585,75.39218,63.674385,104.98856,70.55278,56.840454,171.4222,130.13419,112.70609,161.42915,113.933846,95.85868
161.29257,121.10792,107.77072,105.0215,75.79564,63.269703,103.98181,70.58011,57.11182,171.06674,130.52008,114.26754,160.79187,113.60647,96.82429
161.40152,121.49103,107.91872,104.660774,74.438644,64.79741,104.97968,71.84471,57.095993,170.47328,130.10446,112.528076,160.44936,113.486084,95.11534
160.18098,120.10927,106.44122,103.20075,74.16598,62.22522,105.38792,71.243126,57.81677,171.0087,129.93272,111.92492,160.32323,113.34233,95.68296
159.84874,119.811584,106.12473,103.272964,74.173325,62.497986,105.581924,71.69005,58.016113,170.41179,130.32854,113.037285,159.96007,113.70074,95.53715
159.6323,120.30935,105.890594,103.781784,74.152374,62.29101,106.22545,71.64327,58.974102,169.72348,130.20778,113.75941,160.10947,114.09442,94.88897
160.36203,120.7046,107.38953,103.53047,74.20368,62.09276,106.07188,71.9484,57.47529,169.75366,130.04008,112.40774,160.58867,113.608505,95.072655
160.2962,121.272865,107.45248,103.64895,74.229385,63.480385,105.46546,72.00641,59.179844,170.28229,129.98601,112.89404,160.24834,112.913635,96.76674
160.64047,121.36936,107.7888,104.91593,75.347755,63.376698,105.86763,71.703835,57.837986,171.69455,130.7149,111.29285,159.7736,114.116554,93.54827
160.70024,121.4121,108.03391,106.36411,75.821045,64.13357,104.53045,71.02799,58.116165,170.95665,130.64804,112.79562,160.60481,113.52974,96.434265
161.4051,121.89158,108.26013,106.25187,75.15429,64.14813,104.5249,70.71682,57.451733,170.98105,130.42128,113.07454,160.90614,113.019325,96.04234
160.70363,121.42052,107.68029,103.76966,73.88869,62.673996,106.54151,71.60454,57.406948,170.00037,129.76686,111.99878,160.41658,113.94896,96.13598
161.31049,121.67809,107.28663,103.33296,74.33602,62.435966,106.44633,72.143974,57.636898,170.49658,130.42683,113.397766,160.0274,113.35285,95.34468
160.60959,121.513885,107.495926,102.34006,73.49643,61.36886,107.014435,72.67377,58.23951,170.6378,130.56264,112.47731,160.61053,114.24324,94.17748
160.17722,121.419304,107.37851,101.85096,73.225235,61.921066,106.78261,72.88229,60.209858,170.37227,130.34808,111.56978,161.08612,113.75023,94.563324
159.76846,121.10273,106.23587,102.88426,73.214584,62.233936,106.76242,72.94285,58.78584,170.65706,130.64809,112.6116,159.8491,113.98146,95.01329
159.99023,120.433044,107.04748,102.95384,73.509964,61.687424,105.53835,71.60619,58.27379,170.5735,131.02475,111.68877,161.35567,114.02846,94.80135
159.80092,121.03239,106.946686,102.30148,73.25596,61.178154,104.973366,72.1653,58.544804,171.09288,130.99425,113.29825,159.9292,113.89732,95.30437
160.27985,121.571396,107.60658,102.4104,72.69129,61.770103,105.081955,72.129135,58.848133,170.43481,130.57872,112.99136,160.67061,113.59327,95.03535
160.12729,120.71311,107.02404,101.301384,72.37677,61.16569,105.6031,71.69975,58.69846,170.10713,130.48753,112.75366,161.7278,114.1656,96.44158
159.34547,120.24989,106.615944,102.52799,72.86165,62.09261,104.31683,71.56724,58.51499,170.2305,130.70769,112.90617,161.61821,113.52555,95.89995
159.25482,120.447876,105.66222,101.868645,72.71649,61.708836,104.413315,71.278656,57.791893,170.24529,129.97433,112.18717,161.65465,114.34979,96.11816
159.13902,119.68204,106.41047,100.881,72.4042,60.409966,105.14115,71.35516,58.907173,170.28249,130.41217,112.327896,161.58295,114.50158,97.47702
158.57246,119.56753,105.20252,100.88149,72.34921,61.387127,103.89362,71.50237,58.526974,169.21664,129.05125,111.76104,161.29321,114.49371,95.673035
158.95546,119.94062,105.475044,101.91318,72.76686,62.403698,103.52602,70.73426,56.796238,168.97261,128.59213,111.78441,160.85445,114.165276,95.21355
159.37799,119.382286,105.46106,101.50738,71.95157,61.43009,104.898605,71.460205,57.713737,168.54552,128.86925,111.187325,161.03958,113.87027,95.31279
158.45769,119.41719,104.90551,100.520805,71.79083,60.294704,104.303185,72.10577,58.198868,170.43925,129.60237,111.0629,160.21217,113.55833,94.04264
158.5454,119.46635,105.06102,100.25174,71.1895,59.856205,104.83467,71.83703,58.810978,170.38829,129.92918,110.66845,160.70895,113.704865,97.19738
159.21854,119.68607,106.06587,100.33584,71.09484,59.217052,105.14083,72.19003,58.379864,169.8406,129.18016,111.85468,161.08994,113.70537,96.10557
158.81047,119.57624,105.33379,100.24604,71.03836,59.971867,104.965385,71.74455,58.494923,170.05257,129.24222,110.598656,161.32208,114.036934,93.93479
158.40004,118.96331,105.36217,100.642265,70.47511,60.165207,105.67384,72.005745,57.453297,169.61827,130.75142,109.511795,161.23958,114.84219,95.516495
158.50294,119.1626,105.742325,100.261795,72.386375,60.71414,104.26255,71.18474,56.392563,168.33736,129.03522,110.14352,160.17595,113.494354,93.98581
157.90431,118.54889,104.54169,101.250755,71.66648,60.920303,103.82909,71.17118,57.2852,167.35007,128.95427,111.126076,160.77245,114.27441,95.938416
156.2357,117.43104,103.508354,100.48717,72.17503,61.672855,104.06386,70.95911,57.862434,170.11488,130.67244,111.132256,161.27272,113.66567,95.47033
155.81851,117.71388,102.32854,101.52781,73.10877,60.5843,102.970695,70.81335,56.434673,170.84091,130.41841,112.41245,161.09416,114.533676,96.68879
157.07002,118.20177,102.38281,102.02943,72.48808,63.249424,101.77552,70.0302,56.932743,169.7498,129.24261,111.080124,161.26643,114.26913,95.27562
157.18155,117.86836,103.15281,103.05822,73.50041,61.646076,101.5675,69.31116,56.79003,169.75568,129.53796,112.74055,159.63263,114.10331,93.58384
157.28493,117.87137,104.206184,101.23338,72.2225,61.117764,103.010956,70.13386,56.989178,168.76382,129.31947,112.29034,160.4727,113.81118,94.35512
157.41992,117.17641,104.02653,102.998955,72.97249,62.5872,102.05399,69.95136,57.979378,169.96626,129.62874,110.35053,160.81863,113.94782,96.09836
156.99051,117.034546,103.5915,103.40211,73.77833,61.691044,101.39199,70.07352,55.651466,171.55951,131.0184,114.6529,160.96635,114.4835,96.189384
156.55968,117.74651,103.07824,102.924675,73.6058,62.352703,102.09787,69.27132,55.977867,171.46754,130.6478,115.44648,160.63069,115.25973,96.821945
156.2485,116.994644,102.70944,103.725075,73.92283,62.008457,100.27079,68.845894,56.703728,171.98572,131.11998,111.93934,160.8779,114.48381,95.61636
156.5071,117.260345,103.08945,104.89293,75.41302,62.446033,99.71403,68.16626,55.332138,171.06927,129.99869,111.16337,161.85532,114.61467,97.05822
156.82413,116.823975,103.43193,104.74802,75.68756,63.90211,99.224884,67.75731,55.055523,170.94504,131.22156,111.58393,160.24655,114.45046,94.94124
157.65718,117.98848,104.151344,105.09446,75.5031,63.009995,100.15865,67.66009,55.213448,171.25346,130.72194,112.32884,161.83052,115.41648,96.09274
157.31056,118.00639,104.71962,104.191696,75.26737,63.671967,100.83736,68.14519,55.5793,172.59697,132.00584,113.262924,161.39374,115.26828,97.01196
157.50446,117.873856,104.51582,104.57273,74.58231,63.592033,101.14342,69.113014,56.778187,172.69455,131.61168,113.35537,161.36282,114.608765,97.731575
157.27936,117.9814,102.44919,105.33147,75.553345,64.882,100.64815,68.668076,55.358074,173.18587,132.15486,114.33826,161.64772,114.53053,97.46165
156.63017,117.48516,102.85548,105.736404,75.86443,63.709026,99.63881,68.551605,53.885475,172.4118,131.92996,113.93759,160.99464,115.863884,96.09771
157.74202,118.59027,103.46751,106.50384,75.36252,64.63795,99.796974,68.38495,56.113262,172.4278,131.92462,113.752235,161.32716,115.350914,97.55448
157.59706,118.331406,103.65162,105.83755,75.940956,64.202156,100.260315,69.406845,55.23102,172.04591,132.43898,113.09077,161.38225,115.479546,94.51151
156.90085,117.894295,103.348305,105.47213,76.566925,64.191124,99.63924,68.72391,55.723904,172.4376,132.05612,114.40146,162.38597,115.16555,97.19596
157.82133,117.825226,103.79505,107.347626,76.95653,66.42329,99.63454,67.61344,55.773903,173.40485,131.87677,115.59024,162.04471,115.62891,96.30111
157.46861,118.06484,104.937904,107.37355,76.91997,65.06567,98.2323,67.11013,54.903656,172.34535,131.77397,114.116714,161.65714,115.488815,97.72655
157.69139,117.783844,103.69411,106.49722,76.6103,63.49635,99.52164,67.880264,53.906685,172.08781,132.39055,114.54955,161.46693,115.531166,95.89485
158.16707,118.820274,104.36016,107.11941,75.79703,64.39648,99.93937,68.84953,54.67315,172.07622,131.70306,114.44573,161.55937,114.59782,96.503075
156.7606,118.18331,103.96134,107.29638,76.58391,65.09604,99.58309,68.30234,54.77511,173.08438,132.94052,113.59569,161.44951,115.75219,94.2777
157.58527,118.33067,104.0486,107.779976,77.43398,65.958885,99.184425,68.004486,54.311134,173.55833,132.57545,113.3358,162.04857,115.36572,98.25419
157.26817,118.328964,105.4106,107.98883,77.383675,66.71485,99.41613,68.3787,55.34732,172.8906,132.69998,115.549286,160.82368,115.6958,96.24518
159.47487,119.22255,105.62928,108.335434,78.32007,65.145706,99.28455,67.95974,54.61145,172.51398,133.16118,114.648285,161.68477,115.27121,96.98674
158.93167,118.79785,104.92675,108.4449,78.206894,65.94997,98.82536,67.79514,54.13888,173.71661,132.81459,115.570564,161.52086,115.135414,95.57753
158.8699,119.58397,105.202896,107.93992,78.07176,65.98736,98.8566,67.336716,54.419846,173.42574,132.55702,113.02486,161.87546,115.384995,96.717865
159.1434,120.13357,104.31338,107.94313,77.50577,64.16987,99.53112,67.8535,56.01878,173.11285,131.58412,113.636185,161.48938,115.40143,95.932144
158.49117,119.85684,104.73192,107.10504,76.81605,65.19812,100.37712,68.25993,55.36784,172.6009,133.0889,114.26758,162.56335,115.5908,95.4798
159.10046,119.79893,105.54745,107.55973,77.188705,64.25582,101.28935,69.089226,55.230675,173.43768,132.47194,115.92889,161.85747,115.39783,97.39598
159.5349,119.77562,105.39259,106.53953,77.20571,64.016884,101.79456,69.18518,56.359276,172.85269,132.24033,114.9113,162.12398,115.20128,95.83889
159.16968,119.9863,105.375626,107.065414,76.57045,64.431305,101.736305,69.85758,56.95629,172.39148,133.05104,113.33362,162.10776,114.99259,96.55042
158.22981,120.14512,103.36779,105.01839,75.23206,63.040657,103.37204,70.887436,57.345425,173.30179,132.18333,115.87611,162.27449,115.39577,98.15427
158.50584,119.2164,105.14678,104.42348,75.22602,62.90927,103.65658,71.089745,56.962494,173.35954,132.30765,115.825516,162.03625,116.22227,97.61975
158.41974,119.548935,104.55352,105.97125,76.24621,63.24529,101.79497,70.748505,56.92599,172.6767,133.2731,113.80557,162.18304,116.27691,95.283714
158.35739,120.13429,104.62607,106.43819,76.51449,63.16152,102.348946,69.55042,56.25293,171.65182,132.20683,112.44107,161.84676,115.51702,95.96936
158.71599,119.90868,104.96924,105.74829,75.929054,63.92313,102.20894,69.974686,55.683155,172.48004,131.19525,114.50942,161.52003,116.16019,96.30835
158.83344,120.25572,104.759254,104.79534,75.75418,62.26294,101.472916,70.332695,55.664337,172.16241,131.51917,113.31589,161.03429,115.89471,95.05425
158.82767,120.210754,104.7141,104.71153,75.228745,62.72652,103.312965,71.479614,56.5723,171.3043,131.25435,113.29494,162.72523,115.10117,96.56606
159.92465,120.11307,106.06442,104.810646,74.71021,62.588146,104.11847,71.69538,57.35319,172.41953,131.73941,113.76285,162.31654,115.79284,96.34539
159.12764,120.34691,105.89154,104.54687,74.80919,62.98977,104.26095,71.874504,57.972866,172.29874,131.34372,113.4164,161.98334,115.79184,94.382324
160.42796,121.31354,106.16152,104.26398,75.18548,62.271355,103.85302,71.728584,59.00839,172.99846,131.53374,113.25051,161.98718,115.209175,97.46587
159.85597,121.26711,107.574936,104.40226,74.99582,62.95954,104.00727,71.707184,58.355835,171.66249,131.68979,113.42792,162.27342,115.76582,95.97283
159.85643,120.449455,105.35346,104.94711,75.177536,62.468174,103.66683,71.599,58.52233,171.28104,131.7623,113.40005,161.30751,115.45207,95.67058
159.86037,120.40694,106.361046,105.01179,75.631874,61.855618,103.197464,70.98475,58.28999,171.4832,132.66432,112.56006,161.48543,115.25874,96.25825
159.56628,120.74339,104.99178,105.83325,75.896065,62.862854,103.22878,71.06555,57.958115,172.19066,131.89677,112.998116,162.03502,115.621445,96.16246
160.06773,120.47372,107.538795,107.08743,76.09871,63.600613,102.694984,70.88973,57.945847,173.46011,131.74736,114.88918,162.27438,115.69229,95.85379
160.415,121.13002,105.90163,106.827896,76.18534,63.105495,103.53702,71.13189,56.210316,172.58696,132.20078,113.525734,162.29958,115.21042,97.10968
160.79926,121.51563,106.53525,105.7015,75.75251,64.79414,102.171234,70.492424,57.702164,171.76132,132.45364,113.538864,162.28046,115.40356,95.328804
160.47466,122.0548,106.32073,104.57376,75.256485,62.917545,103.320595,71.249985,57.286198,171.13628,132.00897,114.59508,161.52603,115.8793,96.81965
160.97588,121.84074,106.88836,103.8311,74.320885,63.37473,103.57423,72.28515,58.812157,171.5158,132.29558,113.03461,160.84328,114.83949,95.122
160.49765,121.5967,107.1928,103.75961,74.14269,62.68322,104.09498,72.31794,57.465252,171.63745,131.91211,113.86497,161.17603,115.34303,95.69286
160.6661,122.09684,106.41308,105.12788,75.23141,62.403965,103.744194,71.76649,59.056633,172.04916,132.12799,112.23733,161.82181,114.77741,97.064865
160.86455,121.87058,107.14986,106.36143,75.59832,63.783623,102.448715,71.19452,57.228374,172.19508,132.71861,114.72406,160.90186,115.35813,94.47121
160.27394,122.302376,107.529785,104.41504,75.54779,63.159702,103.196625,71.91065,57.929005,171.94661,132.19662,114.56766,161.29253,115.20062,97.17068
161.10225,122.23489,106.99539,103.956604,74.521904,62.455967,105.09013,72.75143,58.528347,171.76901,132.77953,114.692055,161.72572,115.102104,96.35405
161.01497,121.90488,107.42047,102.97936,73.28126,61.729465,105.62465,73.38559,57.929836,171.69437,132.59206,115.71012,161.16118,115.55964,95.66115
159.72894,121.37312,106.65166,102.347664,73.17184,61.28883,106.29122,73.60452,60.04449,171.8467,132.78598,113.859314,161.91907,115.30575,96.12458
159.90517,121.64526,106.064095,102.96191,73.861626,61.554554,106.330894,73.21144,59.799175,172.32869,132.40572,113.64886,162.66191,114.88014,97.59734
160.70337,121.39011,106.72216,103.62599,74.89233,62.428192,106.04419,72.42001,59.10692,173.12544,132.7024,115.679306,162.37753,116.18058,96.97086
159.93555,121.87036,105.38059,106.23264,76.073,63.995792,103.83737,71.301895,60.118828,173.77881,133.12607,115.32347,161.53961,115.977646,96.54916
160.17488,122.028336,105.50253,105.88223,76.47691,63.338562,101.749275,70.3266,56.11513,173.05406,133.04135,115.556786,161.83838,115.01189,95.61351
160.45145,121.51488,107.22142,106.424164,76.38373,64.7657,102.80571,70.78537,56.12121,171.83015,133.15388,115.6375,161.41447,114.88455,95.60093
160.37263,121.35731,107.716606,105.65093,76.19351,63.360825,103.02744,71.2783,57.892815,172.2437,133.16248,114.248886,162.187,115.59323,97.430534
160.03918,121.20837,105.884445,106.42526,76.046,63.93323,102.666115,70.18323,57.742775,173.13802,133.5686,114.39432,161.35994,116.22923,94.41712
159.74953,120.76548,106.308304,105.61491,76.4015,63.845184,102.19037,70.129,57.947685,174.37376,133.61858,114.29497,162.34076,115.61252,97.47964
159.64662,120.149765,106.07054,106.29872,76.97858,63.949867,101.40174,70.22059,57.872635,173.56519,133.96797,115.57325,160.40523,115.21929,94.47447
158.46121,120.11329,105.87224,106.98951,77.51791,64.20998,101.98916,69.91908,56.57914,173.36655,133.4228,114.69787,161.12416,116.19326,95.33397
158.65121,120.80164,105.47861,108.62511,78.72503,65.66677,100.571236,69.13739,56.515766,174.35045,133.43822,117.32222,160.79327,115.55379,97.002266
158.50371,119.98714,105.00496,111.359695,80.06259,68.169624,97.85115,67.58163,54.466904,174.0483,134.63155,114.95877,160.87616,115.885185,96.10406
157.84007,118.87349,104.48606,113.82464,82.52478,69.41419,95.8432,65.03138,52.98013,174.74983,133.7092,115.16508,160.87547,116.16346,95.519455
158.05852,118.94316,103.7326,114.3548,83.25678,70.767685,94.322296,64.370346,53.280014,174.51518,133.43674,114.70655,161.6537,116.00759,97.761925
157.91551,119.125755,102.87682,112.467766,81.53577,67.741516,95.11442,64.692245,53.381214,173.67317,133.61597,114.14068,160.1073,115.68877,97.123116
158.33263,118.755066,104.02057,112.2788,81.70527,68.990486,94.79005,64.80663,53.30618,174.5754,133.45763,116.71853,160.34282,115.69858,95.85978
157.4072,118.79432,103.256615,112.15601,81.88148,67.89066,96.00666,65.90264,53.15956,174.23274,134.34363,115.246216,160.5346,115.47912,96.484474
157.98169,119.17941,104.03734,112.14934,80.92808,68.2402,97.05073,66.14929,55.51391,174.26404,134.07492,116.11276,160.8686,115.17028,95.082466
159.79503,119.13981,105.16179,110.50651,80.34791,67.6982,96.49697,66.15945,52.88111,174.14584,134.32066,114.71732,161.35674,115.67963,96.61798
160.05702,120.743225,104.27208,111.37634,80.058586,68.002464,98.24534,67.47813,54.15506,174.31396,134.15764,113.920906,160.83223,115.800316,96.21111
161.31036,120.97887,107.030045,109.75905,79.03312,66.85369,98.16156,67.92316,54.544888,174.3242,134.43962,115.69474,160.87254,114.88731,96.05695
161.08803,121.60642,105.82169,110.30127,78.49456,66.40412,100.42555,68.815186,56.77518,174.27345,134.55757,114.77758,161.20534,114.57111,96.60248
160.56612,121.43162,106.93167,109.44479,78.383484,65.687386,101.62533,69.56442,56.28062,174.35226,134.27301,115.351616,161.23128,114.78077,96.72004
160.24374,121.14304,105.06778,107.74067,77.9637,65.12041,100.54279,69.173225,55.54694,175.08296,134.63997,117.11121,161.24937,115.03822,95.26897
160.1662,121.163506,105.14851,109.16249,78.59761,65.08119,99.61426,68.84043,55.75762,173.38162,134.76353,115.42681,160.07475,114.76943,94.87544
160.53578,121.541,106.21003,110.163345,79.65297,65.77067,100.98015,69.680374,57.60283,175.08789,135.03267,115.94463,159.78003,114.46985,94.3914
161.06882,121.394936,106.03337,111.22785,79.82597,67.16881,99.75869,68.470634,54.654026,174.84431,134.45361,116.77679,160.91751,115.52664,94.42621
161.04369,121.01144,106.1383,111.43547,80.546524,67.52275,98.985,68.40914,54.317337,174.3264,134.82315,115.9278,160.97847,115.09579,96.529045
160.38867,121.34865,105.54114,111.25413,80.14697,67.43508,98.75734,67.2902,53.812363,174.04402,134.26341,115.62326,161.34631,116.55252,94.63384
160.44759,121.26083,105.93481,110.466934,79.87086,66.18758,98.978806,67.38802,55.083603,174.30882,134.1706,116.29676,162.18753,115.518295,95.70654
159.41243,120.21021,104.67028,107.96752,76.91286,65.76243,99.54096,67.93442,56.308907,174.03903,133.95224,116.12316,161.40729,116.17566,97.89645
159.18869,120.314865,104.77188,107.41735,77.196724,63.97382,99.991844,68.62898,55.425365,173.41719,134.30867,116.932106,161.6554,115.59438,95.63782
160.20876,120.58505,106.33569,107.284645,77.05505,64.4001,101.28748,70.0566,57.555687,173.58257,134.25667,116.7669,161.0466,115.200584,96.34119
160.77435,121.46279,105.12542,106.55264,76.08678,63.17512,102.12813,70.32215,57.898872,174.15877,133.14906,116.18414,161.34096,114.40468,95.827614
159.83339,120.69876,106.12503,106.549324,76.267166,63.9149,102.45201,70.375206,57.974262,173.74068,133.5786,115.64143,161.57529,114.934006,94.682465
159.68246,120.504036,105.38369,105.58288,75.47551,63.720863,102.26562,70.153145,57.91144,174.9466,133.3465,117.92838,162.16942,115.33455,97.55323
160.06177,120.61557,105.876396,105.29582,75.64879,63.24198,101.98901,69.72341,57.797745,172.04265,132.94714,116.07924,161.57352,115.89182,95.40051
160.25511,121.02565,105.81353,107.12585,76.94816,65.231735,100.16212,68.77631,56.91236,172.63394,134.069,114.50989,162.09933,115.49326,95.9113
161.48088,120.945564,106.56518,108.70345,77.86147,66.847244,99.79222,68.7958,55.815933,174.1919,134.54239,116.2104,162.30765,114.84945,97.05011
161.2864,121.87435,105.92191,108.345604,77.90131,65.51767,99.57635,68.214584,54.58278,175.23096,134.20407,116.366936,160.83466,115.274445,96.76744
161.46466,121.91181,108.081245,107.39207,77.95012,65.022415,100.31144,68.40824,56.398453,173.72417,133.81906,117.36231,160.97205,115.542885,94.97075
160.99736,121.75566,106.209076,106.976814,77.43872,65.32197,100.543915,69.02003,56.235092,174.9855,134.01418,116.30885,161.66861,115.55407,96.45522
161.78677,122.45898,106.03846,106.85827,77.07688,63.61142,101.422,69.09612,55.975117,174.04787,133.74715,116.60132,161.34581,115.780846,95.42453
161.88785,122.07566,107.20974,105.89779,76.18835,64.52903,102.07006,70.12071,56.58368,173.80017,133.95523,116.55525,161.77794,115.03202,96.526726
161.63661,122.90783,106.754425,106.42925,76.39815,65.056595,102.72653,70.27041,57.47938,173.07683,134.18486,114.1674,161.06566,115.62322,95.91493
161.34058,121.604774,106.723434,107.06028,76.25891,64.06885,104.15715,71.26873,56.614563,173.64145,134.17688,115.9951,162.54144,114.74181,95.511
160.96594,121.96312,105.96429,107.11382,77.26617,63.720417,103.69132,70.75691,57.71794,173.48265,133.38547,115.69658,161.6403,115.26523,97.16081
161.37814,122.14794,106.54441,106.55834,75.93509,63.70947,102.95717,70.467545,56.451885,174.17735,133.29308,116.853905,160.93301,115.079384,96.78984
162.29102,122.77735,107.27662,105.95284,76.083496,63.647423,103.148994,69.93925,56.8233,173.26953,134.13103,117.562744,160.08376,114.74207,96.03894
162.52634,122.40688,106.71079,107.06211,76.464836,64.32418,103.07958,70.21887,56.83276,173.23419,133.38072,115.510155,160.86652,113.92722,95.50233
163.3005,123.06522,107.168816,106.61767,76.02124,64.131516,103.64953,70.25054,56.781616,173.13947,133.48732,115.23836,160.37665,113.22293,96.48924
162.52885,122.92079,107.74892,105.09224,74.79567,62.608852,104.902374,70.764656,59.011013,173.16032,133.26884,115.19384,160.51196,113.41017,95.351265
162.51587,122.324585,107.545784,103.84,73.62003,61.48811,105.86183,72.25543,58.788185,173.00883,133.12505,115.23063,160.66798,113.84632,94.9284
161.37422,121.558945,108.16421,102.41754,73.073204,61.588802,105.51735,73.100655,59.382404,172.67992,133.91803,115.00553,160.93633,113.311134,95.27978
133.59195,87.87954,70.23583,106.002335,78.055725,68.9034,79.95738,47.04234,37.589928,179.26634,138.33566,124.539215,108.92102,64.85086,50.715904
134.2098,88.18023,69.978325,105.91746,78.06313,69.57218,80.05905,46.898582,37.009487,178.94325,138.12961,121.15687,110.57691,65.55367,49.577164
133.1334,86.633156,70.73834,105.839516,78.35956,69.13616,79.94674,46.831394,37.918262,177.51001,137.72333,122.06904,109.528015,65.729546,51.44229
133.28792,86.4303,70.70004,105.73367,78.61279,68.76819,79.123566,46.012295,37.363743,177.43655,138.11856,120.579735,110.00761,65.72214,51.56394
132.67831,86.109436,69.73243,109.32888,80.184074,70.3164,77.603836,46.17079,36.770744,178.8692,137.41776,122.7166,111.72612,65.84089,51.569553
132.35803,86.24349,69.91201,112.293785,82.290924,72.3424,77.27758,46.04334,36.22725,179.80711,138.25133,121.7731,113.083145,65.37706,51.081932
133.11255,87.177284,68.18304,112.213684,83.42002,73.240295,76.16322,44.63516,35.027466,180.70245,139.7246,127.576706,111.67426,66.97132,50.928467
131.87114,86.24978,70.756966,113.42012,83.441666,73.51337,76.0605,44.905006,35.12003,180.05475,140.35216,125.89652,112.31111,66.00629,51.200924
132.74466,85.60026,69.558426,113.903824,84.51482,73.94842,76.65409,44.25355,36.412987,181.67258,141.45299,128.17935,111.99491,65.681206,48.66864
131.86165,84.82542,69.439445,114.469635,84.19047,74.19356,74.99527,44.54941,34.821877,181.59001,141.41228,126.03886,111.26188,65.587,50.082764
130.73933,84.85772,68.498116,116.994064,86.12896,75.079544,75.57361,43.483685,36.49677,182.28114,140.9582,128.42441,111.96877,65.26749,50.580807
130.91403,84.44312,67.515335,117.01376,85.91337,75.84322,74.801186,43.476303,37.221607,182.16884,141.2543,127.41725,111.530045,65.795975,50.787113
131.12321,84.421646,66.80969,119.62546,87.96177,77.86972,73.61677,43.5886,35.47562,182.35416,142.28798,128.0738,112.43215,65.366104,49.034626
130.78325,84.70744,67.24018,117.95981,86.66238,77.01025,73.92166,43.498775,35.521984,181.54478,142.24295,127.82327,113.43035,65.4948,50.530384
131.15253,84.98029,68.80407,120.34721,88.34097,75.790764,74.79617,43.743736,36.80181,182.7841,141.7771,128.1638,112.845215,65.314384,50.866005
132.22554,85.764305,67.599,119.37483,87.563225,76.93067,75.18714,44.350376,36.50748,182.13391,142.55241,128.49661,112.6449,65.37882,49.273922
131.1274,85.39676,67.567764,119.36353,87.72455,76.32128,75.56248,44.62742,36.54852,182.8298,141.74593,127.53216,111.777016,65.174805,50.383026
130.59639,84.26567,67.89734,118.62427,86.73826,76.16098,76.5352,45.553093,35.941586,182.11942,141.9228,127.65122,110.3908,64.78641,49.64901
130.39023,84.34182,67.99211,116.735565,86.57727,75.439606,77.01789,45.52787,36.20656,182.81152,141.91548,128.58656,112.245895,65.4802,50.140762
131.36086,84.73905,67.75143,117.891,86.62934,76.338875,77.19461,45.064034,36.311584,182.1023,142.31477,129.32944,113.355705,64.71021,50.975307
131.5694,84.869705,69.0779,118.25032,86.942924,75.61754,75.99834,45.326992,36.435745,182.31868,142.71988,127.42065,111.65943,65.292244,50.792923
131.54012,85.29424,68.74972,117.99368,87.1599,76.70653,76.59955,45.19993,36.10637,183.16837,142.67085,128.72118,112.76004,66.842896,49.7097
132.57484,84.72242,69.65185,121.00297,89.37159,77.69771,76.439865,44.616623,35.562355,182.65085,143.28915,127.713974,113.203575,66.377495,50.276993
131.47098,85.48844,68.61921,121.772995,90.22654,76.908005,75.223114,44.377,36.61602,183.30217,143.74136,128.57277,113.722435,66.75473,49.83505
132.35782,85.96461,69.24618,122.489655,90.219864,78.26315,74.32493,43.728127,36.092903,182.60602,143.96051,128.79797,114.2177,66.77302,50.58277
132.13464,85.89924,68.65332,123.011444,90.523834,79.05022,73.436554,43.634285,35.37225,182.93536,143.7051,128.18365,112.86198,67.40155,50.591354
132.47533,85.75386,68.05943,123.729836,91.07697,79.69799,72.10714,43.579533,34.59772,183.11623,143.94221,128.82515,114.26733,67.23799,51.20318
133.21205,85.373726,68.49398,123.91386,90.97268,79.291245,73.28769,43.293377,35.41056,183.66342,143.13419,131.65173,115.42597,67.87058,52.28408
133.13924,85.49432,68.83442,123.74622,90.73578,80.31378,72.90806,43.517303,35.393322,184.05258,143.98729,129.99031,113.68981,66.95013,52.282825
132.85382,86.03215,68.32462,122.61681,91.34908,79.10933,74.373024,43.740067,34.719994,182.44185,143.64314,129.6977,113.863,66.660934,52.562744
133.26073,86.297295,68.64779,123.24208,91.16857,79.43517,75.01617,44.244392,35.405598,183.26619,143.36163,129.61429,114.222534,66.84806,51.24091
133.71304,86.13128,69.85033,123.586174,90.71258,79.96125,74.77883,43.970516,35.90241,183.74258,143.85713,129.39297,113.647514,67.408264,51.57822
134.33627,87.05832,70.02022,123.520905,91.60352,79.30632,74.77211,44.073624,36.546146,183.47997,144.164,129.95915,114.63034,67.66602,51.1099
133.32886,86.84286,68.06617,121.88132,90.10214,77.95459,76.104866,43.743652,35.763916,183.8999,144.67818,128.66971,113.03781,66.90987,50.90935
134.1551,86.357056,69.67782,123.205055,90.33517,79.433365,76.57466,44.604744,36.87084,183.6349,144.26753,130.90921,113.24463,66.6122,50.401592
134.1685,86.827934,69.64414,123.50624,90.81323,79.693016,75.74119,44.56363,36.41713,184.46532,144.66505,129.67923,114.79806,66.93345,52.47855
134.93472,87.134636,70.67858,125.02519,91.959015,79.111755,74.155945,44.146896,35.149567,184.74118,144.28133,130.99063,113.844765,67.17336,52.612286
134.64027,87.051506,69.49754,124.05342,91.85697,79.94911,74.03646,43.875698,35.80962,183.0465,144.22026,131.05559,114.29221,67.70917,52.154823
133.6608,86.37765,69.613625,124.84409,91.99024,80.75962,73.820366,42.96385,35.758575,183.47041,143.98175,129.29272,114.57132,68.31613,51.285553
134.14427,86.67072,69.316925,126.16857,92.48972,80.21384,72.50268,42.44011,34.23825,183.0988,143.89104,130.00993,114.34218,67.50439,52.330894
134.48822,86.57218,69.0044,126.40713,92.47861,80.72697,72.92993,42.41025,35.35262,183.28479,144.14874,130.98546,115.00656,67.88356,51.989567
133.5952,86.45621,67.53469,125.45386,92.498436,80.93672,72.24142,42.59339,34.764145,182.85065,144.2105,130.87997,115.71478,68.0203,52.031967
134.18398,86.4798,69.373726,123.516235,90.0004,78.79012,72.975426,42.519573,34.7026,184.31975,144.9394,131.30954,114.75599,67.80329,52.8421
134.23027,87.24628,69.27759,122.25661,90.61332,78.93605,74.981186,43.366585,35.97502,183.80026,145.16724,131.08105,115.134186,67.569405,51.96716
133.82715,87.28482,70.07328,122.72437,89.808464,77.886185,75.15932,44.196297,35.616367,183.05411,144.05006,129.49846,115.583626,68.2684,50.866302
132.59737,86.3739,69.17977,123.23669,91.11143,79.18523,73.821396,43.609215,33.687847,183.1024,143.6083,128.76024,115.41445,68.257095,51.447723
134.49927,86.83324,69.21037,123.3226,91.24042,79.46749,74.6285,43.905277,36.35694,184.04135,143.85971,129.30307,114.07452,67.112976,51.553185
134.08653,86.55221,70.05669,121.13869,90.05188,78.405266,74.76253,44.59213,35.281418,183.77087,144.59933,130.67696,114.75911,67.65013,52.23836
134.36343,86.7098,68.87416,121.906044,90.14842,78.443634,74.647835,43.809395,35.086674,184.59877,143.92198,130.22803,114.59523,67.71483,52.73801
133.61511,86.4935,69.18344,122.74907,90.40621,78.88424,73.91574,43.789776,35.31155,183.99188,144.44797,129.9311,115.1156,67.83388,52.02782
133.85692,86.75743,67.59831,124.30671,90.76445,78.895195,73.384415,42.75481,34.80526,184.01329,144.53098,130.36234,115.628716,68.65561,52.611984
134.00647,86.94777,67.79949,124.73051,91.289024,79.72985,72.066025,43.01371,35.73096,184.2797,144.19539,130.4914,113.19255,67.51969,52.39351
134.84721,87.63277,69.623825,123.54192,91.2544,79.88821,75.31087,44.155357,35.600277,183.276,143.99295,129.93095,114.7705,67.627655,51.45321
135.11992,87.9462,70.14691,123.87811,91.26713,79.7617,75.24053,44.658417,35.53237,183.56305,145.12152,129.77403,114.70585,66.82292,51.93556
136.43137,88.66862,70.51909,123.41107,90.1478,79.56907,75.928085,45.158497,36.286526,182.9005,144.34523,129.49841,113.789345,66.90739,51.482635
135.14403,88.1694,69.78053,120.70081,89.300385,78.39901,77.34159,45.68988,36.16889,183.43777,144.01372,131.74927,114.95292,66.43082,52.71261
134.51663,87.765915,70.69115,121.60672,89.4108,78.63795,75.852,45.40297,36.816574,184.49957,144.59837,128.93736,114.82489,66.96505,52.269978
134.59003,87.63801,69.26737,121.31683,89.40221,77.58243,76.92418,44.9475,35.804985,183.79268,144.37291,129.49171,114.83251,67.59867,53.58096
134.06635,87.5925,68.40448,120.55368,88.883644,77.585335,77.2597,45.436802,37.336136,183.92516,143.9182,130.48549,113.961555,67.23205,51.515686
135.38211,86.564026,70.27933,120.508064,88.538475,77.236435,77.14855,46.552364,37.153503,183.66267,144.2034,131.3418,114.66425,66.91159,51.593998
134.15387,87.47651,68.632645,118.764305,87.916306,75.3913,79.18807,46.852924,38.38592,184.40724,143.92346,129.96738,112.399,65.80625,51.99812
134.68724,87.306274,70.21885,119.346176,87.149475,75.973854,78.12181,46.285915,38.402065,184.07559,144.16469,129.66057,114.66276,66.25934,52.231407
134.45776,87.36221,68.8729,118.54906,87.504684,75.730774,78.60581,46.784187,37.32642,184.16547,144.15756,131.01529,114.201645,66.85493,50.518864
135.03041,87.45115,71.30528,118.9508,87.533485,77.18935,78.72476,46.664448,37.233276,183.189,143.96127,129.06544,114.51318,67.7337,49.87108
134.23485,87.806076,69.80579,118.94965,87.70796,76.179146,78.55657,46.736965,36.81794,182.63727,143.99242,131.16414,113.6191,66.64166,50.96215
134.60881,87.25224,68.96583,119.622116,87.544235,76.37074,76.47677,45.33625,36.26298,183.99619,144.32503,130.74309,113.55302,67.330605,51.23689
134.80809,87.92549,69.805916,122.328316,90.05981,78.66026,77.003815,44.494267,35.864037,183.69304,144.10573,130.0979,115.2535,66.7019,52.215935
134.78548,87.867836,70.3518,123.525604,90.19622,79.75303,75.74404,44.71104,36.121067,183.48526,143.57971,130.24896,113.315216,67.00392,51.486282
134.26971,87.403625,69.36234,122.09254,90.53334,77.663666,76.526085,45.493107,36.177746,183.21484,144.58043,129.88916,114.81646,67.00477,53.245953
134.70757,86.79422,69.12425,118.88416,88.30452,77.50248,77.709915,46.300564,37.049896,183.47256,143.98015,128.46777,113.56115,67.09433,50.060772
133.71437,86.95357,69.51797,118.5204,86.937775,76.55005,78.56176,46.36053,36.735317,184.05171,143.65518,128.6379,113.947556,66.355,50.54941
134.09753,87.15586,69.57528,118.17426,86.76282,76.27499,79.007,46.443375,37.40243,183.89618,142.65488,128.49216,112.21848,66.04466,51.54801
131.84401,86.127686,68.69634,117.99053,86.88204,76.677734,78.93729,46.64584,36.437748,183.05196,142.8611,129.65533,113.42736,66.04321,50.159477
131.4753,85.71593,68.94795,118.85979,87.38597,76.53574,78.79622,46.663307,36.489845,183.83273,143.33064,126.98389,113.84208,66.12176,50.867672
132.06958,85.18747,68.93546,119.10307,87.39836,76.34763,77.1828,45.908436,35.579857,183.64798,143.13576,131.04503,112.184654,66.57462,51.8938
132.73721,84.68612,69.768265,120.108116,87.676445,77.67278,75.875336,45.107395,35.014587,182.94557,143.1241,128.99542,112.9891,67.08135,51.400105
131.33168,85.01263,67.97321,119.59999,88.35579,76.66962,75.37868,44.601448,34.9818,183.3736,143.1088,126.938995,113.2272,66.339966,49.92406
131.48157,84.80458,67.6453,121.36002,88.79498,77.5657,75.37986,44.606773,35.596653,181.54907,142.80617,127.36164,113.41399,66.83219,50.97196
130.99474,84.29252,66.90809,120.954544,88.92513,77.34117,74.3429,44.217937,35.30242,182.81833,142.8756,127.81843,113.686516,66.35438,51.193157
130.1492,84.633255,65.83876,121.46093,88.91541,76.669815,74.62246,44.59826,34.662586,183.98238,143.81456,129.28252,111.90652,66.648735,50.60565
129.72916,84.28769,66.46746,121.77774,89.24805,78.882,74.31417,44.116585,34.979828,183.51895,143.83353,129.307,113.31178,66.26493,50.547924
129.67264,84.104576,68.10723,122.35412,89.42139,76.78583,74.34765,43.96437,35.740906,184.28763,143.88277,130.05754,113.20461,66.853584,52.88676
129.54585,84.388,65.49161,122.60585,89.56435,77.91327,74.62993,43.581764,36.583878,183.47269,144.31209,129.24667,114.23404,67.17254,49.79701
129.63557,83.34676,65.94642,123.10484,90.3497,78.42092,73.40748,42.846424,35.43113,183.67172,145.00726,128.87512,113.970566,66.5642,51.5978
129.61925,83.404594,66.123245,123.46823,90.79852,78.229095,72.555695,42.314194,34.965347,184.54817,144.54823,129.2286,112.95168,67.85361,51.426025
129.10216,83.35308,65.868935,123.916245,91.02005,79.758766,71.105705,42.854492,33.97606,184.05266,143.68654,131.1166,115.51294,67.53617,51.381065
130.03201,84.18639,64.4914,124.46482,91.25501,79.97734,71.54974,42.24904,34.311726,184.39423,144.39296,130.09128,113.42802,67.35192,50.989223
130.27876,83.68317,66.50908,124.38961,91.66613,78.17296,71.90556,42.545383,34.60778,184.39366,144.79434,128.2253,115.50668,68.3962,51.373905
130.01877,83.919785,65.6396,125.568756,91.70634,79.76651,71.9995,42.518364,33.988804,185.3854,143.86131,131.36676,113.767845,67.95698,51.721626
130.42795,83.53839,65.4428,124.20236,91.31605,80.06726,72.25261,42.42902,33.526516,183.14252,144.08228,130.36853,114.65967,67.419785,50.85883
129.56563,83.05793,67.297874,124.333984,91.35874,79.04494,71.46824,42.29313,33.36083,184.01077,143.83287,131.97653,113.753395,67.01186,50.452972
130.03203,83.90542,65.875854,123.98335,91.848724,78.05742,72.971375,42.774532,33.915123,185.43742,143.54826,131.22649,114.41462,67.88118,52.085526
129.91327,83.99161,65.936104,124.36911,91.4558,78.253044,71.38421,41.722157,35.061646,185.17021,144.38857,130.74432,114.85249,66.97255,53.517605
130.1548,83.671394,65.96717,124.365425,92.040085,79.025085,71.62965,42.902695,34.474926,183.50716,143.9013,128.10762,113.660995,67.22992,51.01394
129.31105,83.306984,65.87557,126.04719,93.501144,79.52945,71.162094,41.668827,34.14127,183.57652,145.33105,130.71278,114.02881,68.319954,51.362312
129.21213,82.708954,64.78922,126.71008,93.98606,79.877884,69.691574,40.955673,34.508087,183.54126,144.73369,130.97153,115.79375,68.709366,51.823734
129.20422,83.55798,66.8705,125.01152,92.15306,79.60189,69.447136,41.04505,33.70316,184.11604,143.65698,130.5866,113.646866,68.44968,53.98136
129.43452,83.88467,65.175316,126.50991,93.09377,80.09294,70.880005,41.733257,32.64274,184.21722,144.47932,131.67957,114.6462,68.376366,51.106358
130.42757,83.67268,66.429436,124.689964,92.07556,78.44528,70.812386,41.132603,34.19899,185.0411,144.29018,130.54594,115.26342,68.42136,50.384937
130.27698,83.571945,65.793,125.71181,92.89481,80.872086,70.427574,41.59643,32.79198,184.65186,143.81967,130.0564,114.67553,67.98879,52.232517
129.69872,84.06179,66.24,123.784454,92.307594,77.8064,70.75144,42.64812,33.62742,183.54495,144.64488,130.68105,115.22671,68.00771,51.60999
129.06833,83.85578,65.17546,123.8026,91.98202,79.78682,71.087944,42.270424,34.3534,183.69138,144.32707,129.54013,114.79042,67.86383,51.72612
129.04459,83.57777,66.12724,123.53581,91.579544,78.111336,72.03139,41.993793,34.07837,184.06046,145.19165,129.17145,114.69993,67.28013,52.733063
130.1612,84.36852,66.69196,124.62917,91.70828,80.194916,71.642265,42.046505,34.254913,184.14046,145.02795,130.87433,114.387215,67.68596,52.817757
129.28941,83.7369,65.82664,125.38915,92.40554,79.367065,71.95928,42.502018,34.658123,183.72104,144.17836,128.19182,113.60379,67.57472,53.14481
129.29037,83.84378,65.81562,124.63031,92.42393,78.46088,71.23579,41.623737,35.098618,183.53703,145.24379,129.47021,114.4637,67.56684,52.69997
129.68497,82.7901,66.440994,125.908554,92.53682,79.50451,69.885895,41.59256,33.90062,184.62267,145.30739,130.48755,115.92596,68.26166,51.09464
127.8453,83.65511,64.39135,126.430664,93.195625,80.064156,70.47925,41.462196,34.774277,184.41211,144.32562,129.63539,115.588356,67.6695,51.949596
129.70355,83.51941,66.17754,125.95359,92.76441,80.95853,69.804245,40.73251,33.55631,183.44807,144.34903,131.0018,115.87822,68.55265,52.463577
129.06721,83.86936,64.783066,126.325066,92.78187,79.90685,70.92732,41.555473,34.060963,183.39336,145.18367,129.9944,116.26477,67.91795,52.007504
129.50812,83.4275,64.4509,124.304955,92.223595,78.340706,71.4157,41.869087,33.88013,183.38799,144.09921,131.37706,115.51083,67.985435,53.193832
129.65836,83.62425,67.87033,124.47579,91.99396,78.40183,72.30831,43.027023,35.3786,183.88689,144.95041,128.44435,114.91526,67.114944,53.082912
129.70602,84.41591,66.00213,123.581955,90.587555,78.69106,72.69167,43.237965,35.055153,184.06917,144.6053,129.46669,114.660194,67.77013,52.199753
129.12663,83.66552,68.2817,122.8652,90.94045,77.78972,74.012184,43.635468,34.798466,183.50856,145.0745,129.72452,113.50431,68.42009,49.503094
128.88295,84.19944,65.084335,121.90384,90.0699,77.47944,74.19574,44.193455,35.506615,184.06169,144.22835,130.41106,114.05684,67.17761,51.004086
129.72136,84.244095,67.49368,119.32559,88.42558,76.50438,75.48155,45.19826,35.927845,183.74533,142.74844,128.70828,112.61731,67.10579,50.199337
131.37584,85.17701,67.387505,119.20002,88.58486,76.02609,75.293816,45.405094,36.01944,182.9442,144.2677,127.92477,113.90992,67.13428,49.837837
130.96255,84.78772,68.8757,119.667755,88.297165,77.39353,75.30999,44.77448,36.659676,184.3821,143.78456,128.79207,113.62292,66.28138,50.70809
130.81964,84.746956,68.33195,120.21926,88.46194,75.77925,75.32653,44.935005,37.042156,183.6919,144.2128,128.15851,114.47483,65.66043,51.36302
129.94853,84.56974,66.57296,119.45621,88.62078,76.6854,77.49255,44.928192,36.40697,183.60275,144.47275,128.62677,114.501144,66.59375,50.440224
130.61765,85.31056,67.76785,120.32895,89.503006,77.651955,76.88255,45.236923,36.133358,183.37627,144.4477,130.13167,114.294495,66.84325,50.998184
129.59627,85.213905,67.0103,118.85028,88.34088,75.72636,76.25416,45.48864,35.499416,183.39145,144.82524,129.27618,114.26619,67.302246,50.2749
129.57274,84.2569,67.396126,119.41098,89.08183,75.782906,74.94914,44.76288,36.075443,183.52086,144.84715,130.33046,114.86886,66.99839,51.072716
128.88144,84.46213,66.5112,120.51354,88.664856,77.28809,74.44004,44.326218,34.987335,182.8863,144.51608,130.00449,114.09002,67.03865,52.12545
129.31236,84.402435,66.72978,120.29645,88.187225,77.645935,75.04884,44.73332,35.013298,182.77739,143.36394,128.64252,113.4721,66.38967,51.40711
130.49446,85.06805,67.827705,120.06541,88.645805,75.146675,74.6055,44.69291,35.70709,183.1832,143.9231,127.01219,113.91507,67.49946,51.65727
129.33618,83.63737,67.06495,120.679695,88.58338,76.03526,74.23974,44.176487,35.089268,183.66193,144.40994,131.6612,113.82323,67.11815,49.785435
127.459625,83.39563,65.72146,120.168396,88.625755,75.731636,74.01237,44.291374,35.47134,183.334,144.20113,130.01852,113.6006,66.65265,50.119152
127.37451,82.58075,66.45244,119.80245,87.82666,75.24044,74.374405,44.303577,36.580536,182.86684,143.67174,128.686,112.995316,66.328865,48.977165
128.02057,83.47166,66.574905,118.51538,87.24591,75.65973,75.72473,44.417362,36.195118,182.91658,143.25749,128.91472,114.19229,65.98431,49.174767
127.51606,83.66177,65.35228,117.8222,87.33199,74.996185,74.9213,45.301216,35.837704,182.89934,143.04933,126.59009,112.10004,66.26812,49.431496
125.42897,82.6685,64.84251,119.30023,88.037575,75.07368,74.00832,44.490757,34.27463,182.98373,143.65701,128.25113,112.21079,66.62374,48.377945
127.64749,82.396996,65.77235,119.17757,88.26241,76.12228,73.703186,43.61727,36.37477,183.45363,143.03146,128.51532,112.98061,66.56697,50.099136
127.67638,82.71257,66.53685,119.36848,88.61519,76.36024,73.225,43.620583,33.444366,183.1133,144.0846,128.18231,112.90958,65.731224,50.29095
128.10121,82.70264,66.53776,120.29352,88.27953,76.86013,73.42231,43.134007,34.761375,183.61925,143.69609,128.21202,113.02299,65.77765,49.7598
127.00002,82.01613,66.56034,120.16858,88.41671,77.31028,72.77353,43.168137,34.64731,183.3642,143.87383,127.99897,113.526886,65.75098,50.861675
127.978004,82.53718,66.15967,119.43025,88.41257,76.54616,72.56381,43.63744,35.29954,183.51302,143.94109,128.96727,114.10972,65.34265,51.536114
127.762085,83.4101,65.65592,119.91202,89.140114,75.675934,74.03424,43.900356,36.000824,183.3207,143.78113,128.49251,114.034164,65.79876,50.788063
127.31992,82.671745,65.534325,119.85997,88.02332,77.08271,74.939026,45.08053,34.3156,183.19748,143.53157,127.01757,112.89047,64.83487,49.934734
126.04506,83.01796,65.8569,119.529686,88.957535,75.56296,74.86199,44.874702,35.618324,183.10248,143.02777,127.66476,112.10188,65.16547,50.922035
128.3525,83.18566,65.88169,119.06691,88.08543,76.69222,74.921745,45.28748,36.101517,183.78673,143.56456,128.15419,113.11077,65.24768,50.91089
127.786766,82.711685,66.09626,119.4576,88.32281,75.2519,75.10938,44.65326,36.737686,183.36551,144.02757,128.18375,113.03441,65.85067,49.482815
127.5855,83.62608,66.47599,119.19099,88.61184,75.95506,75.678955,45.41495,36.4755,182.9668,143.35553,129.2179,113.01198,65.667114,49.87806
130.03426,84.036575,67.88951,119.11749,88.88544,75.03782,74.7786,45.172375,36.50283,183.1902,143.86848,127.96898,114.066734,65.55647,51.174225
128.84195,84.26721,65.04031,117.38221,86.68079,74.43794,75.21704,45.31358,37.066746,182.80966,144.0178,128.97108,112.887596,65.44115,51.60099
129.3039,84.34935,67.36216,117.24942,86.66896,74.26442,75.81604,45.597214,36.91952,182.84676,143.87564,129.46999,113.92473,65.81457,49.017124
129.09401,84.314735,67.38164,116.9177,86.15618,74.86778,76.02926,45.742393,36.492275,182.37132,143.75743,126.963356,113.318855,65.71059,49.99262
130.39903,85.56744,67.77557,116.066025,85.652245,73.653305,77.22944,45.87276,37.45147,183.14572,143.71065,128.2864,113.16572,65.97276,50.798626
129.17068,84.9444,67.27344,115.24952,85.61115,74.394585,76.85043,46.210056,37.766773,183.04874,143.99355,127.008125,111.752205,65.922104,50.125946
130.10951,85.07815,67.40878,115.21441,85.58066,73.97586,77.047295,46.351845,36.37653,182.46588,143.41429,129.07999,114.435295,65.88768,50.16391
130.2512,85.28317,68.35627,116.53023,86.87057,74.78259,77.40995,46.068657,38.493824,182.27394,143.55544,129.59848,113.74537,65.618774,52.19008
131.18214,85.61309,67.61263,116.77801,86.13481,75.13454,76.856094,45.563137,36.716225,182.77432,143.811,127.816864,112.89427,66.637695,49.353405
131.44992,85.94078,68.48059,115.610596,85.875145,74.8054,77.81121,45.72447,36.531693,182.3365,143.92021,126.858986,113.24833,66.30021,48.71456
131.17387,85.95574,68.075294,115.16774,86.06006,74.30575,76.636765,45.998062,35.67631,183.12704,144.63765,128.18852,113.47227,67.09425,49.354774
131.35887,86.24596,68.61905,114.88688,85.31282,74.61331,78.43516,46.345253,36.706802,183.00267,143.80998,129.51134,113.41157,65.98879,50.503426
132.19966,86.42211,68.75269,113.85752,84.98238,73.90084,77.28552,46.752678,37.558254,183.64525,143.86877,127.98599,113.05642,66.115036,49.940903
131.18565,86.971146,67.914986,115.42498,85.300766,74.29803,77.74027,46.77957,37.17846,181.7135,144.11774,126.70741,114.16977,66.273346,49.10836
131.95119,87.103836,70.2452,113.92679,85.02418,73.8698,78.78232,47.06393,38.642048,181.91861,143.69846,128.6179,114.7156,65.60305,50.60677
131.1516,86.99605,68.70963,114.88693,84.71128,73.68359,79.15074,47.12567,38.031403,183.28064,143.98401,129.89157,112.61786,66.252106,48.72777
132.0764,86.17283,69.10676,113.783966,84.80717,73.45782,78.2278,47.395256,36.622284,183.24301,143.89987,127.97561,114.11158,66.59212,50.75255
132.36949,87.07311,69.53625,114.395645,84.39577,73.955185,78.320595,46.154747,39.38158,182.30241,143.91023,129.14778,115.18448,65.85975,50.462074
132.44226,86.80298,69.566574,114.74272,85.72101,74.138016,77.31901,46.93519,36.90757,181.91093,143.74577,129.08914,113.94533,66.47831,49.331535
132.99869,86.89981,69.59608,114.968605,85.2062,73.52198,78.00616,46.23437,37.051315,182.69736,143.66708,128.96474,112.65509,66.99989,49.70144
132.1035,86.526085,69.81895,116.56703,86.306725,75.240776,78.02382,46.221172,37.444283,182.78603,144.64131,127.742134,113.09716,66.44309,50.03268
131.45372,86.07179,68.651276,117.93114,86.05099,75.15825,75.7313,45.751038,36.48247,184.65828,144.89151,129.23447,113.423134,66.72414,50.58231
132.26085,86.653206,68.225044,115.18365,85.99052,74.40516,75.67786,45.472847,36.145428,183.35735,144.6193,130.07446,114.85175,66.767715,50.089684
131.85237,86.56948,68.437,117.27916,87.04462,76.77876,75.376305,45.635124,35.807487,184.56024,144.57973,129.68553,114.22291,66.61963,50.689552
131.39267,86.5546,69.86438,117.50982,86.951836,75.08946,76.08362,46.162373,36.161804,184.08864,146.06198,129.55765,115.569405,67.02073,50.585625
132.08452,85.671455,69.01519,117.18833,87.08268,76.33238,75.47651,44.837112,36.23262,184.38498,146.27728,128.962,114.3814,66.51889,50.925213
132.00171,86.25382,69.30599,116.68095,86.244385,75.730385,75.85147,45.6263,36.532238,183.02492,145.48798,130.28552,115.238365,67.49088,50.72026
132.12494,86.36008,68.444954,114.9873,85.74198,74.15985,76.45145,45.466087,36.60059,184.01828,144.53448,131.35124,114.30512,66.65129,52.19647
132.48174,86.62437,69.1019,118.31128,88.21012,75.03279,76.06911,45.380474,37.171066,184.50957,145.24265,130.11163,113.79653,67.278625,50.55232
132.94556,87.27554,69.28957,119.398254,88.38992,76.11114,75.6128,45.536884,34.949535,184.74165,144.93993,130.97137,115.968994,66.22655,51.78391
131.9127,86.761536,68.71026,119.64737,88.35799,77.23714,75.0003,44.363503,36.294605,184.24684,145.81783,131.09106,115.29004,67.277565,50.849556
132.4797,86.28703,69.848946,119.20201,88.171906,76.1549,75.847435,44.75844,35.122253,183.81454,145.68103,131.63858,115.526825,66.94662,51.114925
132.30156,86.56808,67.64821,118.61827,88.08964,75.64844,75.89221,45.17444,36.288544,185.00822,144.82285,131.89963,114.21545,66.80961,52.21182
131.67506,86.5396,69.01254,118.25596,87.82044,75.9736,76.2713,45.098145,35.77641,183.97252,146.5596,130.43044,114.91542,66.782555,50.177795
132.59781,87.02245,68.60997,118.67615,87.39243,76.11241,77.01159,45.459995,37.244133,183.8069,145.69408,130.35999,114.3812,67.12885,50.591312
132.51157,86.48925,69.06213,118.1747,87.84809,75.240425,77.39189,45.37525,37.160206,184.79054,146.22083,129.59709,114.19492,67.73101,50.571762
132.39235,87.07752,69.931145,118.67074,87.26923,76.16341,76.67634,46.069477,36.286343,183.94548,145.78148,129.54866,114.364746,67.61015,50.85429
132.95677,87.42067,69.221504,117.8868,86.95441,75.7089,77.21335,45.947536,37.213745,184.63252,145.13551,132.05762,115.52189,68.23776,50.04229
133.52957,86.7323,70.949524,117.23968,87.19567,74.92187,77.75462,46.3081,37.60011,183.95886,145.23964,129.86559,115.0503,67.39119,52.291008
132.99895,87.42686,68.52271,116.26328,86.956314,75.90344,77.79453,45.50843,38.029366,185.09828,146.02536,130.94142,115.63153,66.910965,51.186714
133.82253,87.87054,69.49242,116.40786,86.38636,75.82317,77.99236,46.07721,36.72329,183.7445,145.83493,131.01439,116.69706,67.62451,51.248264
134.32436,88.76622,69.12261,115.31312,86.32465,74.619804,76.00107,45.84255,36.56386,184.97887,145.43513,130.81274,115.29633,68.53758,48.462357
134.63304,88.01944,71.14342,117.76184,86.72968,76.3521,76.91563,46.175747,36.627747,183.10703,145.37589,131.79149,116.3084,67.50581,50.019363
135.08072,88.5032,70.25138,117.10026,86.62305,76.21468,78.39874,47.008587,36.67734,184.04735,144.41481,130.43178,114.339714,67.1761,50.602776
135.13455,89.39677,70.497475,117.02757,86.772736,74.69165,78.197426,47.069088,38.25844,183.6013,145.1957,130.15836,114.38272,67.23074,49.097366
135.93387,90.362045,71.13343,116.88844,86.46621,76.29575,78.87952,47.49939,37.384094,183.69742,145.03688,131.4673,114.39258,67.09444,50.963547
137.13425,90.53452,72.44391,115.99398,86.823814,76.09785,80.44421,47.223686,38.941883,183.89754,145.16948,130.03906,114.72101,67.39123,50.52612
136.55888,89.88924,71.08852,115.89533,86.96895,74.924484,80.14012,47.825214,38.504383,183.05267,145.60007,131.35516,114.77847,66.9394,50.705906
136.86304,89.818924,72.65722,115.59356,85.62091,74.1796,79.709755,47.52726,38.265686,183.18048,145.2487,130.51712,115.64079,67.220116,51.186028
135.22293,90.12515,71.46368,117.99423,88.08699,75.094795,78.75297,47.013668,37.660152,183.55873,145.41779,131.54091,115.46587,67.82536,50.00275
135.87279,89.369545,71.52228,119.06892,87.81883,75.88291,78.79364,46.792805,36.535263,183.98787,145.04591,128.30319,114.84023,66.73947,52.370213
136.2492,89.8773,70.509796,118.735,87.332344,76.7574,79.903755,47.03701,38.629036,184.12956,145.07297,129.1995,114.47456,67.13899,51.474236
136.08609,89.444435,72.4095,116.13114,86.30102,75.703415,79.792656,47.51221,37.991375,184.10669,145.23138,130.07693,115.2955,66.802,49.583496
135.53197,89.35416,70.689316,115.13966,86.5585,75.00819,78.84956,47.029182,37.83918,183.67676,145.6165,130.7692,114.04896,66.985664,50.090286
136.71245,89.48862,72.10035,116.403114,86.71336,74.267456,78.76622,47.611668,37.484455,183.032,145.58113,131.87111,115.50152,67.62795,51.15771
136.75298,90.82496,70.689545,119.06388,88.52618,76.508316,79.16414,47.11939,38.404247,184.79791,144.77815,131.29062,113.894806,67.462296,51.43648
136.09747,89.55661,70.888405,120.500824,89.387924,78.651436,78.37538,47.01632,37.539127,183.13649,145.84598,130.59753,114.90537,67.80173,51.042053
136.70369,89.34048,71.10404,121.18794,90.14442,78.52223,76.60205,45.74532,36.9012,184.13191,144.95529,128.69164,114.80896,67.91175,50.64975
137.03018,89.94838,71.2519,120.439606,89.446144,76.21738,76.92695,46.36328,37.098568,184.26369,146.22713,129.45056,115.702156,68.27886,52.062748
136.82127,90.26688,70.33198,121.48773,90.12559,76.64931,75.684006,45.73954,36.23065,184.13065,145.5759,130.9536,115.66943,68.14151,52.058453
137.09637,89.45306,69.91174,121.250046,89.560356,77.4351,75.232925,44.147045,36.452156,183.42834,145.19308,130.0305,115.50238,68.76033,53.360535
137.00954,89.34853,71.01131,121.12942,89.32865,77.857254,75.358185,44.48801,34.33264,185.11023,145.99033,132.85913,115.95222,68.60253,54.337925
136.86974,89.579926,71.38885,120.95788,88.92753,77.63874,75.0945,44.81287,36.570904,184.33698,145.64769,132.3012,115.84873,67.862976,53.442974
135.49309,89.77295,69.79124,119.7076,88.85234,76.953156,75.76794,45.079926,35.34607,184.2918,146.91882,129.78267,114.728325,68.78839,52.57864
136.37003,89.38141,71.43311,120.127464,88.57748,76.460945,75.71101,45.542553,36.010933,184.4694,145.8551,128.98242,116.162155,67.7537,53.92681
135.9784,89.36805,69.0146,120.73504,88.909874,77.96089,76.28449,45.941216,35.65531,183.55801,144.86726,129.31372,116.30819,68.3443,51.91933
135.44115,89.61026,70.41895,120.52512,89.461136,77.58745,75.69978,44.904636,37.12965,184.83289,145.4618,131.87196,116.08495,67.8316,52.16624
88.68298,50.924927,41.127384,100.88609,85.88221,82.33463,47.094746,25.560251,23.83646,153.37201,122.86602,111.070656,67.59883,40.204727,33.004227
88.74271,51.103783,42.177032,101.184654,86.43395,83.13848,47.17751,25.864298,23.1934,155.75816,124.61187,113.55649,68.76038,41.28197,33.96733
87.67427,51.160774,41.194458,101.49885,86.952614,83.58387,47.282864,26.037373,24.397745,154.51523,124.51664,112.6781,69.41526,41.087162,34.19701
88.398445,51.812153,41.64053,100.01563,86.427376,83.58798,47.13768,25.898687,24.802063,154.3472,123.2108,112.61779,68.85542,40.01731,33.182846
92.81949,54.521755,41.70439,108.67786,93.15983,89.28034,53.324917,29.336704,25.471525,161.48994,129.03905,119.7745,75.74238,44.092278,35.4131
93.78173,53.771328,42.03737,112.344604,96.14801,92.298096,55.4468,30.965834,26.819014,165.90402,132.016,120.10026,79.93441,45.663708,37.441395
95.520065,54.96375,41.619717,116.841576,99.0056,94.05671,56.815,31.72932,27.285917,170.1793,135.5788,120.9921,82.169586,48.156013,35.334927
93.83456,54.355705,41.45821,118.02678,99.79555,94.49366,58.933445,32.675365,26.80573,169.46603,135.78152,121.816124,83.62822,47.128357,35.77653
94.91638,53.223564,40.573555,119.537636,100.9679,95.28172,59.010124,33.71133,27.014963,170.63257,135.90182,122.78869,85.126595,47.877552,35.98586
92.66901,52.69005,39.855404,120.24835,101.3871,94.1901,58.388947,33.663868,26.829601,170.64632,134.88045,122.506905,84.800026,48.781853,36.954357
91.91372,51.285847,41.53029,121.2401,102.0958,95.258484,58.53732,33.46513,28.145348,169.16312,135.01222,118.823425,86.71613,48.862694,38.255463
90.51544,50.59932,40.48564,121.70125,102.24049,96.693184,57.451138,33.675194,27.571846,170.40962,134.99397,121.66011,86.983826,48.155025,38.27793
90.52877,50.65787,38.674698,123.13422,102.66034,96.74553,58.73435,33.422577,27.127993,170.84258,133.74928,122.0884,87.8205,48.72848,37.85628
89.889885,50.32888,40.00453,122.02759,102.20279,95.69155,58.0957,34.00624,28.037226,169.32617,134.79248,121.93012,85.88186,48.90427,37.135162
88.56006,49.89025,39.00756,122.33719,101.86468,95.295425,59.46637,34.243217,28.072138,170.13538,134.39113,120.86138,87.08729,48.22574,38.619648
89.2896,49.525063,40.69713,121.40142,101.01039,95.828766,59.60864,34.1348,27.606766,170.212,134.3466,122.02247,86.38626,47.57909,35.543804
88.14509,49.90743,39.43732,121.356155,101.36119,94.70459,59.395542,34.29078,28.07327,169.77666,134.28534,121.32818,86.118546,46.991035,36.73368
88.91292,49.771088,40.22194,121.26502,101.3498,94.62289,59.868835,33.79299,27.814116,170.54318,135.12206,120.3184,85.83989,47.039394,36.19121
88.58131,49.388885,38.86019,121.47035,101.5444,95.45266,60.085747,33.855686,28.408346,169.48792,134.4572,122.57172,87.49065,46.567326,37.729176
88.09142,49.63276,39.173107,122.54802,101.78322,96.129,59.984207,34.431847,28.62074,169.72484,133.83717,121.67623,86.77729,47.76249,36.471825
88.070786,49.620525,39.77215,121.04703,101.67155,95.33211,60.37987,33.969833,28.15231,169.13425,133.3809,121.267975,85.73695,48.63566,38.791004
87.7913,49.466015,37.36823,121.938896,101.034355,95.184296,60.537975,34.29562,28.974285,169.76637,133.19794,120.85318,87.46912,47.7344,38.036156
88.36502,49.510483,38.864857,122.2719,101.98197,94.86992,59.386806,34.236702,28.710896,170.43452,133.10312,121.10467,86.870056,47.5379,36.148083
88.09597,49.396164,38.761562,122.40454,101.13065,94.87139,59.78016,33.95508,29.141785,170.56097,133.9995,121.42488,86.65602,47.446438,38.604134
88.08072,49.38752,40.11597,120.67211,101.13042,94.280014,60.139793,34.51586,28.61065,169.1696,133.94621,118.91144,86.83305,47.947918,36.97406
87.89028,49.340664,38.890232,121.80707,101.32714,96.155655,60.178505,34.073868,27.643463,170.01407,134.04926,120.94513,86.11578,47.383068,38.777744
88.58187,48.65905,39.57813,121.62635,101.14153,95.36036,59.21232,33.891052,28.960562,168.39844,132.92535,120.62004,85.79214,47.251957,38.748913
88.33523,48.97778,38.928596,123.052444,101.55906,94.70736,59.67421,34.14834,28.952024,169.5123,132.50607,118.93626,86.869415,47.553436,38.690636
86.32059,49.426422,39.040524,122.08143,101.083336,94.73947,59.850796,34.13706,29.106192,168.89613,133.50426,122.17183,84.8281,47.606174,37.21421
86.819145,48.610905,38.10535,122.74127,102.31922,94.90238,59.327847,33.64661,27.010872,169.88193,132.6718,119.276566,87.37625,46.998245,38.81248
87.085434,49.25461,36.85937,123.51034,101.790886,95.79445,59.127953,34.22979,28.086868,169.00256,133.40714,120.02717,86.52813,48.04908,36.12712
86.2628,48.11464,38.24598,123.23577,101.95718,96.13021,58.831802,33.90934,27.702902,169.71161,132.79295,119.51716,87.25921,47.72277,38.375847
86.23782,48.36377,37.59403,124.91236,103.376236,95.6129,58.796104,33.91793,28.833551,169.09422,132.05432,119.49517,85.25994,48.575714,38.03361
87.57487,48.243145,38.398376,124.4195,103.0256,96.29108,58.57884,33.71302,28.447458,169.65965,131.87314,119.2058,87.709526,47.142437,39.658318
86.46887,48.204193,38.54056,123.30333,102.83419,95.172844,58.77544,33.87579,28.500174,168.39919,132.5675,120.00971,87.285545,48.114895,38.60433
87.86028,48.468216,37.60385,124.18427,102.39558,95.31511,58.085606,33.59923,28.425076,169.61578,131.92584,122.28911,87.829,48.14881,39.312626
87.29262,48.67604,38.087257,123.876686,102.42053,96.00118,57.97993,33.31954,28.593218,169.40405,132.61023,119.76807,86.72769,48.167885,36.65448
86.96878,48.47013,37.95381,124.479904,102.437904,95.770874,59.048958,32.665905,28.621256,168.63202,132.16203,119.07714,87.07204,47.491615,37.706043
87.425446,48.46403,38.17788,123.957405,101.70224,95.62061,58.005432,32.864174,28.197058,168.02449,132.30154,121.200836,87.88193,47.56659,37.41102
87.35165,48.304653,38.37949,124.05423,102.79502,96.5969,58.61967,32.358364,28.72165,168.06084,132.20163,119.00251,85.96569,48.423206,37.895664
86.830925,48.53291,38.329025,124.368965,103.13218,95.834045,58.950752,33.39865,27.615793,167.82446,131.66684,122.27778,87.00812,47.95532,37.22262
87.12019,48.758068,38.497665,124.18003,102.19845,96.37109,58.762493,33.504272,27.583452,169.80568,132.26933,119.59328,86.04952,49.01896,37.601875
87.28438,48.05292,39.392517,123.53104,102.368546,95.09106,58.858955,33.98997,28.09769,169.38086,133.43102,119.690575,87.06199,48.79345,36.45783
87.26484,48.6128,39.098164,123.01346,101.994736,95.30271,59.070755,33.76931,27.704191,170.3456,132.96112,120.41604,86.35384,47.680977,39.29397
87.2707,49.172085,39.770664,122.736725,101.47435,95.21281,58.73298,33.580204,27.31813,169.2473,132.78586,120.111565,87.221886,47.92318,37.10967
88.91321,49.46411,38.22449,121.92103,101.65155,94.97947,59.655693,33.819508,29.430676,169.23055,133.46776,120.86898,86.1733,48.320663,40.8761
88.65295,49.410538,39.425285,122.34987,101.562584,95.10803,60.367287,33.941307,27.918682,169.62273,132.51062,121.9599,84.644394,47.475548,37.172752
88.14822,48.7926,39.369743,123.58696,102.96018,97.43477,60.309174,33.729042,28.983103,169.99263,132.58406,121.385254,85.21375,47.933647,37.752613
88.424706,49.6947,39.37719,123.42243,102.695145,96.80277,59.353218,34.701416,28.021673,169.92902,133.40657,122.06005,85.96585,46.96194,36.795887
88.81644,49.51758,38.405388,123.60081,103.03471,96.50409,59.62532,34.27713,27.194078,170.00252,134.42522,120.19893,85.15816,47.80062,38.079514
88.83917,49.874233,38.698723,121.73038,101.130646,94.14948,60.29812,34.53561,28.079367,170.35101,134.32668,121.64271,87.27637,47.353348,38.341415
89.12025,50.550415,39.109703,121.74341,100.43788,95.022484,59.623955,34.15417,28.973007,171.08836,133.85649,120.519066,86.17854,46.567307,37.788025
88.371025,50.040146,38.317875,122.58338,102.66317,95.84022,61.614765,34.730755,28.022213,170.81244,134.86711,120.15165,86.08356,47.200382,35.51691
87.739586,49.13714,40.11037,122.51792,102.003716,96.07427,60.183575,34.651096,28.231268,168.89474,132.33717,121.06911,84.83408,47.972485,36.143528
88.56337,49.1644,40.699455,120.55643,101.24725,94.68729,60.86672,34.190506,28.393583,170.4334,132.70532,121.65558,84.13091,46.37369,37.61949
87.933075,48.875828,38.693874,123.10172,102.821236,95.55581,60.605206,34.522602,28.46025,169.23486,132.62836,121.268684,85.23997,46.864933,36.099777
88.243126,49.42634,38.543602,122.27148,100.65332,95.235954,61.17304,34.168823,29.122547,170.24158,132.49834,120.518875,84.67,47.155094,35.79235
87.96921,48.56894,39.47614,124.05228,102.258865,96.03128,60.72843,33.691864,29.114145,170.05678,132.55934,119.754486,84.46307,46.75512,37.098495
87.84744,48.746426,37.885555,121.88504,101.24265,94.246414,59.795254,34.120426,28.325804,169.90884,132.32301,119.18782,85.12928,47.467033,36.638283
87.14473,48.931267,37.546577,124.739365,103.206635,98.02595,59.387993,33.918797,28.868687,169.76318,132.55034,120.26883,85.02463,47.591686,37.41675
86.032104,48.22807,36.74795,125.18736,103.5921,95.87242,58.891815,33.860867,27.232399,168.6646,131.89876,119.647385,87.762634,47.907314,38.93157
85.74052,47.28137,37.848625,125.2489,102.590034,95.28099,59.085926,33.299755,27.814346,167.89333,131.71352,118.83753,88.0458,49.302475,37.96887
84.88923,46.321568,37.13218,126.811714,103.93354,95.44811,57.711094,32.643448,27.726572,168.28804,130.29262,121.35768,88.89671,48.944584,38.154522
83.76703,45.338936,35.368717,126.0883,102.977554,96.41043,57.03571,32.83275,27.059422,167.87436,130.07452,121.27513,89.00211,50.531338,37.168217
84.31098,45.600315,35.883133,126.478836,103.25576,95.3367,57.0257,32.539608,27.736275,167.54158,130.57233,118.69625,89.711105,50.398914,41.011887
83.28549,46.005013,36.260765,126.340515,103.04269,95.041466,55.19713,32.65329,26.983341,168.24547,130.64307,118.99841,89.52937,51.01145,38.935482
84.242096,46.068256,35.381725,126.322845,103.09619,95.421135,56.60893,32.693966,27.777098,168.75334,129.7986,119.28156,89.694176,50.383507,39.62696
84.978325,46.955914,35.73772,126.18369,103.06308,95.948006,56.900608,32.5061,26.669472,167.88261,129.89961,120.77971,89.115776,49.896088,39.42972
85.425224,46.458443,36.272224,125.004326,102.4315,96.12633,57.636917,32.38277,28.137405,167.75436,130.61186,118.13625,89.912476,50.062626,40.627594
84.973656,46.44706,37.807434,125.133484,103.6645,96.22535,58.49806,33.096153,27.916718,167.5373,130.43864,117.06804,87.229996,49.904552,39.06416
85.03121,47.050304,37.665573,125.4472,103.77073,95.518814,57.890793,32.90593,27.89672,168.78444,130.33574,119.385635,87.7183,49.30906,38.443222
86.3819,47.334435,38.070034,124.15589,101.71601,95.1532,57.822968,33.60703,27.997152,167.01616,130.29768,119.172874,89.027176,49.093475,36.689457
85.49299,47.5065,37.20443,124.20032,101.86168,96.1596,57.705925,33.253246,28.560528,168.44627,130.91481,118.0726,87.776566,48.866936,38.88298
85.6848,47.100525,36.00291,125.02279,102.18424,94.75186,58.19114,33.395706,28.204922,168.12804,130.45387,118.26878,88.0973,48.48145,39.25055
85.20989,46.711384,37.30007,124.26633,102.05569,95.007576,58.665443,33.313057,28.947865,167.90245,131.78452,118.01183,87.354866,48.593204,38.091255
85.362656,47.272793,37.504726,124.7958,101.81966,95.86119,58.750843,33.267,28.08036,168.2599,130.79504,120.70454,87.22965,48.728416,38.61903
85.85051,47.250355,37.256104,124.94061,102.01259,96.005745,59.007126,33.711075,28.697605,168.15512,130.60701,119.41971,87.28427,48.417557,38.34228
85.71458,47.218384,37.956745,124.13817,102.075645,95.17491,59.058975,33.49807,29.315166,168.47841,130.6503,119.24637,87.19684,46.451477,39.48164
85.02989,46.79175,36.80603,124.027054,102.35307,95.35331,58.90889,33.63107,28.981274,168.50458,130.79347,116.87373,86.95658,47.909798,38.58629
84.48837,47.043964,37.51855,124.30551,102.048325,96.137634,58.966053,33.92981,28.09185,168.39597,130.85947,119.819435,85.6019,47.270615,39.458885
85.048744,46.53004,37.323654,124.35074,102.10234,95.00036,57.806664,33.732822,28.888245,168.66377,130.44666,119.1117,86.98525,47.833828,38.225956
85.30582,46.54578,36.84959,124.87923,102.19953,95.57464,58.282955,33.852554,28.249966,168.12128,131.32738,118.0763,87.65748,47.13127,38.122776
85.02632,47.126694,36.66488,124.6872,102.40427,94.74162,59.503376,33.62419,28.49792,167.84341,131.05275,118.46293,86.049675,48.107624,38.202965
84.851906,46.105,38.26818,124.79418,102.093346,96.3401,58.00137,33.784653,27.782272,169.34764,130.07176,116.0515,88.108345,47.85102,40.921173
84.36099,46.85378,35.732243,124.51568,102.080025,95.55622,58.75269,33.737953,28.627853,166.89384,130.31577,117.51199,88.054535,47.566704,37.254982
85.124374,46.61618,35.8914,124.13979,102.86776,95.19855,59.166622,33.263283,28.16254,169.02484,130.32219,118.15077,87.23116,47.85132,37.867672
85.30076,46.762302,37.073723,124.85547,102.429016,96.057144,58.685936,34.304752,27.591764,167.81155,130.30025,121.69243,86.46777,49.048824,38.402035
84.81763,46.68052,38.761673,125.13092,102.8386,94.5634,58.93635,33.790165,28.210901,167.6139,130.435,118.53639,86.65185,47.250862,39.007767
84.11535,47.006325,36.539127,124.85996,102.95205,96.05716,59.149666,33.521343,28.31466,167.4733,130.33908,119.25667,86.07842,47.75013,38.337322
84.54465,46.331276,37.32083,124.872284,103.04275,95.38386,57.85213,33.60662,27.866518,167.39558,130.73619,118.81337,87.48015,47.510895,38.2458
84.48597,46.862057,36.328285,125.26167,103.53176,96.09259,58.711235,33.183475,28.70599,168.1047,130.046,120.38258,86.80328,48.460747,36.87024
83.88048,46.442013,36.286663,125.16447,102.89511,96.15404,58.606335,33.653866,27.506159,167.92967,130.34483,118.51192,87.10546,48.32087,38.245636
83.77134,46.35306,38.1566,124.83891,103.06354,95.437584,57.1739,33.560287,27.615711,167.03113,131.31728,117.519424,87.41675,48.863018,36.64212
84.59734,46.8302,35.829296,125.8546,103.13621,96.041756,58.060234,33.334915,27.297022,166.8701,131.25601,117.71789,86.945305,48.37314,37.16384
83.931015,46.193516,37.241722,125.222694,103.44273,96.16632,58.123043,33.24668,27.364264,167.304,130.57756,116.885735,87.6225,49.04802,36.39246
83.075294,46.56428,36.01902,125.15085,103.34013,96.249146,58.62427,33.708023,28.443733,168.0857,130.02754,117.96317,86.163506,48.67817,37.867924
84.66399,46.60761,35.883987,124.988014,103.11534,95.92061,59.32265,33.35504,28.74604,167.49338,130.10095,117.087326,86.14662,48.539894,38.452496
83.69874,45.82808,36.788937,125.79267,103.256226,95.6515,58.969448,33.66755,28.792994,166.15668,130.36618,118.5637,86.50591,47.890797,38.980583
83.382805,46.313435,36.675774,125.19702,103.2381,95.10159,59.240246,33.646244,28.503637,168.69174,129.23409,118.72223,86.254974,48.225056,37.73614
83.485115,46.669777,35.863613,125.085434,102.67915,96.838455,58.72289,33.854004,27.927692,166.64854,129.89651,117.12466,86.899864,47.371456,38.826744
83.92523,46.503845,35.98775,124.70567,103.271645,96.12575,58.727844,33.312603,29.238556,166.9259,130.49992,117.63587,85.81829,47.474358,38.411736
83.91885,46.47302,37.03267,125.27999,102.704575,96.246666,58.91296,33.268044,28.38794,166.36407,129.5321,117.84981,86.50741,47.89097,37.555134
84.20036,47.04413,36.704754,125.035286,102.88782,96.29951,59.015316,33.604057,27.688889,167.24646,130.04303,118.26817,87.45205,47.013588,39.530613
83.73917,47.44654,36.542023,125.12443,102.802704,96.8636,59.32096,33.962307,27.890123,167.80064,130.06389,115.10356,86.99565,47.03108,39.365417
85.025764,46.291843,37.248676,123.52944,103.13293,95.39684,60.04124,34.375927,27.37306,167.55067,130.54515,116.68523,87.03405,46.770386,38.110077
84.50007,46.141388,37.916622,123.642044,102.74246,95.03476,59.66113,33.71239,29.327877,167.20961,130.01047,118.15418,86.042305,47.115887,36.376797
84.48547,46.417274,37.861935,123.686646,102.92755,95.55579,58.774937,33.930058,29.310041,167.35121,130.15797,115.81455,86.29976,48.363605,35.296246
83.43757,46.084698,34.221134,125.25945,103.67049,96.04498,57.443768,33.654854,27.751259,167.6635,129.1004,117.54426,86.375,47.703583,36.569412
85.0186,46.39381,36.20967,124.554726,102.9822,96.058075,58.32674,33.597843,27.292946,166.4398,130.22476,116.502655,86.57114,47.6956,37.468307
84.51905,46.56698,36.792862,124.337906,102.75707,96.2611,58.930275,33.574356,28.774977,166.44696,130.15466,116.52532,86.8312,47.887047,36.698257
84.18471,46.831203,38.032555,124.90855,102.29045,96.09711,59.045933,33.196167,28.62658,167.33652,129.63034,118.54081,86.3962,48.62951,36.033455
84.715805,46.93858,36.00124,124.77554,102.79378,96.16588,58.43318,33.150978,28.595068,167.84602,130.3192,118.48454,84.986595,47.61358,39.04612
84.945694,46.078392,38.02817,123.30727,102.708954,95.37844,59.50435,33.757587,28.622614,167.88867,130.21999,118.46434,86.35217,48.16669,37.875263
84.88387,46.832283,39.059128,123.75094,102.94809,95.2869,59.215565,34.280163,28.503613,167.8825,130.42555,116.909035,86.228485,48.185173,36.541275
84.91149,46.58169,37.380985,123.40951,102.387505,96.104576,58.908573,33.76729,29.003044,167.49774,129.91798,119.08815,84.81066,47.148186,37.288544
84.196205,47.156845,37.112694,123.70504,102.301056,95.3821,58.98378,34.612747,27.697248,167.59558,128.89787,118.08518,86.51794,47.621147,36.80013
84.65293,47.384445,37.61809,123.39482,102.05118,96.08317,58.753063,33.98987,29.201565,167.30937,129.64467,116.82951,86.8591,46.67411,37.973854
84.52398,46.862843,36.734554,124.40188,102.45609,95.772125,59.462685,33.95925,28.694817,167.55194,129.56374,116.25316,84.85805,47.616688,37.0663
85.97794,46.987923,37.76823,123.774765,103.073555,95.70761,59.695084,33.406097,28.137285,168.36536,130.40712,118.16676,87.29877,47.391434,38.0844
86.454056,47.54291,37.84013,124.279854,102.42707,96.29888,59.025837,33.740345,27.897692,167.28958,130.70331,117.35092,85.97975,47.969135,38.14603
85.84968,47.360233,38.196236,123.708374,102.81436,95.24607,58.240437,33.598534,27.844927,167.04242,129.8554,118.03508,86.09418,46.882484,38.07222
85.70091,47.41907,36.73936,123.46875,102.29364,94.66997,58.476875,33.657036,29.02101,167.23532,130.40276,117.52476,87.39043,47.053356,37.355606
85.70179,47.331528,37.50335,124.410645,103.189384,96.6438,58.897472,33.997383,27.930035,167.63782,130.02562,116.997215,86.04739,46.29288,38.66383
85.24157,47.351547,39.103218,124.40506,102.6695,96.45044,59.437275,33.78217,28.282415,166.96028,130.16046,116.34666,84.715004,47.780457,35.379135
85.84908,47.273582,36.874493,123.62289,102.84141,96.51187,59.255592,33.907883,29.333315,167.20512,130.48355,118.341675,85.81559,46.69422,37.61755
85.68325,47.576336,37.869442,123.24268,102.480576,95.38509,59.281536,33.605114,29.978498,167.44693,130.4145,116.474686,86.25916,46.52889,38.597176
86.11558,46.68763,38.64675,123.550415,102.456535,95.3632,59.70382,33.790653,28.463282,168.12622,130.60495,117.31907,86.46071,46.823673,35.614506
85.44077,47.15053,37.086746,124.46891,103.09342,95.868004,59.72282,33.36054,29.155924,168.166,130.13031,118.41851,86.349754,46.37666,38.056286
84.602615,46.969894,37.816994,124.55973,103.184265,96.46428,59.33189,33.53517,29.258217,167.29538,131.12662,118.48258,86.48425,47.672775,37.548084
85.91923,47.812366,37.806274,123.67076,103.147514,95.85013,58.247894,33.390263,28.159721,167.73798,130.75192,117.698906,86.15678,48.06448,37.751827
85.74416,47.31243,38.44359,123.34631,102.1248,95.923935,57.815945,33.712612,28.42868,168.13342,131.11124,118.279495,87.13177,47.955704,37.53335
85.73955,47.877586,37.17453,124.101654,103.2554,96.64485,59.251015,33.38396,28.596458,167.81459,130.93411,118.65019,86.30813,47.69268,37.45573
85.78383,48.05454,37.918316,124.62707,103.20228,95.9189,58.880295,33.334568,28.456566,167.71964,130.50642,118.41033,86.257675,47.541496,39.440422
86.536194,47.703587,37.700035,124.31232,103.08241,96.616936,59.319756,33.41998,27.718395,167.64859,130.98978,118.59994,85.77862,47.88145,36.842384
86.243416,47.994453,38.473183,123.23037,103.16088,95.692406,58.489822,33.52088,27.404491,168.01768,131.04199,119.314766,86.473236,47.595528,38.1754
86.237976,47.946808,37.72985,123.87721,103.16034,95.886604,58.68804,33.982,27.83605,167.82877,131.07623,118.79806,86.37314,48.464325,38.236664
86.378746,48.023155,38.649834,123.62435,102.860855,96.61116,58.078197,33.361427,28.461264,168.46059,131.59293,118.11321,84.9443,48.463966,37.09849
86.8103,47.960407,39.20399,123.33042,102.71801,95.2782,56.877968,33.147728,28.445995,168.085,131.19562,117.794365,85.92464,48.073013,36.418747
87.37681,48.411327,38.38579,122.37125,102.425385,95.601364,57.772038,33.761333,28.652637,168.58537,131.79509,117.18672,86.30256,48.01141,38.00269
86.94147,48.148266,38.637657,122.93453,102.2883,94.798355,58.079098,33.442307,28.547699,167.74861,131.05945,119.809105,87.9825,47.0475,38.55847
85.73675,48.46479,37.79531,122.303055,101.618004,95.07942,58.2041,33.498363,28.490944,168.34372,132.063,117.953995,86.896355,47.977676,36.94811
87.2971,48.421963,38.307457,123.389305,101.73062,94.73644,58.8339,33.861412,27.93315,169.68466,132.45921,120.2472,86.87467,47.471138,38.53561
87.64589,48.304108,38.45121,122.608604,102.033966,95.13687,58.643383,33.57386,27.836102,168.13972,132.8739,118.916084,86.51933,48.07751,36.389812
86.358406,48.15817,37.989838,123.6078,101.87763,94.250984,58.24755,33.210247,28.117023,167.8066,132.1456,120.80169,86.68355,48.256912,37.27547
87.00477,48.489723,37.815525,122.78577,102.13024,95.983315,57.027744,33.64023,27.84676,167.64062,132.32521,119.37984,86.02883,47.898552,38.01777
87.857346,47.91426,38.945206,125.99341,104.18078,98.054695,56.910885,32.981552,27.61084,168.45624,132.70044,120.33058,86.46172,47.996944,36.412846
87.561035,48.720116,38.301746,125.64657,103.96179,96.4724,56.52956,33.60204,28.277597,168.3497,131.861,120.5892,88.47553,47.871746,39.56954
87.79211,48.6137,41.040997,123.17443,102.694115,96.150024,57.60905,33.134274,29.357718,169.3362,132.865,121.31825,86.461235,48.734726,38.741894
87.45492,48.996613,38.330494,123.2734,102.34479,95.9768,57.723335,33.605484,28.655394,169.52873,132.06938,120.30981,87.56143,48.451576,35.879356
87.02442,49.25964,38.40562,123.23705,101.88066,96.14563,58.20953,33.325764,27.476564,169.1249,131.81973,120.55933,86.4243,47.624897,38.766483
87.49264,49.276707,38.075356,122.18428,101.4641,95.62154,58.507206,33.549446,27.726582,168.34868,132.1272,120.87027,86.929344,48.3497,37.63187
87.404175,48.834137,39.649544,121.75666,101.09827,94.54458,58.682472,33.835354,28.53946,169.32402,132.11234,119.57122,87.731705,48.63133,38.381474
88.39984,49.291187,38.93923,124.25243,103.57519,96.366196,59.50369,33.48346,27.88576,169.09508,132.58891,119.88977,88.18951,47.784588,38.688614
87.95931,49.47228,39.463066,124.61689,103.30435,95.49319,58.717487,33.46201,28.346464,169.83347,131.75221,119.34887,87.37179,48.010136,40.12472
87.36738,49.166855,38.74137,124.16654,103.211174,97.37855,58.723183,33.81966,28.544327,170.33301,132.38574,119.4402,86.036354,48.070103,38.374287
88.391525,48.99717,39.7261,124.0672,103.39547,96.66795,58.817116,33.842125,29.014729,168.21922,133.20776,116.873116,85.89387,48.451725,37.282
87.781044,49.2946,37.07198,125.22887,103.28826,96.678535,58.498352,34.06066,28.569473,169.55904,132.60252,120.15759,87.17922,48.488365,38.24648
86.97787,48.944794,39.118176,124.08852,103.45962,96.40314,60.133816,33.42734,28.249264,168.61337,132.7731,119.36908,86.01038,49.00531,37.632492
87.64744,48.408474,38.176533,124.74871,103.610855,97.135994,59.344856,33.501102,29.350073,169.90463,132.55247,119.809784,86.89207,47.42643,38.80428
87.686195,48.947872,37.916573,125.119865,102.921486,97.38239,58.699036,33.650955,28.935053,169.38777,131.8231,119.43694,87.61113,48.29483,37.89241
87.94105,48.60659,39.260044,124.85184,103.09714,96.54345,58.480785,33.963486,28.175581,168.94257,131.97498,119.16846,88.46489,48.12861,38.03911
87.571594,48.708824,37.646553,124.93197,103.23973,95.847694,59.105022,34.24853,27.98409,169.20004,132.52354,120.30741,88.41892,47.983326,38.755795
88.19541,48.92812,38.663456,123.96481,102.95268,96.95146,58.287144,33.900105,28.032413,169.90486,132.71005,119.656425,86.2369,47.693005,38.56484
87.81073,48.948624,37.640774,124.82679,103.64497,95.62828,58.050278,33.93517,27.431389,170.02019,132.65466,122.063705,87.17379,48.193596,39.689445
87.70094,48.788025,39.83345,124.595665,103.6011,97.752525,58.516502,33.322018,27.635452,170.03159,132.909,120.0932,87.96522,48.25848,37.64573
88.89065,49.204052,39.412457,124.75808,103.81509,96.44677,58.664364,33.667435,28.80825,168.84946,133.94151,119.87922,85.79595,48.101906,38.437817
88.20784,49.11724,38.068676,124.72494,103.54008,96.62597,58.11832,33.79471,27.373215,168.47217,132.99179,119.113594,86.61922,48.5023,37.874886
88.068146,48.40727,38.614883,124.54897,103.46629,96.76324,58.766117,33.81004,28.109732,168.82143,133.34085,119.85489,87.317665,49.757973,36.052143
87.77941,49.182144,37.85544,125.86156,103.51123,97.91814,59.447193,33.30513,28.260826,169.50566,132.60323,120.18061,86.32694,49.27495,39.405388
87.340675,48.629936,38.402927,125.030266,104.35986,96.39888,58.93092,33.544476,28.55642,169.11543,133.3221,117.89885,87.49017,49.204105,38.3198
87.79241,48.579475,37.12883,125.5037,103.859184,96.99416,59.26442,33.571575,28.767504,170.41281,133.01439,118.79845,88.24343,48.623447,38.54071
87.097,49.02385,37.24632,125.38803,103.701614,97.28123,58.82655,33.75151,29.082115,168.27086,133.40694,119.77215,87.48627,48.35102,37.59074
87.44362,48.042305,38.996513,125.252144,103.77599,97.29442,59.149284,33.933006,28.142103,169.32121,131.7461,120.86137,87.41291,49.013065,38.31157
87.79307,49.190952,37.030743,125.993835,103.85818,97.335014,58.950172,33.201187,28.679031,168.6136,132.79764,119.16309,86.83675,48.4302,39.14055
87.61403,48.865173,38.781597,124.96009,104.50884,97.16523,58.738247,33.08436,29.388395,168.88826,132.79785,119.020325,86.46385,49.132847,37.650284
87.2139,48.631046,38.461735,125.35597,103.681335,96.42943,58.728813,33.81029,29.4652,168.98245,131.67876,118.47514,86.89963,49.042988,37.574078
86.394585,47.949524,38.020733,126.35677,103.97579,96.5062,58.723366,33.531918,28.505358,169.11047,132.1503,119.75541,86.25855,48.481853,38.294186
86.31498,48.72364,36.751034,125.33537,103.78816,96.864845,59.44611,33.996616,28.60794,168.4886,130.91798,119.81385,86.585144,48.841286,38.18032
86.71349,48.131065,37.59659,125.5571,103.164474,96.0711,59.657516,33.997597,28.692749,168.46957,131.84926,119.059715,86.73444,48.11621,38.43614
85.26554,47.868443,37.03293,124.15074,103.32284,95.24062,59.762707,34.45888,28.89854,168.17094,131.46869,119.20918,87.25532,48.034023,37.762756
86.06353,47.704796,37.28552,125.177895,103.59879,96.10129,59.68414,33.863426,28.611286,167.94579,130.82549,117.53326,88.00437,47.515465,39.241264
85.95749,47.694145,38.26928,125.890526,103.57718,95.88468,59.33134,34.139656,27.929155,167.36156,131.01901,117.034996,86.56981,49.28012,37.333294
86.577286,47.453793,38.66658,126.25434,104.07555,97.36031,59.128326,34.168385,28.35489,168.89572,131.3527,119.36513,86.00437,48.49939,38.584835
86.92655,48.21798,37.328434,125.93036,103.77465,96.025604,59.370598,33.711266,28.338476,168.37343,130.8658,120.25245,86.11116,48.46639,37.171642
85.83637,47.801727,36.091003,125.388275,104.06131,96.74982,59.4188,34.382442,28.108337,168.34836,131.88177,117.428856,88.61091,49.050377,37.376575
85.79222,47.646046,37.353073,125.844604,103.39133,96.86894,59.03061,34.20478,28.255648,168.36856,131.4233,117.66995,85.92769,48.542713,38.803432
85.29975,47.69174,36.898373,124.98905,103.93874,95.87819,58.99377,33.920223,28.722748,168.55939,130.68282,119.482544,86.37102,47.598312,38.771698
84.69944,47.26578,36.9347,125.23117,103.078896,96.937935,59.45456,34.35419,28.467798,168.35893,131.21843,117.99162,88.00109,47.891945,38.351498
84.81282,47.909065,37.469036,124.18892,103.48542,95.82441,59.413555,34.43545,29.695005,168.85808,130.45256,119.39431,86.32877,48.055954,35.62261
86.16557,48.17453,38.002533,124.054085,103.0468,95.81138,60.15056,34.32529,29.760862,166.23418,131.36108,118.062294,86.84517,47.213055,38.1347
85.71611,47.956974,36.338264,124.7095,103.0031,95.447044,59.968147,34.64534,28.614336,168.32823,131.45872,117.93974,87.75614,47.94818,36.027363
85.580536,47.758987,37.56848,124.71829,102.49262,97.024925,59.11659,34.488026,29.25859,168.3769,131.60583,116.41744,85.91572,48.016808,36.713596
85.78788,47.57641,37.08808,124.134346,103.40914,95.92082,59.82413,34.44132,27.397665,169.057,131.71211,120.09619,86.28629,47.69369,36.759987
85.002655,47.73958,37.09037,123.91041,103.1943,96.090096,60.489895,34.462894,28.76015,167.9426,131.53741,118.817474,87.01821,46.640175,39.07546
85.389984,47.478256,38.19639,124.558136,102.6862,96.48104,60.487373,34.01281,29.756668,167.9867,131.65442,117.20716,87.32147,47.848667,38.378662
86.5098,48.094643,38.81618,124.88914,103.41448,95.9706,59.304108,34.52879,29.250013,168.6829,130.82938,119.14492,87.00589,47.45934,39.39783
85.41485,48.55037,36.53659,124.733055,103.22203,96.06628,59.793495,34.504715,28.730253,169.29749,130.82216,119.24532,87.506836,47.331635,39.618855
86.08585,48.614925,37.234455,125.06129,103.58674,95.90564,58.48119,34.739483,28.707087,168.70586,132.15509,117.98608,86.780754,47.801617,36.889675
86.333954,47.62063,37.432865,124.38529,103.59844,97.89861,60.314487,34.67133,28.231222,168.32826,132.01566,116.46817,86.98722,47.328766,36.89782
86.37441,47.833305,36.876846,124.4716,103.412605,96.84501,60.054844,34.759216,29.250042,169.57935,131.51836,119.308266,86.73212,48.053474,38.088093
85.96646,48.97746,36.120296,124.151726,102.85922,96.44432,59.8704,34.334084,28.981607,168.75739,131.20352,119.31577,87.208694,47.33484,38.091263
86.182014,48.18178,38.89967,121.86807,101.427246,94.55785,59.76271,34.057724,28.823204,168.72351,131.26176,119.46295,85.51882,47.749958,38.72868
86.693756,48.1714,38.249794,124.895195,103.45789,96.27226,59.689476,34.277702,28.44761,169.0928,131.70259,118.83934,86.82404,46.93184,37.906956
85.5798,48.33566,38.45223,124.78252,103.02982,95.45848,61.067688,34.331295,28.46884,168.45189,131.58978,119.3841,88.32437,47.13423,39.216434
86.900925,48.40993,38.352333,125.68088,103.144226,97.06187,59.362694,34.136696,29.247467,168.40709,132.12318,117.37961,85.14761,47.842598,36.51584
87.46744,48.357903,37.503033,123.09402,101.83435,97.15124,59.327343,34.202602,28.551264,168.4647,132.14346,121.085976,86.37284,48.704494,36.845325
87.8506,48.441704,38.64486,122.84463,102.09561,94.955215,58.81524,34.469345,28.193232,168.8516,132.12662,117.98968,86.93631,47.76598,38.14188
86.04654,48.544266,37.60881,125.194214,104.20371,97.07116,59.1412,33.634712,29.13804,169.32195,132.29745,119.044014,87.62272,48.410633,38.857
87.43827,48.702217,39.321907,125.75207,103.88081,97.08628,58.67105,34.043247,27.93135,170.26694,132.10873,118.397575,85.78715,48.71596,37.072227
86.765114,48.89567,38.438087,124.81441,103.583374,97.83889,58.87936,33.93379,28.669954,168.28091,131.31471,119.1753,87.054184,47.573853,38.769127
69.61564,39.100647,31.04674,118.33733,91.12084,81.52975,39.57437,30.86258,30.575598,116.851166,89.96955,81.23121,75.86835,59.52938,48.18637
70.50018,39.40057,32.38035,122.12484,93.29847,83.21623,38.93177,29.931683,30.209425,119.19001,91.897484,85.33902,76.10688,58.22769,49.22646
71.30009,40.63395,31.08501,122.89319,94.02693,83.76793,38.167698,28.991295,28.305466,124.88911,94.5408,85.872604,78.0232,57.751152,49.548775
72.068665,41.23892,31.65129,123.06237,95.80261,84.40833,37.060753,27.698795,27.642157,125.424934,97.96923,87.75982,76.60356,58.628258,49.487396
82.72183,46.37399,36.228195,133.2158,104.52538,93.620865,36.176502,22.29816,21.412455,146.28226,115.90635,104.98433,75.33074,52.773167,43.222443
88.32909,49.962505,38.52597,135.10118,108.157585,96.67472,40.14417,23.657923,22.962566,165.5237,133.06657,121.62966,78.25901,50.537914,39.539684
93.70966,53.40143,40.048416,134.03891,109.21682,96.29486,44.615974,26.44819,22.941898,169.97865,137.3761,123.924355,81.14254,48.14549,37.104607
94.69466,54.255672,41.61263,134.36978,111.4878,99.943855,47.79136,28.397758,24.770521,171.76285,136.91766,123.58197,84.89633,50.44324,39.76818
96.16179,55.271603,41.656994,132.42819,109.75417,99.23198,51.829605,30.460482,25.515837,173.04173,138.6699,123.94352,88.45401,53.799374,41.940155
95.87409,54.622395,41.734303,131.06137,108.121414,98.47189,53.401752,31.60086,26.37391,173.97552,139.1808,123.58834,91.23081,54.678963,41.531784
95.772125,54.645096,42.361725,129.31528,107.06984,98.66075,55.82894,32.091965,26.277529,173.82494,138.48512,123.50699,93.00967,55.030357,40.283485
93.38596,54.47287,40.975193,129.50371,107.35466,97.87615,55.55201,33.64671,27.066845,173.27838,138.26004,118.9676,92.09875,54.345703,41.751762
94.073166,53.41585,39.920372,128.28122,107.36571,96.7999,57.97335,33.675472,27.864483,173.76253,137.2628,119.523506,89.93934,52.39089,41.82309
93.1484,53.69704,40.73207,128.10408,106.75514,97.6492,58.678066,34.917595,27.860952,173.62134,137.09134,119.04627,90.26592,52.9541,40.918472
92.22969,52.96397,41.590397,128.38849,106.195885,97.68897,58.20629,34.664837,27.616331,173.69676,137.01033,121.21495,89.93451,50.986057,40.146954
92.069,53.158546,40.104702,127.4896,105.57669,95.95704,59.810272,35.18368,27.962242,173.71901,137.40189,120.44855,89.44179,51.549416,40.47911
92.33913,53.671486,40.858517,126.88498,105.72709,95.348495,60.040012,35.875507,28.745457,173.12268,137.99246,118.61737,90.69154,51.345623,39.00629
92.92465,53.905796,40.5502,124.62606,103.04214,93.32742,60.850426,35.233818,28.242123,173.29648,137.85347,122.486206,90.385345,50.340946,37.33063
92.20583,53.728077,39.49402,126.94489,104.77179,94.35637,60.488102,35.162815,28.640957,173.32048,137.41174,121.058014,89.33329,49.665314,38.049385
93.10921,53.966644,39.836597,126.73153,104.95844,95.198006,59.88309,35.925232,28.31336,174.23695,137.65668,120.41102,88.48405,50.833603,38.30673
92.33893,53.91681,41.21501,127.28354,105.35862,96.21045,60.748524,35.314632,28.993378,174.94734,137.68704,119.87836,89.03301,50.03661,37.464867
91.06924,54.012276,40.806858,127.014946,105.49338,95.33955,61.06517,35.48783,28.45988,173.52882,137.71777,119.9969,89.27773,50.420113,38.950916
94.34244,54.327877,41.044403,126.54001,105.7362,95.424416,59.542843,35.5997,26.895351,175.7422,137.85136,123.079254,88.05064,50.922173,38.963093
92.64511,53.905273,40.76329,126.61338,105.2859,95.20983,59.64831,35.77187,29.183628,174.54515,137.82578,123.15488,89.409424,49.992897,39.106945
92.55898,54.245346,41.15252,126.351074,105.48856,95.71131,60.369164,35.528084,28.723179,174.26814,137.45888,121.770096,88.843094,49.491497,39.22322
92.68682,54.156227,41.585228,124.448616,103.51676,94.37435,59.681816,35.43953,29.546307,175.21371,137.67903,121.2225,88.41851,50.09521,38.358017
92.5632,53.9627,41.086437,124.39061,103.80592,92.87387,59.546215,35.758858,28.342577,174.87004,136.99815,121.97836,90.21917,50.26262,41.24725
93.26079,54.82908,41.42165,125.0731,103.5942,93.80922,61.16967,35.296066,29.371662,175.01692,137.46713,122.61668,89.2597,49.814022,38.30336
93.60148,54.94524,41.591923,127.56103,105.92572,96.265175,61.25539,35.20391,29.46246,175.39442,138.14946,122.40858,90.065636,50.098175,40.59782
92.55004,54.848274,40.896294,127.05337,105.51094,94.7896,60.89888,35.399937,28.261703,175.33641,138.5188,126.11875,90.375565,50.206814,39.306026
92.05264,53.874256,42.481644,126.580635,105.84084,95.22073,58.81992,35.010708,28.587732,174.13582,137.71817,122.57943,89.57425,50.83693,38.612736
92.27558,53.83953,42.02958,127.52363,105.543,95.57544,58.43942,34.6989,28.577694,175.30104,137.15234,124.05222,89.593666,51.43089,37.34337
92.7519,54.619488,40.319996,125.82188,104.46056,95.04209,59.075375,34.990074,28.451014,174.53217,137.67545,122.27856,89.49461,50.991486,38.41783
93.14153,54.365105,40.953224,125.67453,104.62338,93.76708,58.044334,35.2801,27.772459,174.11409,138.5078,122.46623,88.65395,50.95497,39.89043
94.15597,55.302242,40.793766,125.3647,104.31235,93.78437,58.094837,34.726948,27.734972,175.87473,137.01761,122.61329,89.499115,50.61583,40.444157
94.44054,54.703068,41.77574,127.87203,106.05052,96.341896,58.22873,33.764446,27.618414,175.04372,137.92583,123.64509,90.32645,50.901016,38.841175
94.68762,55.011112,40.563507,127.553055,105.76145,97.99163,58.804295,33.976456,27.254887,173.84604,138.09238,122.00782,90.03272,50.92642,39.659065
94.99674,54.2137,41.342266,128.66238,106.71852,96.66862,59.662094,34.212105,27.09515,174.57616,138.09064,123.5606,90.39995,50.67421,39.924755
94.13539,55.28062,40.353893,127.647156,106.742546,96.53667,58.855675,34.02791,27.934065,173.72179,139.68947,120.81058,90.0092,51.33869,38.76625
94.542435,55.832905,42.05334,127.92399,106.567604,96.52198,58.23991,34.22051,28.15174,175.08511,140.19606,124.267586,89.748634,51.016838,38.80982
95.57122,55.09653,42.71015,128.67433,106.271164,96.7775,58.28149,33.5634,27.616392,175.37448,139.96324,121.36946,90.2555,51.88718,37.25203
95.192345,55.33086,42.409767,127.863945,106.586754,96.39788,57.43849,33.71201,26.784325,175.23898,139.10269,123.97603,90.13666,51.53576,39.857403
95.28401,55.50537,40.89296,127.751625,106.46452,97.72451,57.365376,33.79751,27.143082,175.90341,139.52034,123.22613,90.52751,52.25746,40.62561
95.362045,55.421764,42.051212,127.58984,106.70717,96.85292,58.430202,33.824066,27.672453,176.53873,139.55861,123.234024,90.51045,50.840153,40.6106
94.94908,55.327282,41.77482,127.96698,106.823975,96.54432,58.717403,33.93377,26.652597,175.24852,139.74922,124.65991,89.06405,50.774277,40.215446
94.640076,55.213223,40.804188,127.82116,106.300316,97.01181,57.930103,34.237816,27.932486,174.37164,139.89449,122.133545,90.37127,50.75351,38.998108
93.82334,54.995148,41.01216,127.123795,105.900215,97.61358,59.708218,33.50713,28.874428,175.00545,139.72427,123.92817,89.61819,50.478565,39.289394
94.73874,55.092102,40.49579,126.906746,106.6493,97.17514,57.958565,34.24451,27.756695,175.71703,139.7305,126.77708,89.3218,50.67999,37.25859
93.96499,55.5059,42.32574,127.38035,106.38401,95.59691,58.186413,34.03827,28.688211,176.13094,140.67159,122.84559,89.14045,51.372246,37.861996
94.63847,55.82815,41.189426,127.5243,106.423645,96.30481,57.705708,34.068253,26.956413,174.544,140.35373,122.89854,88.886215,51.345806,37.52102
96.26653,55.671093,42.21351,127.74263,106.23803,96.7966,58.034958,34.009422,27.614054,175.58151,139.74829,124.19166,90.056145,51.483196,38.999996
94.92899,55.966473,41.07579,126.41665,104.56333,94.23335,57.86605,34.171173,27.352888,174.81564,139.97227,125.20018,91.372246,51.097553,40.780434
94.31351,55.371002,43.59728,126.25394,104.15868,95.02574,58.522953,33.917007,27.902472,175.08351,139.8249,122.835396,88.10225,51.15342,38.113728
94.45894,55.323864,42.33712,125.86046,104.10517,94.646614,58.076424,34.078537,26.481522,175.86948,139.57399,122.763916,91.071594,52.050488,38.5026
95.03612,55.625893,40.53937,129.19203,106.6288,96.896454,58.683178,34.334595,27.494976,174.11705,139.43936,121.5317,89.67779,51.53698,40.721203
95.03855,55.776672,42.561954,129.36395,106.91177,96.874985,58.47961,33.57405,28.21867,174.46361,139.83913,123.664024,89.61897,51.281174,40.001606
95.72568,55.672386,42.177315,129.44736,106.325455,97.07597,57.761246,33.92824,27.706013,175.37062,139.29016,121.519394,91.33552,50.537025,38.322056
95.53413,55.173122,40.922703,128.92885,106.63396,97.04394,57.749695,34.06368,27.337994,176.22018,139.86049,124.2429,89.580605,51.932587,37.749428
95.519424,55.496235,41.759583,127.76639,105.909386,95.96279,58.271843,33.97452,27.557674,175.64436,139.47884,125.03645,90.591095,51.731125,38.51203
96.24558,55.7662,43.71857,128.06046,106.618454,96.60622,58.56269,33.786434,26.80369,175.0745,139.62083,124.09404,90.8164,50.539185,41.278286
95.83245,55.84695,41.992027,128.40414,106.8463,95.20595,57.897896,33.654552,27.330969,175.02426,139.74643,122.3843,91.279305,50.949406,38.699886
95.98548,56.69424,42.606113,128.4761,106.48014,95.74096,57.806644,33.6405,27.581497,175.84981,140.41275,123.71174,89.08636,52.198982,41.078655
96.1148,56.03728,42.73428,127.927704,106.53905,95.52743,58.398834,33.56515,27.552595,175.05606,140.65234,124.30282,91.264885,51.76138,39.933083
96.447556,55.972595,42.981586,128.76929,106.02154,97.59813,58.98481,33.932823,28.225035,176.28304,140.73979,125.57264,91.07492,51.593376,40.071728
95.255646,55.84194,42.491844,129.10713,106.288925,96.103546,58.75637,33.7893,28.541922,176.55096,140.10756,124.688126,90.98206,51.934715,39.4059
95.21126,55.697224,43.323715,127.90025,106.226524,96.110855,59.314274,34.324562,27.646729,176.53851,140.41722,123.936844,92.028046,51.90498,39.12835
96.45164,55.325058,42.97048,127.93461,105.966,96.568184,58.461193,34.350277,28.463993,175.52443,140.6468,124.14315,90.13926,51.04939,39.555153
95.72715,55.275097,41.82672,127.66276,106.26397,95.86348,58.208565,34.675034,27.671293,176.66649,140.42543,124.711235,89.92722,52.165215,38.36461
95.95711,55.85172,41.8776,127.72187,106.37869,95.72568,59.051258,34.52317,27.669462,176.85228,140.18051,125.18308,92.54693,51.236057,40.778473
95.85386,56.079247,40.34912,127.94551,105.768196,96.195145,58.427402,34.181507,26.788607,176.00403,139.8723,127.46214,90.968544,51.413776,40.975887
94.576866,54.90031,41.50062,127.4657,106.00457,94.60972,58.87981,34.1747,27.788996,177.2494,140.99063,124.65957,90.951744,52.19574,38.628128
94.525024,55.274292,40.689617,127.78054,105.90091,96.45645,58.717117,34.268562,27.888622,177.33179,140.92715,124.95416,90.103905,51.352386,40.969162
94.711136,54.661766,42.313354,128.46686,105.30061,96.32063,58.255367,34.51752,27.188501,175.51357,139.99937,123.58177,90.7043,51.42865,39.056213
95.43883,55.242546,41.603645,128.16774,105.607,96.4737,59.083084,34.370113,27.30506,176.00783,140.2573,124.0275,90.900894,51.67696,37.57204
95.294365,55.15559,40.862877,128.38817,105.99745,97.09069,59.642563,34.419147,27.1425,177.43112,140.2038,123.59724,89.67679,52.495476,39.4873
95.36744,55.07321,41.680634,128.5353,106.11339,96.2905,59.20456,34.289894,27.747581,175.81932,139.9826,122.54655,90.979515,51.478725,39.17333
94.87225,54.878304,42.297935,128.32399,106.33228,97.21112,59.91851,34.15702,28.575611,175.61507,140.06595,122.5379,92.474304,51.69415,39.05084
95.00594,54.83268,41.752308,126.99571,105.89256,95.81838,59.530834,34.59977,28.258612,175.8988,139.61852,123.60877,91.5853,50.81358,40.483997
95.39961,54.625286,43.64624,128.16875,106.07818,96.92057,59.654377,34.849174,27.908451,177.28201,139.68425,123.36224,89.86308,52.559967,38.78742
94.96046,55.156918,41.013535,128.85133,106.64224,95.86363,59.635513,34.830734,27.86229,175.28694,139.80203,124.404175,92.7364,51.10722,40.042534
94.461914,54.733658,42.026596,128.24039,106.37038,96.04,59.05904,34.310566,28.115133,177.21634,140.1361,121.99743,90.583755,52.064884,39.9713
94.324585,54.440254,41.55591,128.9085,106.38147,96.29302,59.398922,34.688885,27.571484,176.35797,139.30008,124.273285,90.32516,52.521614,38.786488
93.1052,54.460083,41.343735,128.37334,106.32692,96.02813,59.47545,34.469376,28.070982,175.00984,139.59302,123.461815,92.46827,50.99498,40.606426
93.11429,54.37163,39.902454,128.35663,106.71527,94.7793,58.15693,34.95227,27.99028,175.73497,139.59056,125.23885,90.69661,51.86924,38.356026
92.54712,53.80573,39.510963,128.68828,106.595505,96.57592,59.794807,34.36127,27.872808,176.20224,139.61891,122.975204,91.57532,51.274055,42.381535
92.14413,53.457504,41.64881,128.4181,106.30022,96.92794,59.46144,34.26961,28.251532,175.67712,139.06497,122.219925,92.556076,50.8801,41.6885
92.023834,53.29374,39.6888,128.64217,106.27182,96.41658,59.23646,34.195442,28.866035,175.97346,138.4468,124.43274,89.78878,52.328197,41.451683
93.38158,53.71746,40.54777,128.71152,106.64464,95.912476,59.527008,34.669964,28.169373,175.4637,138.99371,120.77258,91.361435,52.276722,40.20647
92.610565,53.901283,41.25918,128.74178,106.52639,96.92727,59.576454,34.458847,28.62635,175.00188,138.70119,124.07789,91.37183,52.263805,38.146626
93.041466,53.69707,41.29272,128.66891,106.567154,95.72795,59.08559,35.3088,27.235958,176.27457,138.38908,123.13704,91.08148,51.33894,39.746742
92.16159,54.236225,40.00874,129.015,107.121445,96.29658,60.23217,34.33558,28.127642,176.13475,137.93608,124.95184,89.21467,51.47322,39.32406
92.166336,52.75062,41.925194,128.49509,106.54115,96.192535,59.948093,34.65122,28.873652,175.35345,138.1091,124.28806,91.340904,50.950504,39.293224
92.08151,53.06765,40.798004,128.94508,106.47992,95.093025,59.94674,34.65047,28.81924,175.07545,137.94429,122.29364,90.02436,50.94111,38.27095
92.642914,52.99931,40.36511,129.22804,106.14521,95.20265,59.14114,35.070206,27.259043,174.04172,137.87613,123.18146,91.28502,50.482243,39.589096
93.34811,52.98721,41.515854,127.854965,106.62136,95.13562,59.638714,35.070747,28.314608,175.23792,139.02458,124.40265,91.03944,51.20491,40.27648
93.10418,53.55197,41.6816,128.27586,106.79895,95.150314,59.23296,34.79855,29.05584,174.84274,138.65717,123.454506,90.938545,50.95101,38.438313
92.70598,53.16612,41.43134,128.75822,106.07376,95.88979,60.731983,34.61355,27.966331,174.4482,138.03828,123.61135,90.07167,51.78249,37.66593
91.43082,53.72416,41.187172,128.643,106.42675,96.30721,60.501774,35.17231,28.419216,174.49416,138.6219,121.87727,91.16584,51.83993,38.89129
92.12579,52.89326,41.556946,128.43307,106.31533,95.729065,59.784195,34.957188,28.460304,175.05219,138.74585,122.310616,88.8713,51.214195,39.5145
92.27322,53.95344,39.523544,128.71266,106.555855,95.232086,59.578194,34.589634,29.111082,175.11902,139.04364,123.165474,91.13666,51.83243,39.097847
93.435135,53.498936,40.576942,128.50008,106.41174,95.4827,59.634274,34.936405,27.962202,174.75526,140.08667,121.13426,89.266304,51.494427,38.703903
93.6431,53.30144,41.26145,128.11958,105.73773,96.72411,59.756092,34.915672,28.396341,174.60432,138.10625,125.89177,91.691826,51.250965,40.471844
93.26291,54.311333,40.893074,128.35648,105.96688,96.783424,59.3179,34.69187,28.233688,176.04648,139.37997,123.0888,90.11449,51.54611,38.35615
92.634605,54.02648,40.596703,128.8744,106.64947,96.14643,59.53648,35.320736,28.897593,174.80385,138.44887,122.139946,91.67646,50.93563,39.6242
92.6663,53.859634,41.63407,128.63069,106.43191,95.47224,60.45195,34.95118,27.661827,175.7678,138.90614,125.16711,91.37896,52.04989,39.9723
92.92836,54.167477,41.38048,126.11201,104.42728,92.52861,60.47057,35.2868,27.874239,175.49757,138.4415,121.69993,92.42614,50.93157,40.653996
93.87233,54.62819,41.20039,125.6047,104.09247,94.41078,60.46143,35.159786,28.695772,176.17262,138.24707,122.70493,91.304955,50.864624,39.237473
94.40209,54.511547,41.462566,125.96955,103.57412,95.00146,60.225388,35.131504,28.7353,176.36894,138.94691,125.45871,90.56351,50.681038,41.051373
93.75083,54.514843,40.421673,125.823204,104.045,93.10513,60.359623,35.4737,28.21065,176.20805,138.80989,124.165634,90.72491,51.45088,39.761417
93.85941,54.816826,41.963722,125.9067,103.83603,94.12089,60.656498,35.594044,28.23745,175.97868,139.11908,124.6741,90.58479,51.86025,40.398396
94.142235,54.643932,41.586323,125.623405,103.584435,94.49971,60.87061,35.36751,28.096167,176.64877,139.11919,124.05079,89.24172,51.476562,39.8081
94.46097,53.845955,41.06539,126.026184,104.27118,93.98053,60.515297,35.65538,27.65936,175.9684,139.01602,124.792755,91.12924,51.44007,39.52
93.11258,53.77112,40.81709,126.26232,103.90127,94.365875,59.81229,34.858047,28.710093,176.03694,140.33661,123.451706,90.73673,51.24601,37.959114
93.744965,54.354843,41.532238,128.4066,105.92739,95.27244,59.015446,34.869717,28.213627,176.17407,139.86725,123.79948,88.804504,51.297565,42.660957
94.44441,54.905094,41.339745,128.40616,105.9965,95.61106,60.334877,35.798584,28.885288,175.64735,139.82668,124.27947,90.215225,50.58968,39.681164
93.822464,54.708054,42.267254,128.23839,106.35012,95.443565,59.57351,35.03273,27.830587,176.90988,140.11238,124.02483,89.96834,51.14938,40.22141
93.73425,54.99784,41.649487,128.40846,106.37834,96.40518,59.813705,35.297993,27.625404,175.80441,139.54274,124.17525,89.978226,51.275894,38.701836
94.00933,54.793373,41.343437,128.61621,106.07024,95.789665,59.97963,35.079903,28.98113,176.18361,140.10597,124.367516,91.5664,51.02493,42.532623
93.45435,54.652428,42.115833,128.9633,106.71642,97.1422,60.292408,35.357166,28.555908,176.4697,139.84871,124.571556,91.322556,51.41483,39.614666
94.08041,54.71452,41.21647,128.59459,106.50861,96.43152,60.24111,35.189613,28.99547,176.61551,139.7573,124.19986,90.38039,50.77859,39.65597
94.66615,54.366253,42.216236,130.02225,106.719894,97.40998,60.155903,35.43604,28.764786,176.15752,139.33606,126.55053,91.25168,51.34151,38.360104
93.66209,54.132114,42.400017,128.63794,107.02515,95.93884,59.62242,35.205746,29.293646,175.90247,139.48433,121.0303,91.37778,51.43757,40.69642
94.61308,55.39419,41.071526,129.02016,106.57278,96.228714,59.859383,35.093426,29.647675,175.19269,140.9211,123.718994,91.56961,51.730167,40.447636
95.27726,55.032307,43.279434,128.68884,106.8207,96.67846,59.480064,35.254597,28.465145,176.51402,140.32806,123.89232,91.22283,51.84265,41.21341
94.13514,55.187126,42.56577,127.333984,105.15874,95.33531,59.91339,35.138344,28.850817,175.97534,140.72116,124.964134,91.51272,51.038883,41.919476
95.22814,55.254692,42.02643,126.97515,105.28887,94.689735,59.64604,34.28027,27.901014,177.49269,140.34924,124.0058,90.1412,52.330666,39.404675
95.55017,55.24743,41.669327,126.77359,105.508644,95.597336,59.774567,34.515568,27.63932,177.80292,139.45526,124.19528,90.379875,51.294758,41.096134
95.0694,55.157394,42.230793,126.63372,104.92876,94.35349,59.564953,34.967438,27.653912,176.37447,139.90715,124.73496,91.47114,52.166115,38.259792
95.469284,55.32847,41.513733,126.91104,105.12076,95.3831,58.688343,35.14175,27.826979,177.05717,140.01529,126.52167,91.781784,51.98116,39.640564
95.13261,54.733017,42.382626,126.742966,104.96261,95.9915,60.06954,34.963543,27.263386,178.40898,140.6254,125.19506,91.39673,51.48078,40.3913
95.75453,55.470573,41.94769,126.52202,104.77374,95.572136,59.875057,34.847427,27.02907,176.68808,141.04901,122.18167,89.61151,51.750893,38.825348
95.8214,55.259975,41.44721,126.044586,104.74959,94.74314,59.363373,34.489487,29.413548,178.22897,140.86597,123.28751,91.22093,52.20736,36.00536
95.96872,55.31915,43.288326,125.58373,105.04635,95.21628,60.106625,34.692387,28.61422,177.0146,140.3683,124.66463,91.868225,50.838528,40.301117
95.84969,55.87332,41.408485,125.77627,104.495415,94.752335,60.009315,34.83506,28.208035,177.25911,141.59332,123.166214,91.76364,51.24268,40.41665
95.92033,55.849213,41.107292,125.850914,104.88622,94.41864,59.725735,35.22741,28.394833,178.45549,141.17928,123.62163,89.80361,51.025078,39.228424
95.90536,55.493874,43.34953,125.31248,104.66722,94.19717,60.373337,35.195137,27.739704,177.09239,141.95491,122.777824,89.793884,52.16588,39.227894
96.223404,55.534912,41.283493,125.23505,104.227,94.304955,60.390823,35.050404,28.046099,177.19327,140.98978,125.82899,91.48085,50.671696,40.035538
97.491425,55.638023,43.20061,128.03432,106.61106,96.32243,60.5347,35.46842,27.201992,179.36203,141.14168,127.75293,90.163414,50.202366,39.950096
97.30278,56.754528,42.182976,127.96413,106.77239,97.63877,60.605904,35.305878,27.094095,177.96213,141.68446,125.91053,91.44342,51.26449,38.061127
97.29107,56.52831,42.983814,127.7017,106.487885,97.17068,60.487923,35.204647,29.065273,177.59328,141.11699,126.403595,90.33287,50.625908,39.04378
97.55993,56.588867,41.74475,127.705,105.03147,94.55439,61.108425,35.03547,27.556839,178.60896,142.26306,123.94345,91.63444,50.312607,40.84279
96.84187,57.143593,42.529762,127.33023,105.17834,95.27264,60.864025,34.96672,29.153347,178.56775,141.48616,125.43783,91.224556,51.965897,40.034515
97.426834,57.417294,41.819984,126.85898,105.73081,94.69584,60.094658,35.610195,28.636753,177.03033,141.5712,124.21306,91.36669,52.205414,38.815144
97.61624,56.422077,43.335705,127.173874,105.87117,94.959724,59.691013,35.322582,29.082945,178.74681,141.76999,125.97223,91.23609,51.481342,39.995255
98.12549,55.96731,42.70216,130.04597,107.67634,96.94388,60.060272,35.261715,29.268671,177.65752,141.3154,124.76172,91.55876,51.41406,40.141888
96.166824,56.683865,41.404896,130.07622,108.109726,97.42725,60.165524,35.445145,28.005136,177.6905,141.45076,124.1152,89.73206,51.883167,40.16069
96.48623,55.678364,42.459957,130.33443,107.334435,98.41965,60.126125,35.366974,27.913004,176.52657,141.44585,123.821556,90.25147,50.872555,40.330387
96.25016,56.38604,43.210266,129.82771,107.618126,97.447975,60.080585,35.060646,29.405523,177.91946,141.67107,124.20398,89.70191,51.316647,40.70691
96.55137,56.02086,43.93759,128.46191,106.63822,95.09591,60.40993,35.40833,28.916605,177.73407,141.48172,124.417496,90.93717,51.520256,39.034756
97.1101,56.163185,42.66038,127.72031,106.57998,96.749016,60.985035,34.95679,29.019646,177.75587,141.34702,124.70627,89.02193,50.28856,39.636623
97.3709,56.168976,41.70851,128.5162,106.24167,97.34986,60.107338,35.16051,29.144444,177.03752,141.79982,123.51434,90.36733,50.35648,39.17892
96.97575,56.34947,43.25582,128.66232,106.529495,96.23772,59.679077,35.320957,28.90759,178.33087,141.63734,125.36283,90.3898,51.257076,38.75279
95.6563,56.15483,40.942394,128.2951,106.39781,96.550156,59.748104,35.349144,29.214907,177.45807,141.15361,126.91958,91.30993,50.581223,40.835728
96.245094,55.886818,43.63121,128.64003,106.89677,95.953384,60.839844,34.600433,29.415842,176.88728,141.40077,126.26879,90.508675,51.49562,38.66843
96.526215,56.087605,42.16869,131.5197,108.79629,99.7842,59.246124,34.531143,27.544985,176.70323,140.77135,124.620995,91.88376,51.057796,41.291256
96.18028,56.058037,43.03459,129.86348,106.22528,97.03049,58.44704,34.336205,28.793116,178.03467,141.8753,125.27501,92.44335,52.3207,39.36808
98.112724,55.639202,44.43057,129.1506,106.49348,95.786934,59.79608,34.63067,27.836185,178.08423,140.59737,124.9767,90.61479,52.194916,39.08657
96.17604,56.4686,42.890057,129.24438,106.63771,96.6111,60.025555,34.258698,28.13215,176.69551,141.36674,126.98914,91.92342,51.957474,39.37195
97.25209,56.012894,42.426113,129.09499,106.680405,95.82801,58.55376,34.431164,27.84465,177.84396,142.02034,124.71497,90.6682,52.17889,38.960484
96.59226,55.55279,43.124866,129.30415,106.53728,95.88293,59.728275,34.720894,26.946974,177.62434,142.18826,125.79537,92.17952,51.626274,40.40152
96.059875,56.55861,41.140373,129.53073,106.62103,95.804665,59.802185,34.323025,28.199257,178.13902,142.30992,124.70043,92.60384,52.804523,39.580208
97.74674,56.10754,43.066635,130.07068,108.35765,97.27801,59.411045,34.433918,27.337395,178.36565,141.81828,126.56262,92.10513,52.646248,40.859543
97.81462,55.56018,41.646126,129.95786,108.59104,97.558586,60.22779,35.013897,29.765308,178.09264,142.05273,125.704475,92.37053,52.212643,38.09417
97.380875,56.60778,42.704735,129.72981,107.84201,96.79115,59.54221,35.48448,28.385859,178.02615,142.56287,127.126816,91.53688,52.674168,39.717133
97.24113,56.95028,42.1142,129.00664,107.99125,96.93628,60.170628,35.21688,27.761763,179.11394,142.30174,126.68252,92.71198,52.341087,40.565254
96.96705,56.698166,41.656555,129.54166,107.79211,97.92949,62.17521,35.616604,29.152067,178.61458,142.0565,128.3488,90.83856,52.13669,40.17054
97.22791,56.837166,43.603104,129.26599,107.56046,97.76227,60.697468,36.357903,28.97687,179.27148,141.71716,127.084435,92.023796,51.26823,40.880287
96.00277,56.199986,41.69868,129.51068,107.012985,97.55642,61.044395,35.906277,28.17359,177.95775,142.04529,124.00154,91.021065,52.8471,40.186237
95.90717,57.044903,43.757393,128.821,107.19111,97.09907,60.264328,35.997803,28.257263,178.17488,141.35843,125.07143,92.64509,51.753464,38.205162
97.01142,56.41613,42.876152,128.91881,107.24099,97.67909,60.720352,35.88284,29.054434,179.08055,141.52672,126.51288,91.782196,51.51411,38.559063
95.93569,56.6935,41.340622,129.96718,107.131615,96.26645,61.467556,35.73654,29.546455,178.02415,141.59883,123.70239,93.04506,52.3021,40.636993
95.620995,56.468273,43.015865,128.89154,107.30565,96.67966,60.10457,35.78484,29.541075,178.30284,140.93904,126.53087,91.99603,51.662403,39.16363
96.18027,55.908813,42.58005,127.49039,105.5299,94.7229,61.242832,36.026863,28.510033,177.26183,140.97998,123.50317,92.34759,51.871967,40.022594
95.628105,55.973877,42.50987,128.26842,105.67318,95.86217,60.6448,35.717636,28.647894,176.56412,141.51974,124.753944,92.17835,51.557133,41.153107
94.207184,55.99391,43.836765,129.86801,107.8412,96.829216,61.425423,35.401733,29.11703,177.75453,141.00647,126.29512,92.270805,52.261745,38.862736
95.109764,55.568512,42.704895,130.44525,107.21537,98.81861,60.406425,35.592915,28.216244,178.01337,142.20663,124.52368,90.90288,51.392174,40.086063
95.40953,56.460903,43.64903,130.02528,107.2777,96.69273,60.67142,35.7359,27.67562,179.13309,142.14594,125.10828,91.68258,51.078304,40.325195
95.31029,56.16854,42.502247,129.99783,107.02997,98.011185,60.32148,35.66756,28.131605,178.9276,141.57077,126.04255,91.7154,51.864803,40.037228
95.51975,56.264687,42.263683,129.5741,107.554695,98.721855,61.63397,35.948376,28.082436,178.2146,141.54391,125.1202,91.91936,51.61507,42.437546
96.39127,55.685265,41.665512,130.63933,107.340225,97.656235,60.563923,35.665333,28.029902,178.33197,141.79593,125.177505,92.92464,51.73918,40.035725
95.46089,55.705753,42.22164,130.14436,107.41553,96.94151,61.22435,35.647415,28.281551,178.16502,141.86421,122.47926,91.10987,51.464745,40.41014
96.42905,55.93467,42.283165,128.37454,106.37455,95.80114,60.364666,35.74752,28.168568,178.40286,142.6965,124.39788,90.758224,52.162437,39.163143
96.36084,55.347828,43.424488,128.16235,106.912254,96.635796,60.105045,35.818222,29.082718,178.43555,142.41426,123.46006,91.35428,51.20494,41.384693
95.16596,56.20862,41.671196,128.66077,106.7036,96.26361,61.34437,35.763847,29.53428,177.79446,141.33102,123.8302,91.53111,53.03197,39.135506
95.54647,55.923588,41.99125,128.6923,106.69338,96.75518,61.268036,35.87624,28.081348,177.08882,138.3931,124.06807,92.167915,52.420265,39.43891
97.29639,55.84993,42.841316,128.71611,106.66558,96.5498,61.352173,35.489536,28.068314,175.85527,138.0103,123.448425,92.65728,52.113247,40.955208
96.41408,56.49193,43.03323,128.91516,106.71355,96.32811,60.34829,35.682568,28.784508,176.53754,139.02583,122.91199,92.42161,52.07786,41.28999
95.909584,56.371773,41.774338,129.24635,106.723404,96.729,60.30799,35.64682,28.051212,176.4558,139.92308,122.35537,91.02451,52.1446,40.439026
96.52381,56.237747,40.97298,128.92426,106.852905,96.73671,59.918346,35.869244,28.943316,177.5765,139.6903,123.78301,90.91725,52.824978,40.87994
96.58003,55.63911,41.866623,128.58847,106.901115,96.09267,61.391365,35.116142,28.902073,177.47368,138.87828,122.187096,90.34892,52.80877,38.575356
97.52573,56.365448,42.07163,129.22029,106.80053,97.00872,61.608448,34.92172,29.655169,175.96094,137.1294,122.71478,91.89894,52.024662,39.416245
97.391754,56.684036,42.00693,130.50555,108.34964,98.63894,60.72846,35.47292,28.741228,174.44716,136.77205,120.7686,92.61677,52.162743,38.562096
96.18015,56.403133,42.320023,131.35974,108.14743,98.58563,60.798805,35.28429,28.575678,174.94162,136.95412,119.97758,91.89501,52.66017,40.762665
96.40125,56.125317,43.25104,130.06207,108.05185,97.5662,61.287678,35.598186,29.458084,175.5609,135.96074,120.20548,92.032074,53.010445,40.313347
96.75597,55.85033,43.064198,130.64626,108.90969,97.45004,60.912945,35.518185,29.279585,175.06805,136.54724,120.658554,92.35965,51.81782,40.997738
96.05209,56.44731,41.106567,131.8282,108.70474,98.3158,61.3078,35.324,28.861288,174.5679,137.51837,119.012474,93.28234,51.710793,38.812115
97.07339,56.41764,42.60486,131.77019,108.910225,98.86264,60.81515,35.270824,29.29783,175.30824,137.26355,119.9142,91.4027,51.32218,40.595917
97.0592,56.33763,43.363205,131.687,108.782166,98.76835,60.828106,35.509052,28.82362,175.89224,136.90588,119.938034,92.58665,51.596,42.404438
96.81354,56.347504,41.959602,130.62769,108.45022,98.18427,60.463963,35.702225,28.46658,174.68959,137.20207,123.25312,91.38921,51.992775,40.90515
96.048004,56.885746,42.169167,131.17584,108.48544,96.954544,60.583813,35.85902,27.909433,175.62259,137.31021,120.48432,92.22712,52.092766,38.150253
97.457306,56.4043,41.9759,131.20677,108.86976,97.66368,60.57757,35.625183,28.689611,174.78185,135.08917,119.2247,92.272064,51.190228,39.887722
97.58704,56.303185,42.91203,130.94489,108.64245,97.709526,61.73125,35.27645,28.89646,173.57237,134.39053,117.6064,92.025696,51.64395,41.37583
97.146416,56.471584,43.090225,130.51411,108.44576,98.24901,61.51892,35.517033,27.460133,172.93402,134.68854,117.63359,93.36629,50.78767,41.19386
96.56982,56.78558,41.625286,130.49557,108.33904,98.12628,61.014904,35.510647,29.048037,173.88846,135.14081,120.39702,91.88527,50.963078,41.739548
96.425186,57.031208,42.546246,131.44247,108.52155,97.43727,60.601295,35.800552,28.670525,174.19281,135.99422,118.4068,91.7027,51.19567,41.459545
97.205376,56.562103,42.157475,131.00058,108.8818,97.695595,61.253014,35.685417,29.33558,174.40652,136.34578,118.466,91.897514,51.527077,39.83718
96.681015,56.450325,43.246185,130.31717,108.81126,97.66697,61.371956,36.141563,28.789948,174.54413,135.99013,119.75154,91.35386,51.58592,40.24323
96.93937,56.47333,42.70955,130.68948,108.58447,97.31686,61.258675,35.47761,28.993002,174.30234,136.73036,119.387924,91.1605,50.94043,41.97377
96.61367,55.948547,43.787563,130.89508,108.65764,97.314835,60.79549,35.94629,29.27423,174.87404,136.32465,120.58106,90.46259,51.288563,39.518215
96.967926,56.249756,41.773533,130.55765,108.660736,98.987114,61.312824,36.171734,29.330578,174.76965,135.55653,120.13204,89.82149,52.097954,40.63643
95.88819,57.552334,46.516182,87.56973,60.386272,53.13584,60.31606,35.097904,31.30148,177.36726,132.7252,118.164505,103.60034,58.978764,45.138195
96.16376,57.80035,47.291832,87.51578,60.900307,54.726513,59.06589,35.27475,32.1298,176.24413,133.56625,120.976135,106.64202,58.880592,46.7757
95.66447,58.349503,48.20884,87.91094,60.998272,54.165527,59.93579,35.01562,32.13602,176.4733,134.34962,122.975624,105.212715,58.584137,44.997086
97.12195,57.745842,47.678947,87.50108,60.50978,54.085896,59.318295,35.899315,30.82933,175.2148,132.44911,121.049736,105.68857,58.974102,45.496655
102.19349,62.772175,50.768112,102.066826,72.705795,64.14804,65.957016,38.68051,32.993435,183.50858,141.36081,127.54345,106.897575,60.11751,46.38436
107.44344,66.02933,51.801964,112.35997,81.14524,72.61507,70.169815,41.33862,33.407433,184.49681,144.53032,129.18413,107.72045,61.240147,47.909042
110.31294,68.41636,55.769436,118.90986,86.79188,76.84388,72.78265,42.430298,35.820015,186.13013,145.60791,131.7867,110.67991,62.258522,47.87842
113.73257,71.12545,55.753826,121.74576,90.68993,78.109436,73.10414,43.148193,35.63529,186.04008,147.53615,131.54698,111.444855,63.192543,48.692436
116.04246,73.19748,57.535107,124.96284,92.65953,79.80754,73.054115,43.348446,34.311478,186.66307,147.33167,133.85645,112.35754,63.55199,49.40549
120.48512,74.905235,60.1346,124.92389,92.86026,79.83014,72.882835,43.11033,35.10002,187.34256,147.34465,132.53409,112.60245,64.2049,48.8745
121.413475,77.34965,59.83843,125.18198,93.28733,82.24866,72.861626,42.834156,35.8997,187.2981,148.27908,133.72832,113.17524,65.04235,48.28621
124.391045,79.28929,61.50755,124.81885,92.93512,81.57283,74.18552,43.64017,37.21266,187.71727,148.73734,132.4421,112.67745,64.279236,52.92928
125.03991,80.10992,63.99071,123.781334,92.58399,81.02324,74.49362,43.943794,36.18249,186.51959,147.8737,135.95222,112.04608,64.59946,49.34888
125.65423,81.35377,63.70887,123.30483,92.42103,80.705864,74.25202,43.378403,35.154594,186.3929,147.26552,133.44829,112.41214,64.592445,50.198975
127.49398,82.29349,64.45588,123.73809,92.32933,80.24025,74.82946,43.451714,35.732506,186.54634,147.8809,134.36295,112.99024,65.08224,48.164604
128.67389,83.2973,63.99692,123.04935,92.26685,80.54179,74.90269,44.255947,36.32833,185.79456,147.43144,133.003,111.4637,64.521576,49.84645
128.59775,82.879776,65.71257,121.77516,92.14609,80.811584,75.76363,44.542862,35.299973,185.6739,148.05429,131.63931,112.701126,64.32949,50.473236
128.86845,83.11402,64.53278,122.33876,91.90591,82.01403,75.75955,44.21528,34.871822,185.6733,147.66763,134.90683,111.88159,65.2218,50.292545
129.6429,83.32589,66.241234,122.7601,93.051765,81.82995,75.08072,43.978027,36.11502,185.49155,148.19994,132.77661,112.71819,64.23986,51.782433
129.14258,83.28406,65.18693,124.228096,93.68534,82.36898,74.085144,43.40411,35.137108,185.93149,148.18962,133.44673,112.937225,65.45708,48.559837
128.45605,83.16374,65.1081,124.72239,94.069016,82.68508,73.52407,42.9655,34.970787,186.33603,148.57455,133.48119,112.06922,66.38696,49.05819
128.29117,82.84958,65.15664,125.804405,94.19022,83.30933,72.72541,42.472935,33.729877,186.0142,148.28764,133.3225,113.75265,65.520546,50.811222
128.90158,82.80484,64.096,125.595634,93.97474,83.183586,72.87873,42.60332,36.09694,187.14413,147.24365,134.75816,112.164215,65.69321,49.963478
128.84698,82.917946,65.93387,123.78499,93.254074,81.18261,72.12252,42.412395,35.31037,185.20665,148.49144,133.13605,112.60076,65.70864,49.31125
127.94323,82.534584,65.10176,123.68233,93.01803,81.80812,72.59591,42.473446,34.785717,185.4129,147.99847,133.09254,112.41751,64.69665,49.861813
128.4452,82.06512,65.0244,123.96077,93.47132,82.19561,72.397194,42.401974,34.0761,186.05884,147.15424,134.50076,111.99596,64.42005,47.99393
127.64561,82.02561,64.13093,123.72441,93.647095,81.58577,72.10622,42.345867,35.600677,185.79828,147.47496,132.97357,111.466644,65.14143,47.136467
127.83676,81.62254,66.35464,122.62252,92.57159,80.96307,74.04769,43.743332,35.177975,185.83185,147.55028,132.10762,111.481316,65.32512,49.43516
127.27172,81.92822,64.61949,122.903984,93.08441,81.59949,74.25301,43.072876,35.18945,186.48763,147.17113,132.7774,112.05343,64.372086,46.996117
127.278244,82.27288,63.88957,123.81502,93.78386,81.369896,72.90938,43.13708,35.363457,185.79213,147.4089,134.2821,113.477196,65.30826,48.976467
127.240715,82.482895,64.06072,124.58718,93.64386,82.60931,73.30553,42.320507,34.975998,186.46835,147.37596,133.96689,112.05545,64.624855,49.952446
127.924934,82.01818,64.89113,124.88645,93.77494,82.71966,72.31331,42.089752,35.10979,185.26396,148.24867,133.74687,112.22846,64.766266,49.10824
127.09374,81.75265,63.80349,125.15394,93.91622,83.75515,71.30953,42.114162,34.227703,186.01329,147.7589,132.53444,111.51859,65.44966,47.974304
126.01738,81.450485,63.397285,124.29098,94.082634,83.07997,71.79924,41.73241,35.121895,185.20686,148.39856,132.56358,112.26673,64.273796,51.045483
126.36299,81.72249,63.412727,123.940674,92.93805,81.25518,72.59547,42.15231,35.56516,185.39568,147.31573,132.4803,112.10482,65.17012,51.214737
126.76455,81.47702,64.16623,123.20543,93.32503,80.71059,72.817986,42.625153,34.365627,185.59216,146.9545,131.2085,111.08965,65.10623,48.799458
125.60931,81.02262,62.641182,123.730804,93.49716,80.7094,72.35537,41.663197,34.96596,185.9015,147.06708,132.65405,113.06425,64.90556,50.63648
125.52044,80.72343,63.404953,124.08146,94.13996,81.49012,71.208534,41.41422,33.94463,185.67125,147.56438,130.92195,111.940956,64.24521,52.314873
125.32581,79.913506,63.542393,124.567825,93.68757,82.25544,71.42291,42.03904,34.289898,185.44041,147.57716,132.57057,112.56391,64.85729,49.29045
125.23853,79.82947,63.488556,123.88686,93.14706,81.94798,71.91607,41.88947,33.19986,185.54309,147.08109,132.65796,112.34181,64.47291,49.316982
124.262215,79.90341,63.17593,123.56087,93.15651,82.20662,72.55096,42.498833,34.909443,186.15466,146.41779,132.58588,111.109245,64.533585,48.861416
124.274826,80.44878,62.55861,122.22747,92.60971,80.639435,72.37399,42.847263,35.256042,185.54431,146.26923,131.06367,111.917496,63.67151,49.27144
125.22731,81.06876,63.39215,121.78301,91.517784,80.70478,73.22048,42.968994,35.56179,185.307,145.99908,130.8012,111.68461,64.4638,47.745045
124.97342,80.34323,63.177567,120.64894,90.7422,80.20758,74.267944,44.2981,36.355865,184.29005,145.8572,131.2773,110.062675,63.776184,48.10619
123.97972,80.12169,62.851074,120.21878,90.667435,79.439316,73.98528,44.74614,35.96027,184.59047,145.40218,129.79295,110.81689,64.48633,47.157463
123.60365,79.99266,64.16292,119.71193,90.31174,79.76459,75.170105,44.379738,36.537262,184.1612,144.83592,130.75336,110.38473,62.827606,48.46685
123.79052,79.60591,63.652782,119.74737,90.42273,78.764946,75.361084,44.521935,36.403378,185.0554,145.38396,130.89294,109.89227,63.525227,48.655922
124.51135,79.457535,64.99357,118.99671,89.75114,79.22061,73.830826,44.655666,36.487434,184.1126,145.68907,130.83658,110.89872,64.07862,49.328354
124.355194,80.06257,63.084618,119.89427,91.18932,79.297676,74.33323,43.934807,36.042244,185.24077,145.67822,130.88469,111.2811,63.50852,47.10595
124.63084,80.25298,63.30149,121.36648,90.47847,80.545586,72.83902,43.422234,33.797367,185.7923,145.2241,130.67882,110.7312,63.7465,48.943943
123.60424,80.18164,63.290024,121.39612,91.035515,79.654236,73.23191,43.210587,35.004837,185.01643,146.06616,132.34328,111.42659,63.4453,51.11812
124.24038,79.930115,62.42586,121.23871,91.179405,79.95923,73.13423,43.018677,35.33239,185.47931,145.94397,132.52698,110.69729,63.46553,50.54285
124.31947,80.102776,62.868553,121.572624,92.03683,80.029465,72.87312,43.272503,34.907894,185.65344,147.00911,131.17436,112.13086,63.897987,48.353786
125.01696,79.738495,62.86302,121.0935,91.53381,80.08668,73.007515,43.143658,35.51054,185.27266,147.02548,131.69371,111.83551,63.91579,48.991444
123.95863,80.33336,63.665577,121.16804,91.2509,80.00799,72.785164,43.493137,34.75142,184.88736,146.6911,129.97383,110.416916,64.071495,48.953545
124.800064,80.28276,63.83545,121.59568,91.10235,80.03554,73.545975,43.362473,35.21667,184.84433,147.6499,130.92348,110.79483,63.80464,48.746735
123.92799,79.70534,63.67485,121.37305,91.247734,80.92052,74.03877,43.415398,35.764194,184.5499,146.61922,132.06949,110.59149,64.287224,48.859066
123.8908,79.85249,61.916065,121.89641,91.96444,79.61383,72.3743,43.293503,34.48712,184.81783,147.36812,129.41917,111.097275,63.320377,50.008007
123.71441,80.27371,62.113586,122.12628,91.85936,79.30334,72.85018,42.56557,35.083492,185.44762,146.48055,131.87451,112.28802,63.86725,47.75684
124.37368,79.92418,63.64596,122.074165,91.72697,80.99266,71.58052,42.893475,34.786858,184.90215,147.53076,131.9313,111.26799,64.14602,48.95159
124.054565,80.733536,61.637527,122.51594,92.23413,81.35096,71.566765,42.53621,35.47074,185.23973,146.66139,132.45963,110.725586,63.68882,51.70253
125.12928,80.13464,65.04742,122.31828,91.94237,81.11984,70.09256,41.29808,34.904846,185.7771,146.71518,132.04668,111.820404,64.57837,48.867188
125.50013,80.646935,63.29202,122.57335,92.10136,80.2426,69.92215,41.550465,35.17583,185.20413,146.94487,134.60211,110.97707,65.00973,48.713806
126.56366,81.298294,62.962982,121.92763,91.993835,80.092804,70.030685,41.88299,35.11673,185.9366,147.46585,132.51744,111.335075,65.386444,46.180992
125.57965,81.085915,64.37947,122.300224,91.818275,79.93452,72.02524,42.55652,35.886475,185.03815,147.29495,132.00308,112.068855,64.55386,48.75406
125.686714,80.948875,63.885445,121.19805,91.12232,79.67911,72.22712,42.212414,34.363663,185.5628,147.29118,132.27902,112.07991,64.9262,49.353508
126.12168,81.54481,64.41505,120.82154,91.76093,79.23,71.377075,42.24572,34.4986,184.7841,147.26585,132.33191,111.22857,65.48691,48.76876
125.905846,82.03795,65.04604,120.1748,91.821785,80.21474,71.02355,42.220966,34.13034,185.75871,147.36653,131.61465,112.22222,65.42488,49.329517
127.13752,81.95926,64.4639,121.09538,91.305725,80.50074,71.92286,41.919964,35.02286,185.67941,147.06131,132.48097,111.7119,64.45495,50.094692
125.846725,82.16333,64.51827,120.84284,91.69975,80.25132,72.05602,42.07194,34.554993,185.66435,148.14816,132.79362,113.56024,64.31611,50.528725
127.49342,82.52281,65.005165,120.94397,91.64165,80.49439,71.9655,43.130573,34.324203,185.73882,148.11089,133.05643,112.83228,65.04464,48.962112
127.48271,82.52361,64.27153,119.82528,91.26772,80.27643,73.19648,43.405025,34.46558,185.26768,147.73221,133.29045,112.46261,65.85083,49.155636
127.56271,82.82431,65.042145,120.48756,91.83809,79.79444,73.00469,43.334232,35.42762,184.50769,148.37741,131.38641,111.896805,65.13256,49.360996
127.74728,83.241974,64.36655,119.29095,90.75089,79.4442,73.03244,42.94432,35.340347,185.13489,148.03152,132.46063,112.66767,64.630844,50.11239
126.86168,82.8513,66.42001,119.684715,90.584114,79.23298,72.39266,42.97194,35.524746,184.69403,147.9492,133.44022,112.40101,64.989,49.575283
126.857574,82.62087,64.88256,121.3253,91.039085,79.706055,72.830215,43.04888,35.162807,185.39865,148.20743,131.35399,112.26982,64.72879,51.574356
126.85844,81.965576,64.49984,121.926094,92.23856,80.37671,71.7016,42.179333,34.80966,186.17564,148.48846,132.82852,112.3822,66.07211,49.919724
126.56484,81.61749,64.271675,122.65098,92.57882,80.145996,70.23749,41.429092,35.052246,186.55653,149.02736,132.74554,113.18688,65.32439,54.507744
127.2549,81.306915,64.560265,122.191315,92.6464,81.03113,70.112785,41.36389,33.775333,186.49995,148.17255,132.90689,112.92777,66.50269,50.31606
127.65759,82.33878,64.27568,122.120575,92.345184,80.63678,70.28129,40.983868,33.6976,185.72063,147.95668,134.27095,111.926926,66.28426,50.417953
128.2605,82.80136,65.1677,122.17088,92.07995,80.43651,70.82203,41.398922,33.19756,184.97339,148.33504,132.53032,111.678345,65.69392,50.675022
128.86255,84.031715,66.11498,121.62444,92.05868,80.525154,70.78782,42.59197,34.50603,185.35892,147.5714,134.50241,113.225586,66.4366,47.484985
128.93692,83.98359,65.89411,119.63046,91.00158,80.044174,72.00716,42.775944,36.113094,185.87053,148.16408,133.67505,113.179054,65.28604,50.55525
128.20416,83.99703,64.820114,120.74076,91.23597,80.453995,71.46625,42.843315,34.705917,185.66779,148.40723,134.5216,112.75889,66.3443,49.511242
127.930016,83.59522,65.867065,121.34635,91.81792,81.18553,71.34247,41.981373,34.913017,185.63611,148.3104,133.8848,113.224144,66.23515,49.841183
129.14076,83.44636,65.62732,121.53183,92.495964,80.36384,70.49127,41.785843,33.62727,185.94888,148.36691,135.01056,112.48283,66.57723,48.9847
129.83846,84.17607,66.48166,120.45132,91.26935,81.0893,71.22637,41.69052,33.214897,184.386,148.00856,134.12068,112.549416,66.56841,49.799355
130.45619,84.74055,66.997444,120.72617,91.20213,80.62817,69.572426,41.66525,34.203228,186.13142,148.7431,133.24763,112.00862,66.74655,49.964462
130.50916,85.19037,67.02941,120.80355,91.450455,79.232475,71.224686,42.50536,34.3282,185.41963,148.33882,132.79272,113.76425,66.04325,50.279312
130.09724,85.29592,67.3609,120.50609,91.09709,79.83689,71.50417,42.466457,33.38343,186.35406,148.73412,135.98204,113.06638,66.32122,50.658493
130.3978,84.839806,67.59234,120.79422,91.27085,79.96498,71.19146,42.03767,35.479813,185.40341,148.0627,134.22711,112.72004,66.84943,48.818054
129.834,84.52206,64.93597,121.433105,91.32466,79.62632,72.306305,41.88859,35.302593,185.85028,148.25374,133.04877,114.27469,66.00681,51.404408
129.76018,84.40006,65.93584,120.71458,91.01133,80.46437,72.76625,43.198196,35.213154,184.73576,148.19675,133.56244,113.95142,66.94839,49.866524
130.39658,84.4128,66.64901,121.155304,91.35359,79.748375,72.88334,43.595325,35.45555,183.78157,147.3793,131.69385,113.61037,66.15143,50.260715
130.29404,84.71471,66.951485,119.93949,91.164925,79.71369,72.699524,42.976257,34.791576,184.7064,147.63988,134.32976,113.18032,66.91692,51.1351
130.21603,84.8468,65.76539,119.45923,91.122604,79.38704,72.510704,42.78737,35.09905,185.21947,147.65498,132.68318,112.640755,66.3807,50.116196
130.80145,85.29123,66.55518,120.36155,90.953705,79.781,71.41742,42.24474,35.551876,185.88283,148.53119,134.83177,115.20393,66.62315,51.10356
130.92386,85.81978,66.77984,119.43669,91.09522,79.816956,71.142876,42.707466,34.162987,185.19333,149.0376,133.44104,114.39151,66.832344,50.52276
130.82068,85.642944,67.837524,120.19245,90.70656,80.86069,71.170395,42.827904,34.906277,185.2414,148.2971,134.35405,114.00032,66.791794,49.68948
131.53973,86.29613,66.84391,119.70218,90.497856,80.48898,71.477394,42.528454,34.686287,185.62424,148.81252,133.08096,112.95208,65.80557,50.246204
130.8783,86.32091,66.93953,119.85196,91.083015,79.02844,73.38695,42.980362,34.91424,185.58804,148.34814,132.96568,113.48223,65.17883,50.756054
130.8036,84.985275,67.53632,120.27557,90.99777,79.8871,72.902016,42.979977,34.72301,185.41211,148.42828,133.21722,112.97335,66.51415,51.285877
129.61296,84.86138,67.41511,120.48504,90.91705,80.55126,72.521126,43.198246,34.225784,185.25377,148.45702,133.58057,112.60465,67.05353,49.60622
129.59183,85.14277,66.863686,119.58333,90.700836,77.04401,72.4739,42.56887,35.251114,185.23933,148.0833,132.75073,113.59272,66.403,51.27842
130.93698,85.35084,65.26555,120.19824,90.83098,79.588104,71.668175,42.27362,34.442146,184.87679,148.67377,132.7633,112.68351,66.61139,49.72007
130.64122,85.38495,67.52691,120.209,91.16374,79.538704,71.193756,42.342712,33.846516,185.7284,148.28969,133.28896,113.55124,67.04065,49.528553
130.11044,84.818726,67.1483,121.44133,91.15341,80.069595,70.33252,41.721992,33.865253,185.54965,148.96716,133.17715,113.054565,66.90812,51.189346
130.55006,84.73189,66.178116,120.916885,91.49878,80.12183,70.84083,42.29484,35.395283,185.6008,148.83554,135.5827,113.900734,66.70238,49.062542
131.24069,85.15727,66.108444,120.326004,91.14359,79.66566,70.65518,42.35694,34.807735,185.334,148.30727,133.4035,114.65248,67.0606,50.00688
131.00653,86.16412,66.4513,120.45002,91.20518,79.77844,71.31616,42.879276,35.82494,186.04108,147.86235,132.98631,114.79994,66.7895,50.283577
131.27386,85.40396,66.315384,118.14691,89.65758,79.61891,72.466805,42.920135,34.806858,185.2289,148.57072,132.96542,113.54867,66.40658,50.742847
130.51071,85.2411,67.652145,117.06085,89.506,79.05933,73.8877,43.906693,35.037407,186.13048,148.42697,133.26173,112.93275,66.04793,51.14655
130.0819,84.95259,66.28624,117.786476,89.74055,77.919205,73.82095,44.134426,35.03405,185.30992,148.24495,133.13708,113.60155,67.11877,50.0945
130.78395,85.6644,66.92259,119.97504,90.28206,78.7075,74.42781,43.61047,36.92243,186.37686,148.05396,132.47823,113.22482,66.06252,50.40726
130.89967,85.21655,67.78523,119.253944,90.63197,79.76887,73.873924,44.247997,36.12825,184.53853,147.312,135.17703,113.70154,66.45687,50.565254
131.91061,85.933716,67.92021,120.49311,90.3604,79.649254,73.73706,44.10129,35.37365,185.41547,148.47021,133.41681,112.85941,66.75597,49.898605
130.88513,86.22261,66.34776,119.31914,90.80487,78.43975,73.99361,44.121742,35.446358,185.53806,147.80716,134.29628,113.69354,66.22681,51.183308
131.31071,85.6211,66.569496,120.02398,90.61783,79.24079,73.48812,44.23485,34.692226,186.45514,147.92427,133.41719,114.13313,66.622246,49.851707
130.83554,85.52023,65.56812,121.03768,91.72546,79.606834,73.02018,43.51631,35.6398,184.64735,149.24062,132.8605,114.09734,67.078,50.606052
130.75847,85.19483,65.62214,121.2665,91.64702,79.923874,71.57816,42.619778,35.604725,184.77373,148.35208,134.10751,113.598785,67.4915,50.92426
130.41931,85.69617,66.879074,122.185326,91.6853,81.024155,71.95646,42.466755,35.08825,185.17677,148.89404,134.23872,113.611374,67.45628,50.662643
130.38338,85.8164,66.488815,120.94613,92.143005,80.07202,71.97898,42.27798,35.73066,185.23425,149.27205,130.97926,113.6325,67.177666,49.24117
131.15657,85.048355,66.881744,121.1036,91.86042,79.30694,71.60543,43.086094,34.489227,186.20749,148.44627,133.40276,112.70348,67.36627,49.762478
130.4012,84.87225,66.91113,121.134125,91.40224,80.77033,72.35552,42.794823,33.424984,185.17613,148.53291,133.16144,114.28163,66.921,50.075485
130.6541,84.77752,66.2799,120.681076,91.28817,78.631615,72.61974,42.972187,33.62106,185.53488,148.89568,132.61687,112.94143,67.44394,50.2203
130.44518,85.289185,65.53507,118.61643,89.52817,78.61682,72.53523,42.712246,34.724037,185.62633,148.77812,132.64192,114.83685,67.22057,49.996254
130.57562,85.38076,66.37622,119.2171,90.00763,77.791214,72.0355,43.200397,33.860744,185.17146,147.75659,133.43161,115.04722,66.704605,49.506584
130.29398,84.403366,66.24382,119.58773,90.05038,77.79774,72.45795,42.227455,34.843895,185.4452,148.74268,133.61871,113.785576,66.811615,49.272896
130.20009,84.69247,67.357086,119.141846,90.29389,78.37117,72.50937,43.015133,34.513226,185.65912,148.6157,132.67796,114.389496,67.20854,49.82492
130.58858,84.65749,68.42748,120.07859,90.17337,77.869064,72.52637,42.467052,34.689045,186.3194,148.72707,134.85475,115.82063,67.20908,49.83702
129.79887,85.77862,65.71537,119.54045,89.97626,78.89938,72.564606,42.559273,35.588,184.80765,148.7737,132.24516,114.73024,67.47989,50.145836
130.34439,85.69107,67.02869,118.86411,89.73336,79.28925,73.50964,43.12922,34.295116,184.94861,148.1078,133.599,114.590576,66.908844,48.239883
130.62701,85.23086,67.75207,120.40686,90.96588,80.36764,72.817314,43.677544,34.674557,185.23018,148.40186,132.35365,113.96946,66.5179,50.39832
129.95128,85.50377,66.368195,120.034134,91.76462,78.555855,72.83847,43.025227,36.101055,185.20714,148.73946,132.7325,114.06336,66.80284,49.726337
131.11546,85.23681,66.71697,120.08758,91.39052,79.864204,72.06783,43.412487,34.61216,185.13872,149.02074,133.33176,113.53784,67.47439,49.350838
129.84497,85.2533,67.00188,119.86028,90.89437,78.655914,73.41887,43.75887,35.657494,184.53188,148.23848,132.88167,113.84815,67.03559,47.87397
129.71777,84.751045,68.08373,119.67532,90.5496,80.07781,73.12417,44.007553,35.398277,184.77632,147.96136,133.22404,113.39838,67.130226,49.30665
129.82173,85.66002,66.64544,119.58019,90.11091,79.1477,73.69793,43.64736,36.081173,185.13388,147.74243,133.93892,113.4442,66.22552,49.204247
130.15677,84.94528,66.89895,119.89314,90.614075,79.59487,74.54014,43.75173,35.644947,185.27129,148.03342,132.2902,114.025406,66.49346,49.947422
130.02997,84.60488,66.852005,119.59558,90.64135,79.920166,73.53476,43.863464,35.316746,185.2509,147.64044,134.15706,113.565094,65.77891,50.283432
130.09857,84.7859,66.796036,120.25245,91.00788,80.31468,73.50087,43.610542,35.961273,184.51852,148.52937,133.1191,112.98084,65.82159,49.767647
129.18147,84.88128,65.90901,120.72374,90.65807,80.75188,73.43479,43.326115,36.313362,185.35449,147.46623,132.64381,113.67247,65.97062,49.152706
129.34361,84.5407,66.370544,120.13293,90.8081,81.31157,73.31515,43.611614,35.467594,185.71188,147.94536,134.23427,113.21503,66.17161,50.458412
130.35533,84.53785,66.84594,121.31512,91.17608,79.641075,73.27165,43.73962,35.949764,184.93445,148.41577,132.76727,113.122444,65.38152,50.73679
130.69913,84.55118,66.546074,120.73481,90.31306,79.2053,74.04026,44.053352,36.110653,184.80948,148.24883,133.13763,113.32123,66.1585,48.664646
129.98415,84.53262,66.40401,119.77275,90.51307,79.72322,74.093956,43.95521,35.211018,184.30983,147.60641,132.41829,113.171814,64.84572,50.489452
128.7694,84.66788,65.62927,120.341194,90.86161,79.58663,73.49143,44.210663,35.13949,185.5676,147.97343,133.29805,112.995316,65.26349,50.248257
129.28824,84.25163,65.68983,120.67645,91.70986,78.89372,74.20851,43.46866,35.457977,185.39972,147.24423,134.73341,112.6689,65.941956,49.882133
129.11833,83.356964,66.6929,120.89673,91.4867,80.5475,73.39201,43.213394,35.7745,185.67857,148.5141,131.8779,112.27702,65.46844,50.007797
127.45759,82.67422,65.57287,120.80257,92.07889,80.83599,73.114235,43.452938,35.910122,185.6698,147.96222,135.37605,113.29295,65.563866,49.941277
127.92871,82.67284,64.4595,121.68645,92.0453,79.957184,71.939384,43.399113,35.327744,185.05135,147.72012,132.64159,113.79118,65.621704,49.798218
127.385376,82.25742,65.32258,122.31224,91.77624,81.25068,73.58146,43.545124,35.09499,184.81133,147.98376,131.62827,111.71115,66.1776,47.38466
127.109634,82.298676,64.24601,120.91712,92.214134,79.63271,73.10323,43.101532,35.858852,184.89409,147.33707,132.71376,113.40315,65.5748,49.23603
126.32128,81.87957,65.53915,119.91982,90.43029,78.9234,72.95742,43.003735,35.322117,184.77742,147.8305,133.74052,113.491425,65.9511,48.66477
126.95061,82.79752,64.0162,119.40785,90.824905,78.66729,72.51321,42.927788,36.12919,184.7392,148.55127,132.54854,113.22314,65.73527,49.294407
126.61977,82.995895,63.597492,121.09616,91.07567,79.107666,72.034836,42.945595,35.31035,185.90254,148.02332,133.09923,113.16347,65.84464,51.247356
126.26289,81.96917,65.869545,121.126274,91.348404,79.21125,70.38773,42.301216,34.70299,185.88457,148.20181,132.84001,112.60612,65.75785,47.554604
127.23356,82.256226,64.943275,120.50084,91.216125,79.11566,71.68525,42.077217,34.838844,185.2019,148.17465,133.50903,113.632454,65.64873,49.261658
127.18499,82.45731,64.4229,120.62923,91.63316,80.02205,71.26251,41.565163,34.94759,185.54785,148.29485,132.85242,112.60448,66.07847,49.73219
126.766365,81.898994,63.4357,120.06595,91.178246,79.36815,71.578804,41.98984,34.83973,185.32805,147.36447,133.59557,113.494255,65.92355,48.627785
126.76768,81.35873,64.221535,121.84198,91.38301,79.516914,71.73338,42.514637,35.009354,184.78758,147.58575,131.69821,112.92303,65.437546,48.62048
126.35951,81.5534,64.59713,119.62376,89.924034,78.41603,72.4874,43.46219,34.85592,185.78146,147.74695,132.7995,111.517265,65.342476,49.36006
125.75018,81.50493,63.386616,119.15548,89.73524,78.47234,72.974556,42.813046,34.849712,185.14934,148.07545,132.76593,110.65475,65.36674,47.200363
125.13654,80.8656,62.648014,119.36182,90.385605,78.63899,73.02291,42.69707,35.35288,185.48738,147.37665,133.38365,111.144394,64.748726,47.704376
126.16578,80.69612,63.067474,119.59278,90.20543,78.04895,72.125946,43.156334,35.234276,184.78337,146.25035,131.2929,111.62882,64.373245,50.127888
125.31486,80.84286,63.70703,119.38133,89.866264,78.55673,72.13599,43.640224,34.505466,184.16663,146.98524,130.08191,110.87237,65.05987,48.216106
125.74804,81.155525,63.32766,119.418175,90.28466,77.49276,72.87928,43.381996,35.090935,184.74588,147.59239,132.28304,111.6229,64.20141,49.987278
125.43154,80.34016,64.96271,120.4603,91.17995,79.56707,72.15732,43.372498,34.588737,185.42165,147.38826,133.73317,111.561195,65.05814,47.87301
125.41491,80.59068,62.893555,118.37014,89.72214,78.52036,73.032,42.817257,35.25225,185.26755,146.88574,135.01994,111.65762,65.07093,48.665474
126.03059,81.40718,63.59371,118.77652,89.40365,79.3345,71.541275,43.03033,34.287685,184.75653,146.85884,133.32466,110.937294,65.260086,48.37967
125.95114,81.82016,63.891754,118.146416,89.97376,77.78452,72.63963,42.97103,35.269768,183.87965,147.73862,130.10129,111.49087,64.919075,49.53458
126.31623,81.39775,63.69416,117.97059,89.157265,78.43631,72.35962,42.87158,34.393024,184.23167,147.81662,132.32278,110.48292,65.37883,48.914806
127.26909,82.419426,64.63791,118.34879,89.36902,77.463326,73.06064,43.385685,35.702072,184.97917,147.97438,131.10234,112.01507,65.07081,49.557957
126.76946,82.016335,64.48409,117.09781,89.30692,78.55568,72.77435,43.286167,35.465073,184.85516,146.94092,132.88165,111.26823,64.77921,48.26964
126.46371,82.370514,63.934895,116.66587,88.890915,77.41443,72.7469,43.553818,35.313057,184.15938,147.16278,132.3086,112.339806,65.04487,48.221325
126.68849,82.54032,64.57234,116.270744,88.2288,78.92097,73.738434,43.59707,36.74919,184.90802,146.85667,130.80405,110.94818,64.09018,50.26949
126.862175,82.491234,64.338684,116.16516,88.53954,76.92897,72.78365,43.947506,34.89251,184.70718,146.58759,131.99858,110.9731,64.40421,48.263557
126.9513,82.64938,63.056664,117.04682,88.531624,77.92795,73.137,43.481396,36.688442,184.75705,146.89453,132.30972,111.77809,64.44355,47.497566
126.701614,81.91695,65.08448,116.72383,89.40067,77.085175,72.998344,42.88093,35.989082,184.41426,147.29561,133.28253,112.33611,64.463264,48.945652
126.75401,82.1243,63.435345,115.74362,88.99911,75.63628,73.22726,43.20355,35.35411,185.17506,147.31117,131.24832,111.15855,64.23214,48.44428
127.068985,81.444534,66.19374,115.93477,88.602806,76.97971,73.33333,43.70368,34.821346,184.46751,147.12167,130.27374,111.94159,64.69653,50.025326
125.88881,81.79762,63.803123,116.429596,88.42571,76.965096,73.584236,44.210598,35.05988,184.6256,147.2304,131.3356,111.144,64.73147,50.296658
125.945595,81.09305,63.385204,116.70872,88.012634,76.287,73.04817,43.891624,35.3208,185.3597,146.45673,131.67702,111.58548,64.333954,48.79844
126.58791,81.742096,64.109955,117.584076,89.20912,77.0784,72.83097,44.04572,35.333855,184.55031,146.40057,132.18188,111.79563,65.377754,49.01618
126.627975,82.37498,64.39608,117.43156,88.573395,77.72992,73.373924,43.778244,36.02766,183.93611,146.77441,131.56273,111.94418,64.85053,48.19084
126.78508,81.55612,65.715225,117.43689,88.75294,78.327934,73.4405,43.527576,35.915966,183.89217,147.4651,130.30336,112.25879,64.91455,48.860256
126.03223,81.70045,64.17656,117.63804,88.6102,77.298805,72.54264,43.79262,35.716206,185.08092,146.87842,130.98676,110.99127,64.46883,47.089252
126.33406,81.58004,63.552647,117.51644,88.601265,77.23415,73.60331,44.01612,36.525505,184.61807,146.86494,130.21509,111.72968,65.201324,47.760258
126.922585,82.138954,64.56967,117.29066,88.7851,77.05627,74.157425,43.84123,35.922543,184.15154,147.06206,132.77765,112.199165,64.415405,48.31836
126.58591,82.12311,63.925064,117.27723,88.70956,76.568504,72.576996,43.64564,35.071285,185.33731,147.09467,132.3083,111.6764,64.94738,47.946617
126.27571,81.99393,64.433624,116.56254,88.34547,77.2479,72.65989,44.051693,35.159336,184.94025,147.0055,131.95605,111.68978,64.01292,49.547523
127.29625,82.645935,64.65083,116.586426,87.83274,76.805855,72.948654,43.7032,35.414032,184.80162,147.25307,130.5569,111.9344,64.82273,50.90008
127.27555,82.54435,65.08245,116.784996,88.62079,77.41531,73.02252,43.329456,35.870514,185.04132,147.18634,131.95078,113.7221,63.88831,50.21417
127.85303,82.25935,64.79158,117.299126,88.23001,77.77822,72.7965,43.216187,35.06454,185.08781,147.85907,133.73152,112.601234,65.01943,49.584476
127.48595,82.91079,64.15858,116.61727,88.65574,77.96146,72.74079,42.949654,35.22165,184.88652,147.32494,133.10117,112.56801,64.67388,49.948395
127.22586,82.08525,64.897064,118.3103,88.39671,78.10149,71.973366,43.169594,35.03831,185.21037,147.52037,134.20052,112.67673,65.26766,49.490517
126.71736,82.22813,64.80476,118.58507,89.95953,78.258675,71.49341,43.088303,33.737316,184.83138,147.60068,131.81326,112.37542,65.29841,47.732513
126.77559,82.175766,65.33986,118.38273,90.07603,78.20466,72.70413,42.698246,34.712208,184.6616,147.65958,131.70026,112.55586,65.2329,49.35028
127.41327,82.53228,64.858986,118.21726,89.67347,77.92097,72.265945,43.38016,34.11516,184.6375,147.47531,133.77641,112.52282,64.84226,49.971615
128.74605,83.36386,66.03931,117.93399,89.63039,78.06968,72.68762,42.86431,34.301823,184.22865,146.83766,133.72774,111.10021,65.45198,47.82724
128.6438,82.98273,65.64957,117.45122,89.44514,77.740265,72.23837,43.138298,34.422626,184.1857,147.18199,132.20894,113.12482,64.742836,49.18477
128.19247,83.21773,64.00549,118.36485,89.191956,78.81312,72.254845,43.07137,34.38542,184.93277,147.21838,132.74672,111.706116,65.25654,48.59985
128.16664,83.42172,65.051506,117.68279,89.211754,78.4899,72.28562,42.925762,34.28194,185.09325,146.86053,132.82523,112.12556,65.329765,47.96088
128.04077,83.10022,64.26708,118.23293,89.27139,79.34269,72.04266,43.17267,34.463093,184.70834,147.97653,132.54407,113.05092,64.54759,49.695465
129.10544,83.12884,65.437195,117.56221,89.30812,77.52714,72.217834,43.037945,35.36581,184.82672,147.30228,130.08626,111.970375,65.14868,48.33809
129.08423,83.7047,64.29955,117.74449,89.370926,78.1502,72.45106,42.81899,35.33206,184.32338,147.50429,131.95721,111.99107,65.23082,49.014313
129.60353,83.38087,66.080025,117.569336,89.330505,78.58435,72.8781,42.135536,35.08821,184.08664,147.87692,131.42671,112.39011,65.07729,50.022232
128.95396,83.47039,65.63535,118.34108,89.64505,77.476456,72.37035,42.4175,34.169582,184.84564,146.98013,133.62093,111.453186,65.980774,48.944725
128.39294,83.33198,65.55275,118.4573,89.75108,78.07444,72.56916,42.723846,34.389107,184.47673,147.3889,131.35237,112.48807,64.67745,49.0979
129.47159,83.80953,63.73897,118.67315,89.95539,78.920006,71.779594,42.918697,33.86764,183.56056,147.5076,131.81569,113.073166,64.829155,49.567715
143.5822,99.6295,80.61921,85.28924,63.863396,58.910007,98.99988,59.387505,46.52859,164.11662,128.58916,114.50754,111.08166,62.04386,47.729317
144.55846,99.24584,82.46385,84.783455,64.36909,58.53554,98.72086,59.95518,46.50956,163.60568,127.72647,114.70921,110.91947,62.58177,47.48448
144.63664,99.34943,80.47323,84.82347,63.88842,58.03372,98.44635,59.591774,46.830833,163.12595,128.58029,112.76144,110.527916,61.79533,46.883957
143.91656,99.13178,81.90585,84.502655,64.05846,57.19409,98.1906,59.84758,45.58795,164.17903,129.01006,114.65756,110.21337,62.95643,46.550453
143.80692,98.79602,81.676315,84.5283,63.56839,57.741013,98.940926,59.915802,46.23507,163.8353,128.70288,115.40593,110.56756,62.334854,46.41331
141.75058,96.835655,78.58655,90.200294,68.04122,60.9519,92.86604,56.959816,44.075146,169.10881,130.96239,119.27876,111.067116,63.495163,46.638893
140.72736,94.35049,75.95186,96.3755,72.6581,64.11407,90.10923,54.372578,43.89375,172.20277,134.64784,120.05792,111.50222,63.998802,48.080738
138.88013,92.85269,74.09232,101.01091,75.76023,67.95004,87.18788,52.65785,41.694717,175.34943,137.88686,121.49917,111.52116,64.86553,47.232357
137.17024,90.91875,70.69459,104.72443,78.509445,68.74181,83.75962,50.740513,40.136864,179.5649,141.37068,125.38148,112.64854,64.7077,49.312866
135.94951,89.27685,69.98469,107.87067,80.43583,70.59551,82.36385,48.38727,39.29986,182.60852,144.47157,128.22423,112.408775,64.55573,48.81866
134.0156,87.996124,70.89561,110.73004,82.53757,73.11407,80.31033,47.900917,38.471813,183.6709,145.65265,128.35304,113.57647,65.26728,49.690716
134.27982,87.6514,68.53923,111.64207,83.21346,73.27511,79.44686,47.265163,38.85247,183.7396,144.78264,128.01012,112.73128,65.07515,51.085564
133.54997,87.93547,68.40156,113.214355,84.95185,74.827736,78.26647,46.92215,37.210335,185.14183,145.97682,130.57295,112.00527,66.56388,49.0771
133.94012,86.83643,70.44138,113.897736,84.73437,73.702965,77.539024,46.415894,37.3681,185.28525,146.16951,130.65033,112.69426,66.11663,49.886616
133.32066,86.84164,67.83665,116.0388,85.89153,74.503494,77.391685,45.68913,36.87247,185.70703,146.3845,130.4614,113.42743,65.94532,48.826477
132.11713,85.860176,68.167496,115.95464,86.97687,75.42458,76.77501,45.310402,36.854134,185.39648,146.71602,129.31763,112.80956,66.153694,50.14603
132.43913,85.65187,68.003105,115.88765,87.1101,74.79212,75.422844,45.76483,35.68442,186.09862,146.28807,132.3568,112.13413,66.0683,49.877926
131.33122,85.484604,67.686745,118.063805,88.26636,75.829666,73.74789,44.59956,36.703342,186.34715,147.01059,130.40599,112.251205,65.860695,50.401703
131.13237,85.3132,66.441055,118.65221,88.44106,75.66125,74.58468,44.231663,35.916702,186.11583,146.8422,131.5015,113.84119,65.85894,50.89228
130.69635,84.981606,66.31713,119.937325,88.87086,77.24573,73.4965,43.920387,36.538776,186.71362,147.60645,130.96619,112.32182,66.817154,49.455223
130.93248,84.77568,66.1552,120.44273,90.197876,77.56775,72.92191,44.086914,35.110424,186.69006,147.39769,130.96393,112.969284,66.79077,50.48869
131.09074,84.57137,67.14557,120.44376,89.27851,78.66197,72.93642,43.493454,35.80503,187.51492,147.1299,131.21648,112.393654,66.61586,52.28592
130.73256,84.673935,66.618256,120.230644,89.81004,76.77617,73.20879,43.8811,34.92101,187.49698,146.94734,131.55574,113.21217,65.74373,51.022522
131.94646,85.119225,66.175415,119.82305,89.3468,77.26113,74.13185,43.87596,35.890648,186.46654,147.08003,131.61826,113.046455,65.75218,50.968822
131.96124,85.105835,68.035095,118.67865,88.70174,76.883606,74.499886,44.366467,36.322285,186.45859,146.86307,132.75304,112.82881,66.532646,51.874203
131.48141,84.86858,68.13055,117.58051,87.395065,77.44701,75.273224,45.299744,37.254536,186.9092,146.50412,131.87509,113.182686,65.808304,51.56883
130.95383,84.37866,66.304825,117.67495,87.95128,76.90482,75.2138,45.352577,36.345604,186.26471,146.77171,129.78015,112.96573,65.502495,49.10728
129.8965,84.3658,65.71398,118.50198,88.363914,77.6829,75.05196,44.3477,35.67722,186.83192,146.56834,131.81561,112.98602,65.57391,51.158184
130.38246,83.9228,66.99582,119.871284,89.16262,78.4423,73.581894,43.874817,34.343864,187.1735,146.99881,131.1205,112.36497,66.02908,49.88198
130.21689,84.22051,66.034294,120.82201,89.74141,78.20394,72.33113,42.829857,34.996273,185.86649,146.73125,131.30075,112.349625,66.94413,53.048183
131.21306,84.474846,66.8389,122.82283,90.68801,78.86664,71.349945,42.41206,35.55982,187.24353,147.31963,131.08752,113.80821,67.58008,50.691902
130.17583,84.00309,66.14033,122.87117,91.352974,77.871994,69.355255,41.503277,34.511486,186.78351,147.44579,130.52316,113.88935,66.14198,51.077175
130.23732,84.11926,65.70808,122.94251,91.48645,77.875,70.66296,41.7951,35.135418,187.98833,146.22658,133.78397,114.68428,66.77011,52.173862
130.51299,83.49482,66.39491,122.90472,90.58286,78.73124,70.562515,41.626453,34.7242,187.8356,146.97725,132.61862,112.80374,66.66553,51.793034
129.87868,84.06718,65.48665,121.20081,89.394844,77.4879,72.589584,42.984703,35.44396,186.20589,146.64073,130.0328,113.44208,66.73777,51.552402
131.62885,84.57903,68.158646,118.7451,88.442055,77.36631,73.85797,43.913685,36.01007,185.68813,146.09825,129.91357,113.764786,66.530304,52.742485
130.67055,84.774666,66.65051,117.43201,87.34395,76.77666,75.202644,44.36779,36.819546,186.87828,146.01447,129.90015,112.94103,66.30243,51.585102
130.71281,84.89738,68.27695,117.05977,87.87155,75.17847,74.34039,44.61753,36.14039,186.57256,145.72362,129.35979,112.92235,66.36286,49.50529
130.22699,83.77172,66.977684,118.50694,88.43456,76.380104,74.42878,43.950577,36.637726,185.84645,146.21413,130.92555,113.03939,67.50208,50.935795
130.72144,84.66595,66.61623,118.554924,88.46561,77.74039,73.80275,43.815125,36.611423,186.00261,146.05708,130.57784,113.20232,66.88549,51.716682
131.1624,85.034004,66.37093,118.987114,88.07574,77.07383,74.236694,44.06594,36.482803,186.77388,147.52434,132.75557,114.095856,67.609695,50.344406
130.8324,84.50262,66.15435,119.55065,88.732956,77.86843,74.23025,44.373154,34.91174,186.87416,147.19916,131.85738,113.56972,67.17751,49.842365
130.10379,83.91902,65.68398,122.019684,90.3636,78.64872,72.523796,43.312492,35.704906,187.78119,148.26302,133.39911,113.342804,66.85632,51.347557
130.86122,84.61707,66.94601,121.72441,90.60178,77.822914,71.98321,43.155254,34.827286,187.87465,147.81769,131.98314,115.02183,66.98983,50.97143
131.48979,84.59602,67.47048,121.42026,90.36604,78.488045,71.403915,42.37143,35.359108,188.1892,147.76646,130.64505,115.37957,67.11802,51.60665
130.4823,85.1272,65.72911,121.085144,90.17404,77.220085,71.289154,42.892704,35.237724,187.71844,147.11703,133.34279,113.94328,67.72101,50.68724
131.13428,85.1849,66.08081,120.49776,89.524574,76.63051,72.92333,43.37604,36.02376,186.30362,146.75294,132.16664,114.22266,67.08666,49.57704
131.8379,84.67382,67.56767,120.03292,89.008125,78.35908,73.99084,43.546783,36.82232,187.05927,147.58702,130.28134,113.004944,67.33323,51.159042
131.80487,84.77154,67.08075,120.74841,89.47781,77.26652,73.60218,43.529846,36.37398,187.29276,147.37407,131.45871,114.749,67.40038,50.557182
131.14566,84.03693,67.72444,120.85613,89.61271,77.80247,73.90518,44.207733,36.384712,186.50124,147.02612,129.29683,114.82243,66.48668,50.671616
130.29478,84.538345,65.07161,120.132866,89.53078,77.36837,73.04862,43.590336,36.799267,186.51677,146.51509,130.9462,113.05582,67.36399,49.461346
129.9254,83.622604,64.75824,121.08183,89.441216,77.503784,73.30267,43.08663,36.146263,187.40332,146.27135,131.33788,113.40198,67.71748,50.343693
130.58466,83.89253,66.86812,120.61762,89.80034,76.45325,73.40032,43.287067,35.84381,185.98994,147.30243,130.87672,113.62061,67.12617,50.58182
130.26286,83.593925,67.37881,121.55169,89.82594,78.6115,72.87507,43.18996,35.284184,187.47404,147.2079,132.70248,114.61217,67.25016,49.633083
128.95737,83.77104,65.77779,122.85021,90.663864,79.32407,71.889656,42.59937,35.712044,187.78851,147.88701,132.8189,114.65307,66.81994,51.57859
130.26839,83.45732,65.055504,123.35858,91.59804,78.78681,71.4862,42.26834,34.908413,187.97641,148.60449,133.61159,114.38521,67.97017,50.614494
129.69836,83.1464,65.82671,123.258644,91.6735,78.27081,71.84256,42.387863,35.354477,187.39703,148.56427,130.45145,114.14456,67.45376,51.338192
128.93196,83.52164,64.85463,122.71556,91.11112,78.43285,72.499535,43.044758,35.81318,188.62845,148.20284,132.1212,113.379814,67.25003,50.713802
129.2836,82.99819,66.78399,122.58447,90.77666,78.57493,72.57827,43.068783,36.317158,188.38794,147.2814,132.37714,114.072,66.5126,51.510918
130.03748,84.19176,66.979675,122.55942,90.57649,79.01311,72.625084,44.035885,35.219658,188.2222,148.6404,133.1914,113.30979,67.8445,49.328484
131.06953,84.29516,66.62139,122.87522,90.572365,78.69435,73.84586,43.87937,36.15403,187.75511,147.81647,132.302,114.67201,67.23873,50.436653
131.02728,84.45149,66.338356,122.55994,91.24911,78.642624,74.780426,44.45828,37.27579,188.30844,148.2507,132.67802,114.01683,66.69818,51.834126
130.62929,84.338684,67.24139,121.10451,89.71231,78.663155,74.3033,44.387753,37.103096,188.29459,147.22783,135.47185,114.850075,67.03283,52.648216
131.34976,85.46461,67.44488,120.601555,89.62164,77.461754,74.707085,44.43707,37.738586,187.80057,148.1562,132.626,113.523796,67.67889,50.337482
131.56917,85.12123,67.949005,119.81267,89.697235,78.23927,75.4351,44.902386,35.976906,186.97008,147.7563,133.44176,113.19405,67.15925,51.361706
132.00174,86.0697,67.50634,120.01571,89.5029,77.41304,75.04251,45.678104,35.82691,186.51439,147.3396,130.06277,113.81534,67.9918,50.336742
132.2868,85.95759,67.41617,120.193924,89.54153,77.79344,74.79833,44.929855,36.731167,187.47864,146.51245,132.43346,114.282936,67.20072,51.696266
133.04974,86.08648,67.747765,120.4276,89.3041,77.64402,75.33556,44.75406,36.743233,186.63197,147.53033,130.5326,115.531944,66.88114,51.05725
131.90686,86.62724,68.16867,120.39679,89.67422,78.78667,74.944046,44.96724,36.756042,187.88359,148.18268,131.62912,114.87596,66.5555,50.490795
132.36443,85.72337,68.24385,120.89894,89.65871,78.85277,74.568825,44.7832,36.39004,187.6858,148.12695,133.83795,113.677986,67.310425,52.445057
132.91231,85.43582,67.718315,119.6838,88.92292,77.04232,74.91801,44.392017,36.709106,187.79494,148.06705,133.79326,113.51555,67.87462,50.499275
132.37839,85.92661,66.4119,119.41347,89.36076,76.50821,74.86485,44.460052,36.35805,188.60295,148.26622,133.84535,114.36177,67.57985,48.366634
132.2719,85.357414,67.11791,119.4882,88.82617,76.858406,75.75032,44.422794,37.195713,187.5735,148.42851,130.97458,115.50149,67.15052,52.727104
132.45822,85.906166,67.00796,120.08632,88.92222,78.70652,75.126625,44.58681,36.5608,187.9361,148.0638,131.49216,114.358765,67.27624,51.958504
132.656,85.71113,66.53121,122.64074,91.00957,79.35771,75.16471,43.95668,36.317917,187.37936,148.32619,132.09749,114.851944,67.076164,51.645103
132.89363,85.6009,69.02023,121.129845,90.18849,77.18823,75.057045,44.573673,37.187515,186.56613,147.29004,129.8177,114.99877,66.94517,49.485207
133.10854,86.442726,68.006805,120.03137,89.42925,77.57325,76.39601,45.32437,36.67051,187.11285,146.80103,131.59348,114.065025,66.62576,50.32165
133.48491,86.691826,68.972664,120.26316,89.043594,76.637886,77.380585,45.72343,37.064636,186.52577,147.56184,130.2175,114.61708,67.12355,50.146854
132.59047,87.30306,67.24388,120.479225,89.89019,78.41337,76.68068,45.324444,37.35485,186.38268,148.1281,128.97737,113.856544,67.07613,52.851254
133.75266,86.09196,67.839264,121.23819,90.085884,77.93104,76.06559,45.316288,35.358376,186.57635,147.2121,132.27763,114.40276,67.59747,49.543888
133.43634,86.023895,68.39986,121.284325,90.224655,77.91348,74.37796,44.449776,36.206055,186.79192,146.6125,131.47885,114.60367,68.45566,49.599316
132.702,86.595055,66.87768,121.981026,90.583176,78.72208,74.21726,43.958687,36.526787,187.7028,148.29726,131.91347,113.978745,68.266914,53.147987
132.40671,86.22017,68.050385,122.52493,90.50053,79.836586,74.23009,44.485813,36.1497,187.52351,148.10509,130.18813,115.88698,67.77837,50.653557
133.5406,86.07052,67.69958,119.94205,89.72533,77.800095,74.64996,44.364265,35.54997,186.36253,147.38992,132.80127,114.798515,67.91687,52.74637
133.0234,86.02033,68.25385,119.71473,89.448425,77.32068,74.23947,44.003075,37.09061,187.73633,147.5802,131.531,115.468506,67.204605,52.368774
133.41306,86.765335,67.091576,119.89272,89.24325,77.6386,73.85515,44.485718,37.11248,189.12411,148.2237,132.93904,114.75061,67.89981,50.23727
133.42088,86.583755,67.65821,122.2839,91.57075,79.0389,73.76135,44.396774,37.282925,188.11365,148.72198,131.10855,114.59783,67.13727,53.427685
133.14146,86.21672,66.95532,121.85623,91.14385,79.029785,74.55457,44.656307,35.625023,187.90472,148.871,133.4987,114.21833,68.51338,48.9669
133.76193,86.49032,67.84048,122.56569,90.6495,79.00907,75.1727,44.93212,36.8399,187.70544,148.69635,131.84859,114.95129,68.240944,51.09947
133.11523,86.06868,67.577934,121.96199,91.22689,77.89568,75.3148,44.752716,37.466938,188.10052,148.52498,133.15344,114.89585,67.60357,49.956234
133.67268,86.401054,68.08106,122.549995,90.936905,79.82911,75.72679,44.93723,36.27757,189.26883,148.40477,133.7334,115.65757,68.07371,49.146946
133.80753,86.56112,67.85646,123.081055,91.41399,78.85309,75.15601,44.447407,36.911613,188.09564,148.31128,133.61476,115.75789,67.44093,49.149273
132.8451,86.65532,68.56564,122.81071,91.332985,80.07059,73.77948,44.039818,35.998005,188.04366,148.99422,131.65297,115.29812,68.33181,51.416374
133.79298,86.23783,67.61533,122.55353,91.77956,79.603874,74.15077,44.315933,36.664955,188.0377,148.73457,133.87941,114.61734,68.13005,50.711544
133.73645,86.5169,66.82378,122.17589,92.12957,80.91868,73.28419,44.216713,36.789375,188.57288,148.78996,132.85936,114.50147,68.396126,50.91077
132.33531,85.51869,66.98887,122.96603,91.59365,79.473175,74.079475,44.161366,35.755707,187.93643,148.48222,130.78465,116.217865,67.871994,52.50812
132.61975,85.939896,67.16076,122.457855,91.36943,79.92089,74.05323,44.267036,37.14957,188.83519,148.05333,132.88957,114.62544,67.202774,52.211735
133.15163,86.13799,67.10157,123.2961,92.029366,80.16051,73.059296,43.699326,35.241123,188.2028,147.80994,132.82611,116.67808,67.591194,49.76539
133.4619,85.75541,67.957214,123.46578,91.98216,79.72106,72.716255,43.12567,35.701004,188.5568,148.5045,131.683,115.208755,68.49427,50.56667
132.98567,86.32706,68.11426,123.050545,91.563736,80.71169,73.41271,43.3051,35.969936,188.30922,148.72879,131.8741,115.72684,67.69372,53.019485
133.38388,85.98113,67.561554,122.54536,90.94797,79.73802,74.47284,43.61922,35.752033,189.39827,149.23097,131.75179,115.281075,67.57592,50.327652
133.06076,86.28268,67.653725,122.41476,91.09029,80.25327,74.59039,44.071815,36.04926,189.3944,148.17484,132.9253,115.9507,67.417984,50.033905
133.55583,85.79786,69.115875,122.14161,91.464424,78.84451,74.77586,43.878166,35.98268,188.94579,148.3783,132.49008,115.77142,68.03048,51.214493
133.17216,86.50963,67.61367,122.30282,91.18538,78.84847,74.126465,44.020638,35.17818,188.45062,148.10373,133.51935,115.474106,68.1955,50.02883
133.65784,87.40685,66.79241,122.07387,90.582664,79.766045,74.555534,44.868114,36.40507,188.37083,148.1004,131.70828,114.81277,67.31147,51.21628
132.98341,86.908676,66.9638,121.676956,90.64864,78.27201,75.38879,44.98318,37.745964,188.81108,147.86209,131.31725,115.59247,68.35047,51.91063
134.31761,86.97817,67.467155,121.37313,90.41059,78.182205,75.417465,44.97079,36.584347,188.58122,148.46565,133.32523,115.41386,67.685455,52.173557
133.62834,86.82657,68.56213,120.60871,90.192406,77.41125,75.98643,44.926636,37.515976,187.8936,147.30867,133.02686,115.29387,68.115814,50.903458
134.95944,86.93152,68.490746,120.73166,90.267456,77.62491,75.840454,45.02751,37.248585,188.7426,147.47717,133.9845,116.472336,68.05989,51.64514
134.68895,87.32133,68.59377,120.4604,90.02134,77.4044,76.157875,45.172012,37.359097,188.32214,147.81412,133.35445,116.383965,67.96541,50.984257
133.99896,86.682724,66.689125,120.21489,90.08561,77.34972,76.114265,45.29902,37.820004,187.94072,148.4226,130.73178,114.9834,67.30852,50.321938
134.61197,86.554886,69.20632,120.84835,89.9837,78.45338,76.27944,45.90956,36.661366,188.16743,148.52005,131.64345,114.407074,67.38061,50.418186
134.32285,87.36992,66.70997,120.982704,90.305435,77.524376,77.232376,45.4871,37.43746,188.6147,148.36348,132.42052,115.90432,67.90193,50.85978
134.43274,86.922195,68.32529,120.85399,89.47475,77.26884,77.18203,45.50409,37.541405,188.28815,148.38133,130.78094,115.65673,68.45058,49.38688
134.35352,86.63823,69.54393,119.66989,89.17066,78.25225,77.06358,45.523735,36.56022,188.4294,147.8996,133.34729,115.62363,67.06055,51.35394
134.14537,87.107185,68.890785,118.90697,89.033485,76.83572,77.4989,46.148273,37.78627,188.53163,148.26437,129.90015,114.0791,67.807655,50.562542
135.29132,87.53076,69.226814,119.16793,88.57907,77.36202,77.07202,46.039497,36.546535,187.5516,147.60736,132.80191,115.13904,67.813156,50.48413
135.8325,87.912926,68.35003,121.7652,90.260574,77.95204,77.1538,45.435646,36.563705,188.75587,147.63809,133.05823,115.39954,67.85583,51.802788
135.84204,87.49836,68.83916,121.14169,90.39238,77.87218,76.519066,45.738945,36.758953,188.98602,148.05972,132.39632,114.779816,67.19383,49.68093
136.0203,87.765,69.58145,121.723976,90.629974,78.76429,76.308655,45.770382,37.463024,188.18419,148.28548,133.63133,114.92965,68.22306,52.28386
134.22223,87.38683,68.61561,122.93063,91.67,79.00592,74.62862,44.66653,36.976128,187.59714,148.27528,133.69322,114.93618,68.41712,50.299335
135.09567,87.345314,69.8419,122.93347,91.92167,79.688446,74.86213,44.81023,36.580097,188.52571,148.66533,133.75371,115.11534,68.580414,50.02664
135.1439,87.59165,67.23247,121.40461,90.729576,79.3093,74.40253,44.937626,36.259712,188.49919,148.99277,132.59102,115.04446,67.72242,51.154305
135.98157,87.90532,68.52841,121.094765,90.70355,78.675224,73.73133,44.32941,36.796955,187.8258,148.01726,133.12895,115.707634,68.47218,49.47348
134.83289,87.54147,67.8427,121.33803,90.633156,78.91343,74.44726,43.930763,35.581795,188.80768,148.77515,132.35452,115.4524,68.65122,49.41983
135.33675,86.86717,69.305016,121.47201,90.9332,77.59944,74.416534,44.220062,36.08096,188.6018,148.70222,132.91846,115.26649,68.33548,51.387913
134.23691,87.46389,68.67857,121.21487,90.886116,78.548164,74.511185,43.92298,35.918003,188.7044,148.27737,131.98244,114.93666,68.3454,50.84299
135.30103,87.691216,69.04476,121.012215,90.48712,79.173294,74.98324,44.15732,37.078594,187.89342,148.8598,133.89528,113.89547,68.11732,50.008575
134.4977,88.18621,69.08181,123.14341,91.94533,81.199554,75.19185,45.182446,36.040936,188.77809,148.0114,133.00551,114.31876,68.428314,48.866665
135.89021,87.6657,70.8027,122.670456,91.62398,79.759834,76.08158,45.193527,36.227398,188.6067,147.64394,131.71552,116.32966,67.69061,51.24437
135.0393,87.97814,68.74644,122.45086,91.472885,79.275795,75.43614,45.553513,37.147175,188.4914,147.92937,130.84319,115.46244,68.43447,50.551765
133.64038,87.54775,69.375404,121.635414,91.010956,79.33264,76.17693,45.744793,37.193317,188.14908,148.55594,132.302,115.50496,67.61667,51.45059
135.06339,87.78169,68.45313,121.88659,90.76979,79.738434,76.48874,45.5419,37.701668,189.81339,149.71701,133.84644,114.97963,67.634,52.266083
134.78688,87.99753,69.97423,122.293625,90.5558,80.11477,76.84189,46.430843,37.25252,189.63112,149.96426,133.59631,115.21136,68.213585,51.880413
135.39522,87.82699,70.055504,122.450714,90.98187,78.98575,76.760735,45.96097,38.38392,189.76822,148.9715,133.9096,115.175934,68.21171,51.400436
134.91187,88.173744,66.639694,122.330215,91.33302,78.66434,76.516426,46.093575,38.22685,188.99278,149.05666,134.80391,114.4151,68.23079,50.295742
134.49503,87.731,68.96551,121.62947,91.38978,80.056725,76.61728,46.76563,36.022076,188.6577,148.6943,131.37234,115.68898,67.53378,50.5878
135.04276,87.24676,69.22338,122.656006,91.094765,79.92992,76.621,45.778275,38.582134,188.61954,148.15134,133.99321,115.980446,67.53414,52.904293
134.65079,87.25569,69.36339,121.73105,91.21197,79.604996,76.63469,45.878883,36.248615,188.23524,148.7355,131.20523,114.32755,66.83694,50.303493
134.32341,86.876816,69.29461,121.406975,89.752045,78.00681,76.8032,45.630688,36.976097,188.35681,148.16772,132.77426,116.04966,67.695915,51.84393
134.68008,86.758095,68.2339,121.10447,90.20609,78.2108,76.17928,46.030205,37.194626,188.34305,148.3774,130.17018,115.21748,67.50686,52.57649
134.0235,87.61887,66.8744,121.9843,90.83814,78.86715,76.52315,45.333313,37.607407,187.98518,148.30331,132.29507,115.34731,66.94316,54.606693
133.77827,87.19797,67.93852,121.07488,90.59317,78.57474,74.41913,44.886826,36.408382,188.3865,148.32347,133.03879,116.311424,67.24529,51.98936
134.1403,86.84444,68.711624,121.08422,90.4723,77.46448,75.08135,44.725357,36.579903,187.80484,148.05385,132.9306,115.762825,68.016174,50.89024
133.48053,86.696434,68.50279,121.11212,90.422966,77.008804,75.50722,44.831226,36.873943,188.21507,147.65193,133.56894,115.267944,67.30501,51.227623
133.69849,86.504524,67.501045,121.93782,90.8014,77.97589,75.36411,45.196335,36.045723,188.51857,147.91177,133.7818,114.8769,67.88099,51.906006
133.1601,86.53873,66.752785,122.74038,91.03168,79.26571,73.44269,44.103695,36.059174,188.39056,147.28262,132.22398,115.68943,67.26942,50.025173
133.57701,85.95345,67.60564,122.353386,91.35982,79.001335,72.518585,43.57669,36.148376,187.22047,146.51178,129.92662,114.57541,66.795555,51.307415
132.9453,85.93834,66.57095,122.74594,91.354576,78.88046,72.54452,43.588737,35.938618,187.8696,146.4124,129.93279,114.10382,67.56684,50.93846
132.27446,85.73612,66.52126,122.99419,91.69631,78.56774,72.31595,43.515392,35.814213,187.76445,148.03629,133.17226,114.455956,67.33442,50.734596
132.1905,85.15928,66.20138,123.55536,91.614746,79.78836,72.21712,43.671192,35.269753,189.21555,148.28667,132.1929,113.87174,67.181984,52.01513
133.0508,84.90755,66.64139,123.59959,92.370895,78.88684,72.42926,43.717957,36.06982,188.34616,148.78168,132.53546,114.22867,67.978424,50.70073
131.65276,83.99655,67.372696,124.04596,92.28683,78.92546,72.96304,43.143906,35.159405,187.98448,148.11838,132.9235,114.67352,67.52018,51.109272
130.51984,83.83569,66.8594,124.00145,91.90281,78.868385,73.627335,43.676987,35.06287,188.67844,148.80411,132.41154,114.635605,66.92269,51.335686
130.9303,84.56155,66.94367,122.94127,91.71172,79.10357,72.77371,43.38974,35.945244,189.51534,148.54704,133.37617,115.389244,67.288414,50.096035
131.0674,84.682556,66.71313,123.39628,91.59222,78.918144,73.58216,44.16842,36.018757,188.32751,148.41504,133.0061,114.257614,67.08304,51.691547
130.92284,84.559616,67.08251,123.51303,91.89724,79.57842,73.3409,43.318356,37.127644,188.44563,148.53271,130.65288,114.51736,67.76681,51.33424
131.17377,83.8696,65.96016,123.950966,92.68027,78.486664,72.55073,43.709007,35.35088,188.71025,148.82439,131.59474,112.998665,67.932846,48.267956
128.79889,83.90352,63.867134,125.03979,92.853615,79.95657,72.08349,43.03889,36.364796,188.08987,148.34183,133.24048,114.0612,67.313126,50.908504
129.42561,83.09547,64.8163,125.48551,93.23051,79.80166,72.05955,42.71394,35.42635,188.40404,148.34239,132.41695,115.66773,67.317505,53.038593
129.23665,82.99817,65.16835,125.54961,93.99703,80.02029,70.283264,42.071068,36.085857,188.84665,148.55626,133.01163,115.36862,67.70592,49.23035
128.57419,82.25159,66.12335,126.7278,93.8815,80.640236,69.99246,41.617294,34.51297,188.86586,148.56886,133.11179,114.89524,67.832794,50.580734
129.02344,82.71115,65.4008,124.92827,93.102264,79.562195,69.86813,41.290123,34.79786,188.81041,148.49232,133.55005,115.79062,67.77316,51.349014
129.39238,83.33011,63.826183,124.23415,92.546745,79.80932,71.42299,42.44949,34.837193,188.16089,148.02211,134.18257,116.51758,66.94647,52.030895
130.65375,83.66345,66.58561,125.46448,92.9367,79.85403,72.097755,42.916466,35.636677,188.78253,147.71873,133.22661,115.747894,67.543976,52.06049
130.66917,83.69279,65.96538,122.26382,91.27826,78.08881,73.808464,44.026443,35.713528,188.35892,147.29732,132.353,115.36664,67.43947,51.0468
129.77707,83.44862,66.68119,123.71108,92.03014,78.95295,73.79452,43.503403,36.330147,187.85074,147.16774,133.1695,113.14074,67.44721,51.01695
129.65736,84.35122,65.13824,121.01069,90.518425,77.39432,73.30261,43.686813,35.493645,188.29831,146.802,132.69864,114.68627,67.742195,50.631947
130.40822,83.79197,66.4137,122.50176,91.546265,77.57944,74.23068,44.42191,37.3853,186.80515,147.40955,131.1132,114.43019,67.249306,51.104908
131.2431,84.400894,65.7937,123.04676,91.00452,79.19575,74.60399,44.796955,37.167007,188.00873,147.35265,132.23541,115.458046,68.04683,51.154533
131.03426,84.38774,66.287186,122.438484,91.25861,79.00179,73.82525,44.761806,36.22784,188.1051,147.42838,132.9367,114.00993,66.52443,51.81981
130.98236,84.54138,66.09209,124.24524,91.53507,78.37121,73.55324,44.48281,35.555595,187.4969,147.96144,133.2144,115.92601,67.613235,51.720066
130.63257,84.15112,67.45112,123.26794,91.3995,79.33507,73.4474,44.127975,37.099815,187.22607,147.41277,133.39285,115.4176,68.106895,51.43472
131.17015,84.40596,66.17697,121.16534,89.37863,77.6355,74.10711,44.126614,37.12728,187.25632,147.96541,132.15028,114.30446,67.783226,51.81644
131.60542,85.04796,66.680595,120.074295,89.72338,77.36703,73.997314,44.34882,37.480576,186.8929,147.92137,131.48729,115.75841,67.798195,52.170826
132.10156,85.794655,66.84097,120.27482,89.45173,77.15411,74.114204,44.505512,36.5458,187.47682,147.83359,131.88553,115.24783,68.180824,51.143864
132.57855,85.47148,68.218216,120.48265,89.6946,78.142365,74.44958,44.163204,36.334877,187.98293,147.86935,133.26178,116.0868,66.99364,51.58022
131.63568,85.8057,66.59913,122.01151,90.5904,78.816605,73.45382,44.195152,37.064667,187.975,147.57689,133.80626,115.64795,67.7936,51.184883
131.72325,85.15758,65.63566,122.10097,91.16408,77.72817,73.73935,43.94435,35.84766,187.98955,147.94258,132.40488,115.290344,67.73221,51.08862
132.42548,85.62492,68.73225,122.16071,90.9911,78.712746,73.14193,44.009117,36.390617,188.16856,147.57898,131.05365,114.27045,67.98088,51.835938
132.14116,85.1949,67.13253,121.86211,90.83771,78.42572,74.19828,44.539528,36.010403,187.88034,147.63815,131.5032,114.7718,67.54339,49.98823
131.91106,84.88218,67.406,121.109116,90.90068,78.12484,73.79385,43.686413,37.43993,187.78989,147.5711,133.17693,113.87973,67.90705,50.815563
130.87584,85.37501,67.454834,121.867455,91.106705,78.02294,72.94204,43.951477,36.737988,187.6001,146.97824,133.53506,115.66713,68.32559,49.021755
131.38017,85.23325,65.95619,121.466354,90.915344,78.4736,73.62379,44.191967,36.143845,187.5521,147.30627,131.58003,115.55272,68.15839,50.83206
131.33394,84.75439,65.93941,121.15425,90.68051,79.5153,73.40535,44.046524,36.295334,186.35408,147.77835,131.0292,115.67708,67.01506,53.49172
131.20393,84.43956,67.34522,121.279594,90.62748,77.70975,74.32836,44.145508,36.37915,187.46558,147.27538,132.84189,115.01739,67.21394,51.38471
131.89774,85.06604,66.04452,120.86143,90.111946,77.5606,73.420555,44.292084,36.76637,187.09167,147.74652,131.4015,114.578735,67.98658,50.416588
131.43199,85.141525,66.47797,120.97253,89.86042,78.541176,73.94676,44.508728,36.338207,187.1323,147.99365,130.72308,112.93903,67.38108,50.76881
131.67577,85.47381,65.931564,120.07325,89.82023,77.30713,75.19444,44.623302,37.014828,187.50758,146.84,131.95251,114.52917,66.78945,51.970486
131.58641,84.946365,67.90578,120.296875,89.54584,77.18108,75.10023,44.81967,36.98492,187.19101,146.68947,131.10132,114.588905,67.11204,50.64202
131.03963,85.760445,67.023155,119.55642,89.49836,77.77719,75.3301,45.077255,36.882908,186.35083,146.99237,131.65942,115.21588,67.24297,50.759304
131.5539,85.50737,66.55103,119.021484,89.349304,77.55304,76.16079,45.276485,37.027496,187.12396,147.3995,130.3156,113.77256,66.60466,50.963978
131.5623,84.73138,66.57668,118.4812,88.15712,76.19774,75.55585,45.535805,37.178226,187.28963,146.64536,130.6387,114.19328,67.17493,48.45749
132.7364,85.11153,68.380646,118.17437,88.32886,76.207184,75.913086,45.975723,37.94397,186.76257,146.99527,129.67386,114.85283,66.8479,50.01617
132.35545,85.74453,66.756836,118.98781,87.391624,75.91314,75.905945,45.93761,37.689674,186.81577,145.92781,131.98167,113.814545,66.51149,51.757988
131.10818,84.86066,68.24791,117.49024,87.86169,75.852715,75.892624,46.166603,37.525707,186.29208,147.57576,131.73358,113.3489,66.9024,50.983368
132.0578,85.445755,67.65459,117.892624,87.23261,76.92302,75.81198,44.968273,36.936314,186.86115,146.91653,131.65913,113.18635,65.80577,51.00215
131.36905,86.00987,68.45601,119.758766,88.99996,77.04166,75.950554,45.285816,37.10055,186.44635,146.45015,130.53212,113.903076,65.98267,50.063442
131.9719,85.35891,68.771706,118.83966,89.04732,76.92802,76.42387,45.406685,37.840946,187.41121,145.82523,132.45923,113.58967,66.54929,51.009125
130.91899,85.00797,66.39016,118.59413,88.24102,76.944275,76.10041,45.95287,37.05536,187.05486,146.06396,130.77446,113.63469,66.5061,50.410698
131.00558,84.38628,67.55707,118.44259,89.02218,77.36425,75.947685,45.360733,36.130352,186.29642,147.08408,131.51294,114.20573,66.31917,51.524326
130.48395,83.94732,66.597824,120.16508,89.55339,77.38754,73.932724,44.14032,35.836163,186.91342,146.93758,131.89455,114.98088,66.01598,50.545353
130.15137,83.70422,67.482185,120.96126,90.15576,77.79288,73.095604,43.98515,36.806915,186.84981,147.1916,131.58571,114.272026,66.43913,51.57891
131.12617,83.88131,66.31942,120.9003,89.73351,77.016136,73.678604,43.90033,37.425385,187.69301,147.0904,132.48479,113.77112,66.80977,49.337643
129.92744,84.03649,65.80887,120.04888,89.38455,77.56141,74.157936,44.32428,36.301342,186.73694,146.51894,129.66812,113.67639,66.15488,51.277172
130.90094,83.834785,66.93367,119.23841,88.42613,77.1535,74.06625,45.0214,37.19118,187.26314,146.00757,130.93332,114.55212,66.472885,53.380398
130.60963,84.45515,66.330315,118.504555,88.59015,75.40966,75.00699,45.208294,36.4974,185.84691,146.5359,132.32071,114.78768,65.57098,50.085365
130.7705,84.57839,66.831024,119.470024,88.82288,76.09604,74.49505,44.84849,37.190914,186.73857,146.67754,130.34058,112.40459,66.29395,49.57938
130.19937,84.27713,65.86872,119.62874,88.86344,76.1125,74.26545,44.723946,37.023743,185.9485,146.82706,129.26912,114.177505,66.04892,51.366585
130.33606,83.969345,65.55344,121.216225,89.48005,77.164734,73.732605,44.15735,36.712254,186.74763,147.27515,130.09871,113.442795,66.71727,49.536236
80.30338,47.828293,38.981125,93.5455,77.58228,73.32121,34.14061,19.178335,19.496449,156.0009,123.70704,111.46609,72.34977,45.33094,36.82094
81.14966,47.788292,39.43804,93.29277,77.69475,74.35768,33.87903,19.312304,19.60554,156.95268,124.148735,113.5288,71.163895,45.457703,36.57984
82.50479,47.70512,40.663372,93.5113,77.85052,74.75618,34.4632,19.37577,19.865921,156.81903,122.862686,111.75474,72.83156,45.45772,36.354614
81.1288,48.57756,40.006687,93.14373,77.59892,74.11737,34.68239,19.463552,19.283363,156.08246,123.722336,112.67477,71.98408,45.55629,35.585197
87.132164,51.12728,40.558044,98.84693,82.82603,78.383064,39.65193,22.020727,21.664272,159.60233,125.99782,111.92515,75.45781,44.271423,35.308826
92.0583,52.859417,42.930878,104.885056,86.13986,81.12194,45.148968,24.911114,22.54745,163.39088,127.420006,115.48761,78.5451,47.63017,36.52821
93.259674,55.151253,43.96784,108.17357,90.493416,84.33687,48.218693,26.71901,24.969091,167.98164,131.21437,116.59911,83.33988,49.33413,38.16342
94.663826,55.164375,45.447502,115.46147,95.91849,89.26004,50.77719,29.255465,25.479692,168.5247,130.43224,116.62235,86.47124,50.925243,40.241035
95.86237,55.76767,45.557983,118.018974,98.15067,90.67192,52.92187,29.906965,25.565853,169.9638,133.74077,115.793,87.38183,52.23962,41.699036
95.62358,56.02556,43.909508,118.87526,98.90098,92.04498,54.251778,31.308514,24.711731,171.1088,131.47958,118.01049,85.30042,51.62342,38.16741
97.0577,56.299915,45.221416,122.18036,101.832924,94.197876,56.34468,31.554287,27.097086,171.74948,133.75314,119.960396,87.37745,49.888992,39.22137
97.59753,56.07157,46.10943,123.074615,101.751076,94.08781,58.21369,32.596107,27.863495,170.75874,133.43811,118.24282,86.62406,49.478905,36.88364
96.68137,55.938087,43.526672,123.980965,102.44921,95.880424,57.707253,32.60889,27.3371,172.44585,132.10626,120.18255,86.417435,49.66066,38.58897
96.23361,55.423313,43.218967,123.94681,103.07395,94.72945,58.96768,33.35114,27.756172,170.69746,132.21774,117.957,86.4779,48.424797,39.6277
95.860756,55.667225,42.74887,123.85587,102.49397,94.734634,58.12691,33.69416,27.484566,171.70747,132.72366,117.43987,86.72868,48.50915,36.829014
94.98901,55.307846,42.199387,127.33113,105.13982,96.94441,59.930252,34.62585,28.239775,171.1386,132.9406,120.10208,86.93093,49.73423,38.15982
94.362656,55.497906,42.818798,126.262314,103.62283,95.18673,60.616623,34.425972,27.807095,170.57578,133.43799,117.40261,85.29159,48.02986,37.617573
94.48075,54.490524,43.930935,125.56228,103.25721,95.81593,59.68425,33.934032,28.415052,171.37276,133.3659,118.16421,86.78122,48.50584,39.022846
93.200485,54.629784,40.53034,128.55179,105.49778,96.78853,59.094112,34.010567,28.150618,171.04741,132.73938,117.99112,86.37702,48.14483,39.630074
94.06301,54.01192,42.791767,127.24206,103.82451,96.41473,59.27703,33.815807,27.543291,171.82977,132.95738,116.439095,86.90987,49.06674,37.87955
93.76051,53.809216,41.987274,126.85589,104.33213,95.26014,59.286964,33.568584,28.048681,171.07747,132.58823,117.97837,86.31582,48.388844,38.20348
93.51707,54.111206,43.715443,125.52762,103.41425,95.9269,59.373,34.132195,27.508419,171.04971,132.63942,118.727844,87.159485,49.006714,37.147
92.51428,53.551537,41.804592,126.084724,102.430016,94.451126,59.86831,34.474556,26.891186,171.65782,132.24739,116.38959,88.24739,48.21655,38.600536
93.528534,54.276573,41.4047,127.7931,104.95937,96.6557,60.14937,33.945065,28.67051,170.15793,131.1654,117.53461,86.430534,48.19989,37.880577
93.380455,53.813526,42.59896,128.53096,104.85078,96.90136,59.40257,34.296696,28.032558,171.16582,131.79686,118.20877,86.167564,48.995487,35.43096
92.951904,53.893387,40.976288,127.98408,105.0834,95.76651,59.963676,33.714794,28.842161,171.8079,131.72508,117.610374,86.393456,48.728096,37.368584
93.314095,54.120995,42.366886,127.4583,105.298645,95.551346,58.887077,34.092815,29.006079,170.50291,131.50563,117.50204,86.86466,48.643444,36.38282
92.993805,53.62979,43.856224,127.90731,104.69741,95.099365,59.1424,34.504673,28.473045,170.38986,132.18388,115.04933,86.884865,48.93362,37.97947
93.34229,54.139313,41.80411,127.324814,105.62188,94.73588,59.826057,34.704678,28.50732,170.99107,132.3407,117.44322,87.79034,47.863163,37.98612
92.660286,53.660805,41.472305,127.38365,104.436424,96.4178,59.950935,34.30506,27.940235,171.33388,132.72371,116.862656,86.40098,48.42923,37.31536
92.16323,54.25335,41.0766,127.25376,104.669815,96.85515,59.77943,34.58706,28.733921,170.83559,132.85286,116.957985,86.43109,48.501892,37.939423
92.856995,54.198452,42.1522,126.82535,105.033485,95.86538,60.160343,34.54001,29.95949,172.18008,132.09456,117.59907,85.79341,47.044224,36.106598
93.2369,54.16173,41.710667,128.2345,104.51106,96.41297,59.34544,34.903473,28.162287,171.04024,132.73915,119.61213,85.75266,48.285637,37.65745
93.93347,54.51467,40.994095,126.97922,104.560074,95.97782,60.148796,34.891026,29.490038,170.89763,132.36378,119.39695,86.03239,47.877743,36.669125
93.13822,54.35875,42.812824,126.40401,104.832085,95.24283,60.646023,34.44658,28.25618,171.74413,132.56148,117.54399,86.26675,48.324028,38.1374
94.34541,53.70308,42.57998,126.459755,104.34828,96.13569,59.770206,35.13493,28.027834,171.1555,132.34776,118.90255,86.499054,48.22989,36.628872
92.110634,54.344074,41.77421,125.47483,102.53928,94.64207,60.014183,34.7355,29.957724,171.18484,131.89946,116.565735,86.071266,48.21244,37.007145
92.98957,53.948795,42.189255,125.32896,102.69215,94.02563,59.8489,34.497406,28.440659,169.8916,133.02519,116.365166,84.85741,49.069447,35.96435
93.36558,54.18011,41.727364,125.39222,102.6578,93.21028,59.434742,34.31759,28.852055,171.30823,132.03938,116.94803,88.10099,47.621426,38.606087
93.43629,53.759766,42.950356,125.14739,102.35193,93.90175,60.017532,34.701977,28.457935,171.47438,132.57442,117.428894,87.60749,48.35988,38.176193
92.55269,53.727875,42.013855,125.97111,102.589584,93.56776,60.06584,34.482635,29.1813,171.84142,131.49565,117.98908,86.041466,47.89152,37.082493
92.93027,54.15641,42.048233,125.079895,102.61377,94.288055,59.304813,35.431057,28.139103,172.21815,132.70576,116.297295,86.267044,48.26298,39.353012
92.9763,54.080093,41.73953,124.603294,102.44958,93.14103,60.91752,34.54855,28.613554,171.3741,132.3351,116.17876,86.47379,47.94613,36.577393
93.02274,53.929527,42.09926,124.81443,102.072044,92.33244,60.420635,34.620495,28.707542,170.68343,131.20908,115.68639,85.412056,48.1865,37.633038
92.972984,53.587242,42.787613,124.590324,101.90294,92.65811,60.128212,34.858513,28.812452,171.21045,131.64426,116.9715,83.88455,48.452797,36.991684
92.7961,54.419384,40.93762,124.64938,101.77692,92.98619,60.162663,34.72832,27.974861,170.66165,131.6831,118.08037,86.101616,47.75113,36.491787
93.15485,53.403976,43.03546,125.10404,101.64902,93.76803,60.837173,34.844532,27.910294,170.25531,132.31953,116.797195,87.41156,48.588676,38.257065
92.16232,53.405025,42.06881,126.98216,103.96145,94.71275,60.562244,34.641518,28.38248,170.72667,131.83089,115.54197,88.511,48.87759,36.317574
91.576324,54.027863,42.23068,126.52115,104.01968,94.68408,59.692158,35.020042,28.72721,170.62238,131.73538,116.41035,88.2956,47.829845,36.91521
93.05185,53.15685,39.90097,127.88751,104.73036,95.24022,60.01968,34.363987,27.340082,171.15793,131.77374,117.920525,88.30266,48.75898,35.082264
91.92467,53.338753,40.507153,125.51984,103.64085,94.749794,59.416374,34.461422,28.503798,170.94229,132.03325,118.341446,87.551476,47.836838,37.76736
92.43438,53.458305,41.109123,126.298904,103.349434,93.36591,59.64196,34.257618,29.41904,171.02582,131.73044,117.778595,87.05364,48.293724,37.537563
91.256775,53.21678,41.847878,125.56605,102.83596,93.95682,60.633286,34.154465,29.273897,170.21104,131.60052,119.23215,86.900345,48.74699,35.61712
92.511894,53.18961,42.7466,124.90918,102.759636,94.266594,59.247288,34.624905,27.5526,172.5404,132.16095,117.36517,86.36872,48.699932,36.881844
93.69413,53.994297,42.805393,124.87331,101.928055,94.73902,60.4251,34.458244,29.276117,171.47192,132.07336,116.80943,86.10231,48.162178,37.99983
93.277565,53.577366,41.667282,124.675766,102.1498,94.845566,60.235626,34.78202,28.77861,170.29832,131.82927,117.75313,85.48158,48.394306,35.909073
92.17614,53.412132,43.403088,124.68384,101.84094,94.299515,61.360264,34.710854,27.89544,171.09007,131.20732,118.281624,84.94777,47.645924,36.322895
93.58995,54.31817,43.18711,124.89468,102.23465,93.56149,60.352295,34.47829,28.423111,170.3883,132.81955,113.223175,85.61346,48.622013,35.47412
93.31643,54.830833,43.31165,124.354935,102.21261,94.67354,60.64484,34.74265,27.670416,170.79037,132.99884,115.84608,85.87185,48.791542,36.167625
94.060425,54.664238,42.551556,123.815414,102.19438,94.09394,59.87177,34.636837,29.06132,170.90666,132.03114,117.223625,85.970055,47.497215,37.991962
93.245674,55.11943,43.99251,123.80859,101.31267,93.89235,60.54816,34.70823,29.013302,172.6201,132.48828,120.336945,86.203354,48.228695,37.90989
94.44611,54.622257,45.202187,125.90079,103.77796,95.28738,61.69736,34.781376,29.840576,171.55145,132.76814,116.96555,86.45189,47.913666,37.46636
93.32845,54.19924,42.80645,124.7348,102.916794,93.86211,60.54824,34.443607,29.085506,171.49608,132.5479,116.60903,85.366905,47.769245,37.084225
93.85774,54.134037,43.72834,124.89535,102.20502,94.45172,60.641155,35.255558,28.279253,170.97946,131.55226,117.00107,85.40826,47.5364,37.27654
93.50137,54.637283,43.750706,124.43077,102.182915,93.67055,60.434444,34.831757,28.974497,170.9072,131.90103,117.722496,87.43443,47.691265,37.458683
93.69853,55.14832,43.379726,124.49108,101.76555,94.18734,61.193295,35.19089,28.677305,170.30487,132.5073,115.73362,85.10813,47.45228,35.982784
93.98393,55.007843,42.58093,124.54924,101.76257,94.64751,61.43024,34.754845,28.650291,170.73596,132.68968,115.41646,86.010025,47.01409,37.8772
92.88745,55.06561,43.666153,123.73142,102.002945,93.71496,61.23494,34.66392,29.36835,171.40527,133.56607,117.20538,85.32558,46.812393,37.37416
93.726746,53.93716,43.1611,127.435814,104.045334,94.867004,61.127327,34.52779,30.644053,171.06914,133.35503,118.30349,86.3021,47.19478,38.068462
92.368774,54.74163,42.8634,125.65331,102.70262,95.13832,60.89055,34.22294,30.020214,171.06238,132.51627,117.46658,83.9176,48.11508,37.79935
92.60058,53.999844,43.799896,124.80634,102.52995,94.9635,60.20382,34.349903,29.241526,171.23602,132.00426,120.0815,84.64757,47.486683,35.426937
93.13753,53.952553,43.116604,124.3555,102.87402,94.20876,60.571194,34.65284,29.711506,170.85263,131.85274,118.140144,85.34405,47.34735,37.763924
92.889786,54.76819,42.48172,127.72022,104.61545,97.56605,60.535248,34.208015,28.943907,171.5092,131.61423,118.684105,86.03139,48.12884,36.949734
93.55678,53.674614,42.539192,128.28442,104.91824,95.81702,60.31978,34.543972,28.395262,171.23024,132.52945,119.4537,86.26493,48.503136,36.336823
93.00084,54.422035,42.927605,126.33993,103.151276,94.79804,60.040653,34.35843,28.774857,170.82948,132.65778,117.09991,86.1457,48.63731,37.78585
92.61149,54.19062,42.660023,127.17923,103.82727,94.176796,59.543186,34.542454,28.576551,171.28416,132.05278,117.36722,86.0221,48.103043,36.92399
93.4435,53.791782,43.67658,126.71967,103.76457,95.339325,59.579445,34.62997,28.397202,170.0024,132.1074,117.06106,87.51086,49.125366,37.76626
93.406456,53.631023,41.953682,127.428406,104.17957,96.1492,59.67947,33.86121,27.885027,170.54874,132.8597,117.60237,88.20713,49.03576,37.075752
93.19764,53.87934,42.601444,127.496994,103.87693,93.94666,59.072163,34.176277,28.259108,170.6659,131.95941,115.89562,86.927284,48.506126,39.41028
92.5157,54.07047,41.198704,127.33708,104.0617,95.34983,59.39781,33.994465,28.410982,169.57356,132.29425,116.9158,85.8737,48.91253,39.05998
94.11226,53.9847,42.835026,126.958984,104.427536,93.168915,58.82795,34.088955,28.235636,170.49556,131.34213,117.07212,85.193954,49.066006,38.29003
92.6964,54.625668,42.852413,127.81234,103.74988,95.14404,59.442432,33.94575,28.559044,171.19052,132.61482,118.14135,85.898865,48.873943,38.75814
91.420525,54.25414,42.06523,126.942184,104.36419,95.59373,59.686737,34.05931,28.944016,170.31253,132.46767,117.08705,86.49128,48.77652,40.21794
92.89727,54.084408,41.676273,126.942444,103.93692,96.23521,59.970284,34.20149,28.151524,170.61398,132.63235,115.85644,87.74882,48.496,40.29216
92.730316,53.992413,43.50579,127.21442,103.48259,93.63937,60.078392,34.7305,28.334414,170.49559,132.52594,117.80505,87.565575,48.88325,37.375584
93.33213,53.894512,42.098946,125.8262,103.735176,95.40027,58.879845,34.596764,27.705725,170.73001,132.49535,117.13895,85.90842,48.767357,38.213062
93.40902,54.505985,41.864643,126.12637,104.25604,94.09054,59.85626,33.967842,28.268908,170.61725,132.5358,117.397964,85.22008,48.313828,39.04533
93.885155,53.90606,44.74173,126.522194,103.48983,95.209724,60.354458,34.294865,28.34963,170.91574,132.43372,116.91196,86.56863,48.102386,38.03154
93.34598,54.03015,42.572647,126.2318,103.260544,95.817986,60.388546,34.16651,29.39768,172.06161,132.83221,118.45056,87.536095,48.63845,37.444187
93.86551,54.73661,42.0075,126.75043,103.61472,95.45146,59.59111,34.444485,27.826801,170.73726,132.31837,116.436424,86.01764,48.804142,37.786243
93.19066,54.42615,42.688442,126.03566,103.66246,94.514496,60.45365,34.288048,29.216896,170.95776,131.88768,118.68348,86.11835,48.89088,35.837914
93.31461,54.31054,42.299904,126.47087,103.36975,95.23001,59.188015,34.69528,29.340012,170.99532,131.8518,117.59998,85.01859,48.783882,38.992424
94.02451,54.396896,43.114693,126.59784,103.88206,95.46647,59.446995,34.14623,29.422054,172.29033,132.47139,117.78681,86.83915,48.780006,40.658775
93.55885,54.514874,43.252056,126.923546,104.168846,95.15589,59.4955,34.027832,29.043617,171.18364,132.32007,119.4795,86.780754,48.477478,37.026413
93.919495,54.341816,42.628788,127.65137,103.65518,95.76067,59.87444,34.002094,28.345798,171.72202,132.75009,119.04951,87.092224,48.76519,37.83767
94.548546,54.684746,42.498856,126.487755,103.79046,96.14328,59.617752,34.41725,29.185043,170.4131,133.91782,115.941216,87.318634,49.320835,37.39893
93.37511,54.539154,43.040974,126.67355,103.82756,95.621925,59.485313,34.58598,28.518082,171.34189,133.6618,116.53527,86.988144,48.810577,37.049286
93.28832,54.767952,42.641247,126.64013,103.5226,95.01379,60.83087,34.19965,28.499876,172.68608,132.5601,117.52442,86.08791,48.001957,39.522552
92.876144,54.808086,42.715813,126.311005,103.5099,95.04733,59.722736,34.701527,26.931427,171.37434,133.3783,119.47712,86.67518,48.692184,36.89526
93.92735,54.91991,42.7014,126.14014,103.47822,93.93404,59.609383,34.781437,28.404318,172.01427,132.6934,118.34693,85.690506,48.678436,38.452335
93.515045,54.33564,42.613937,126.61245,103.37967,95.51972,59.37182,34.276394,28.533663,170.38763,133.81465,116.78648,86.023994,47.874657,38.023197
93.7289,54.22844,41.70825,126.163765,104.208275,94.747375,59.15908,34.688644,27.633041,171.47684,133.42526,116.97528,85.92384,48.527355,37.086647
93.44972,54.371105,41.971733,126.525085,103.46823,95.34693,60.67153,34.162533,28.921223,170.07994,131.92311,117.32533,87.69157,48.174362,39.368187
92.90146,54.59704,41.560436,126.43725,103.51005,94.87771,59.19845,34.75832,27.757313,170.77803,132.01288,115.0209,88.7223,47.812977,38.4018
93.95588,54.34941,42.71589,128.3472,105.7968,96.89789,58.92578,34.50507,28.071684,170.80609,131.62689,119.17158,86.66742,48.42605,37.191097
94.156685,54.25684,42.75023,128.91872,105.924866,96.44159,59.925724,34.139805,28.803347,170.34462,131.89148,117.42818,85.92213,48.269924,38.94077
94.59187,53.88624,43.017105,129.12914,106.02022,97.375374,58.819984,34.46781,28.092945,170.75081,132.15948,118.59647,86.33604,48.76951,37.01873
93.38114,54.491096,41.74392,129.6694,105.38,96.96042,58.787468,33.740276,28.726994,171.03752,132.25562,115.839775,85.85013,48.19071,36.696365
93.57392,53.595222,43.74304,128.69066,105.93674,95.86053,58.494247,34.417095,27.763123,170.95518,131.52022,118.08305,87.259056,49.027077,39.220596
93.40442,53.86866,41.951645,129.15407,105.50974,97.02889,58.782043,34.029766,28.72981,170.93565,131.35257,117.61362,86.59332,48.827435,38.441525
92.62586,54.025673,43.359127,128.99698,106.008705,97.1362,58.215534,34.608616,28.449797,171.20688,131.9463,119.016594,87.44497,48.736767,39.019955
94.23306,53.86036,42.33207,129.23592,105.73677,97.62834,59.14571,34.078762,28.237885,170.9908,131.48,117.42928,88.63625,49.137203,38.15307
93.04427,53.82638,42.23997,128.25969,105.9662,96.52568,59.214516,33.830097,29.152185,171.92992,131.73322,118.892075,87.2421,47.621677,38.22522
92.89665,53.93367,42.04157,129.23656,106.104706,97.37762,57.644157,34.20574,27.38965,171.10692,132.0417,119.7281,87.04869,48.702423,39.077423
92.91848,53.496372,42.73287,129.39114,105.50356,97.67997,58.755707,33.579643,29.506166,170.24069,132.5192,118.77421,87.38265,48.230247,39.226524
93.272675,54.118576,43.103996,129.22462,105.23082,97.353264,59.60884,33.606796,29.09289,170.39067,132.1488,118.519264,85.701126,47.883244,37.500732
93.823296,54.51921,42.62324,128.31752,105.69672,96.86816,57.909462,34.137684,27.278082,171.63324,131.70763,119.491425,86.957825,48.61063,36.8736
93.713165,54.53351,41.751324,129.68391,105.38164,96.06727,59.19261,34.09002,27.968275,169.76917,131.83823,117.74783,86.90153,47.782204,37.90027
92.84855,54.157173,42.312767,128.88057,105.64627,97.36835,59.2446,33.950634,28.796253,170.9442,131.67398,118.14699,86.43953,48.039658,36.367542
93.91458,54.07161,42.797783,129.4043,105.27692,98.32077,58.951763,33.794815,28.770817,171.376,131.18996,119.38764,85.99821,48.549507,37.042843
93.36027,53.82363,42.18263,129.37357,105.95953,96.66714,58.666443,34.529106,27.740206,170.26556,132.19017,118.96178,85.38864,48.95146,36.714245
93.62999,54.39309,43.299023,128.92197,106.01291,96.72289,59.079422,34.15325,29.371933,170.41994,131.71626,118.053795,86.93595,48.123512,36.56634
93.063255,53.622093,42.172573,128.85942,105.33713,97.53372,58.97417,34.40944,27.648521,171.17598,132.83672,117.59707,87.025734,47.388405,37.677578
92.95715,53.899944,42.778564,128.31453,105.35643,96.51842,59.29457,34.410473,28.742933,171.36823,131.7498,118.28022,85.98086,48.616737,36.53976
93.18986,53.630466,43.870567,127.740555,105.1727,97.057945,59.75098,34.91512,28.106285,170.83951,132.63751,116.87111,87.21473,47.58452,39.35671
92.18849,54.659504,42.079582,128.0029,105.309906,96.65388,59.579872,34.68719,28.009583,170.7327,132.81038,118.14216,84.379005,47.062645,39.24201
94.9191,53.630257,42.11695,125.93376,103.99247,95.33197,60.313103,34.77156,28.935951,171.93076,132.79372,117.60883,85.145584,48.049404,36.738804
93.274895,54.702362,42.588272,125.53017,103.3161,95.56941,60.077038,35.217724,28.168058,170.48718,133.26508,117.56271,86.61449,47.96873,37.718895
93.39848,54.61152,43.180622,125.342705,103.22555,95.33857,60.249294,34.78564,28.584238,170.35893,132.65428,117.88694,87.65055,48.346912,38.580036
93.86001,54.167496,42.629063,125.36532,103.45707,94.2579,61.214676,34.863537,29.641882,170.77719,132.93643,116.1902,86.4134,48.44748,37.021442
93.28692,54.575146,42.2962,126.02956,103.47637,95.49447,59.99369,34.94217,29.144564,170.85243,132.48048,118.0455,87.42558,47.726448,40.269382
92.54538,54.286507,44.141308,125.368706,103.290596,94.30234,60.39718,34.975994,28.679035,171.6314,132.41995,117.586174,85.04821,47.850834,36.45174
93.75121,54.40008,42.144154,125.32202,103.66693,95.67509,60.186253,34.57849,28.529842,170.80832,132.51727,117.45442,86.38156,48.203403,38.798035
93.14614,54.47091,43.665337,126.07234,103.67114,94.76958,60.71925,34.5975,29.747547,171.45163,132.63507,117.719475,85.60144,48.116566,36.20203
93.322784,54.523968,44.271862,128.25601,105.531296,96.88399,60.509163,35.22763,28.896406,170.78038,132.74059,116.40042,84.33882,47.93836,37.397327
93.17222,55.032753,42.1486,127.389755,105.62855,96.47119,58.98152,35.440567,28.900595,171.81638,131.97148,118.23502,85.93878,47.55115,36.06343
92.94557,54.82449,42.774303,127.80341,105.65731,96.9465,60.816437,34.65747,29.727877,171.96243,131.8887,117.45306,86.68215,47.75947,35.392193
93.31146,54.490795,43.577835,127.50869,105.55585,95.8042,60.280193,34.43873,29.096111,171.31212,132.55519,116.74867,86.01845,46.84327,38.15479
93.507164,53.923588,42.858128,128.06339,104.92517,97.27923,61.06606,34.787357,28.781992,170.76875,132.26768,115.23373,87.46232,47.008587,36.087585
93.515686,54.02133,42.040276,127.588104,105.326126,97.04522,60.943188,34.35083,29.512894,170.75175,132.75801,117.84362,85.47865,47.619423,36.51449
92.14488,54.531033,42.154682,128.2532,105.39873,96.558044,59.877785,35.03824,28.79575,170.79422,132.69743,116.47086,84.78552,47.89709,37.353756
93.18104,53.424274,42.58012,127.988686,105.3544,96.50867,60.284027,34.67715,27.88694,170.49518,131.7557,117.6549,85.502335,48.78543,38.066437
91.837944,54.644592,42.148315,127.70466,105.2842,96.50545,61.534527,35.014248,29.630676,171.71028,132.28185,118.35768,86.63419,47.6512,38.40218
92.81638,53.610832,42.554462,127.77685,105.463524,95.879974,60.569233,34.669502,28.582502,170.96222,132.15973,114.47677,85.92486,48.665855,37.539467
92.7116,54.169415,42.601387,126.76413,103.58018,94.00699,60.519234,34.291786,29.222254,170.96425,132.00673,117.902374,86.95439,48.139297,36.876194
93.09017,53.65738,43.291283,125.93402,103.44141,94.03056,61.219196,35.08181,29.1328,170.70795,132.81503,116.07352,86.05401,48.914417,36.797253
93.23691,54.60494,41.692387,126.27149,103.68158,94.9187,60.50796,34.815598,28.056559,170.85213,131.9579,117.54471,85.95561,47.683743,38.29958
93.03804,54.597767,42.448193,126.41202,104.076035,94.6622,60.390854,34.82881,28.910803,171.56673,132.28452,117.779144,86.89581,48.18434,39.143467
92.730774,54.15686,43.13419,128.87764,105.68471,96.523735,60.930527,34.942097,29.072338,170.97925,131.95396,118.13406,88.04114,48.19799,36.83027
92.99476,53.989986,43.125927,128.9682,106.0333,98.33693,59.115883,34.04831,29.001513,170.97173,131.84737,116.61091,85.78893,48.148003,38.937893
93.52098,54.41395,42.897713,129.10492,105.827225,96.39917,59.377327,33.721096,29.284168,171.48741,132.48898,117.531815,87.329994,48.065723,38.767925
93.103806,54.2411,41.425377,129.21687,105.15192,98.10306,58.699715,33.93497,28.573353,169.61429,132.2588,116.95321,85.50795,48.201714,38.82695
92.673355,54.159805,42.05407,129.00916,105.83354,97.42241,58.68132,34.121857,28.545397,170.04677,132.34471,116.66706,86.48289,48.296883,37.85567
92.993866,53.79455,41.145676,129.40018,105.860825,98.0027,58.429897,33.721287,29.286318,171.45297,131.82428,118.44388,85.994156,48.404346,39.022694
91.97,54.139942,41.51129,128.77298,105.78944,97.4595,59.44828,33.988373,29.028244,170.79523,132.47456,117.59326,85.74656,49.32257,37.71387
92.91007,53.284157,42.953735,128.9162,105.93421,96.77774,59.092594,34.378807,28.01521,171.53171,131.93932,117.91613,87.46786,48.38391,37.309875
92.69636,54.668262,41.853825,129.54848,105.37176,96.52119,58.98412,34.06475,28.230509,170.04675,132.59827,116.0757,87.660645,47.819733,36.353024
93.18133,54.02693,43.826145,128.34142,106.37931,97.10218,59.448566,34.091713,28.146395,171.68544,131.60616,119.78049,86.117645,48.33867,37.41003
92.56983,53.932503,42.093662,128.97948,106.09802,97.82025,59.301617,35.02569,28.891968,172.26538,132.19574,117.65581,86.27831,48.887596,37.61895
93.167305,54.049717,41.04015,128.94795,105.61362,97.02052,58.999897,34.495426,28.52288,171.13405,132.22682,116.368065,86.08476,48.982773,37.448463
92.58354,53.612453,41.585518,129.3088,105.72186,97.97206,60.32447,34.31467,28.478575,170.46504,131.93396,118.449234,85.82101,48.71445,38.588364
92.36698,53.919792,42.196922,129.43953,105.721436,95.82744,59.49725,34.897144,28.231327,171.50429,131.50993,119.1367,86.12889,49.222725,37.549343
92.68111,53.86551,42.716904,128.2467,105.6366,96.93383,60.05676,34.38526,28.994663,170.07268,131.8294,116.78912,86.16967,48.087612,38.77137
93.2388,53.629578,42.68412,129.02245,105.38273,97.36822,59.85457,34.1998,28.934855,170.57996,131.70015,117.27774,86.816956,49.311874,36.704895
93.47688,53.968422,42.801098,127.12804,104.63775,96.0823,59.85599,34.47323,29.59982,170.77896,132.39407,116.30331,86.60051,49.067886,37.524174
92.93998,53.89168,41.718548,127.30592,104.128685,95.18734,60.369778,34.40864,28.874191,171.21765,132.20297,117.34562,84.34074,48.16004,38.620567
92.91788,53.556774,43.125748,127.428825,104.246895,95.934204,60.226734,34.46392,29.138718,172.26201,132.0838,119.52374,85.81089,48.447964,38.414894
93.05529,53.613487,43.045444,127.27249,104.28236,96.283035,58.773052,34.244576,28.800577,170.0926,131.90883,117.63346,86.8535,47.981472,38.524124
92.00331,54.278847,43.111633,128.98277,105.50372,97.62778,58.790123,34.64464,27.846083,170.86974,131.86107,119.0694,86.842545,48.303596,37.083996
91.69898,53.784992,41.126358,129.31999,105.40857,97.3057,60.09308,34.385323,29.647459,171.03207,132.82753,116.94616,85.786156,48.920845,38.50708
93.34804,53.205166,43.111343,129.06824,106.14776,96.0112,58.233097,34.082478,29.099337,171.40436,131.92111,119.14802,87.0497,48.735966,39.453384
92.9224,54.046097,41.85064,129.0757,105.719345,96.6023,59.431244,34.05295,28.456017,172.16335,131.55424,120.21636,85.461624,48.747223,37.57458
92.86656,54.290554,41.904232,129.14384,105.90338,97.46584,60.14924,34.010666,28.604563,171.51999,132.2668,118.03047,85.591064,48.26103,37.737156
93.449036,53.70117,42.084457,129.21515,106.36384,96.96256,58.387657,34.342472,27.946857,170.63956,133.39087,117.03685,86.89618,47.89664,37.2164
91.8609,53.92509,42.270042,129.87419,105.62389,96.800545,59.065815,34.27966,28.348206,171.7695,131.56776,120.0452,86.980095,48.557552,38.330994
93.45732,53.440395,42.878708,129.50269,106.47435,97.6316,58.94802,34.483604,29.50793,171.59732,132.45131,118.53063,87.26199,48.215157,39.143066
93.77155,54.120224,42.5955,129.48518,105.674706,97.90036,59.316837,33.76131,29.36408,171.2475,132.90932,118.18832,86.816696,48.100204,38.251457
92.72691,53.804337,42.99047,129.15067,106.003174,97.29551,59.27892,34.571083,29.76557,172.3829,132.34735,119.04425,88.392,49.225075,38.55749
93.14868,53.933693,42.475258,130.21332,106.06504,97.28047,59.34663,34.234318,27.936876,171.52115,132.67882,118.36821,86.36553,48.782017,37.37821
93.38222,53.737823,42.13957,129.72995,106.089424,97.58961,58.933445,33.923954,28.582697,171.45628,132.50464,118.33821,85.62892,48.35751,39.78958
92.59084,54.182083,41.60028,130.16461,106.28192,96.5135,59.766663,35.199474,28.436554,170.71384,132.6116,119.44125,88.69321,48.16384,37.457386
93.62569,54.280342,43.54394,128.8597,106.643074,96.56588,59.524353,33.91758,28.791584,172.22505,132.6759,118.23067,85.98189,48.67708,38.2579
93.22418,54.563297,42.271866,129.62407,105.995514,98.14747,59.075188,34.38911,29.582174,171.13571,132.19781,121.57442,86.47338,48.73057,39.122105
94.88108,54.040043,43.38802,129.30771,105.90774,97.69113,59.09223,34.54039,28.168737,172.13188,132.27534,120.31887,86.92201,47.803635,38.294765
93.00851,54.46309,42.272804,128.72728,106.228966,96.8991,60.148758,34.654324,28.888165,172.63255,133.07619,118.122826,87.544945,48.78197,37.680378
94.957245,53.90406,42.519756,129.03163,106.16891,97.13319,59.813633,34.183575,29.367302,172.27812,133.12149,117.32113,85.89296,48.42675,37.876316
94.59551,54.08106,42.935925,129.46754,106.17331,97.27892,58.454582,33.965267,28.407219,171.52484,132.55963,117.60843,86.96541,48.822353,37.36184
93.799675,54.127914,43.29497,129.15723,105.912445,97.93084,59.630604,34.599785,28.421293,172.10245,132.62636,119.36182,85.63765,48.749763,37.0262
94.125374,54.69551,42.091312,129.32988,106.106384,98.39306,58.765343,34.33232,28.3428,170.69983,133.14818,117.41543,85.60975,49.346592,37.25108
93.61418,54.255466,43.359615,130.08348,105.561134,98.06455,59.582027,34.652313,29.232811,171.12115,132.92166,118.243996,85.84559,49.69155,35.345882
93.74624,53.920498,42.161835,129.21635,105.97645,96.24183,59.0844,34.33209,28.12749,171.97403,132.30606,118.69442,85.833855,48.603474,35.880615
93.65331,54.24067,42.93016,129.40135,105.92747,96.17508,59.59206,34.54863,28.893034,171.63931,132.97534,116.940155,86.89194,48.81887,37.566586
94.06593,54.435223,42.391445,129.53088,106.14505,97.329575,60.447495,34.291447,29.634245,171.66216,133.22977,117.588295,85.8111,49.08285,38.306915
93.38862,54.476532,42.94008,129.00697,106.23835,97.14558,58.979626,34.043644,28.471924,170.92677,133.43454,116.733765,86.09196,48.742897,37.441635
93.902954,55.128273,41.14603,128.76027,105.90274,96.64409,59.748363,34.184208,28.991545,171.63397,132.85968,118.73639,87.07035,49.352806,40.25331
94.18401,54.042717,42.74659,128.24658,105.93875,95.425705,58.96109,34.575893,28.400124,171.8978,132.84444,116.93634,87.93374,47.63053,39.128952
94.411766,54.835255,42.30798,128.39037,106.07711,96.77775,59.719593,34.551003,29.044224,171.7257,132.96123,118.22539,86.603546,49.02418,37.874725
94.28683,54.6839,43.36856,128.21909,104.80372,96.57981,58.789932,34.317253,29.31879,172.26079,132.91966,118.88043,86.32163,49.32593,38.479744
94.56343,54.636734,43.110287,128.50752,105.001015,96.40867,59.32994,34.73118,28.018238,172.00801,133.00179,119.19693,86.90115,49.33492,36.605385
94.2407,54.96646,41.649178,128.5501,104.8231,97.77931,59.970387,33.874332,29.008917,171.88312,133.15091,116.246414,85.74944,48.60995,39.20081
92.65709,54.180187,42.44488,128.28493,104.96612,96.775826,59.88113,34.251274,30.377771,171.79411,132.2571,117.42161,87.10774,48.498016,38.02189
94.360954,54.600174,42.839325,128.01404,105.58659,96.0368,59.381832,34.415543,29.35084,171.54047,132.6209,119.15142,86.42146,49.620304,37.32558
93.8775,54.156967,42.707924,128.73564,104.933205,96.7079,58.190105,34.674187,28.908016,172.31042,133.33987,117.41957,87.19621,48.895733,38.0866
92.96964,54.162514,42.41472,128.49207,105.184845,97.023766,59.310448,34.23996,29.06788,171.88554,132.44147,118.45207,87.38592,48.630585,38.681736
92.536964,53.864872,40.944714,128.07925,105.079544,95.68542,59.96481,33.861664,28.239737,171.58907,132.52376,118.37132,87.529274,48.86859,37.35908
93.77685,53.845955,40.983093,127.758484,105.23018,95.21713,58.471516,34.335266,28.688261,171.6995,132.21205,117.86167,86.32809,48.76027,36.38925
93.48996,53.763813,42.78718,128.31047,105.22094,96.17585,58.70439,34.285084,27.832243,171.50688,132.83267,118.30655,86.95712,49.05017,38.919132
94.094864,53.72132,43.270565,128.28575,104.68952,97.10341,59.453278,34.517635,28.530172,171.93716,131.41737,121.52925,86.42645,49.074448,39.226856
93.28161,54.047756,42.83091,127.9551,104.79707,96.63096,59.14104,34.459396,28.705875,171.05777,132.4413,118.82235,86.238434,48.54936,38.690952
94.82915,54.30761,42.17729,129.4533,105.174866,97.78188,59.28211,33.7035,28.855978,171.1809,132.72559,116.61999,86.91094,48.655617,37.66885
160.29016,75.72737,72.5282,187.81732,156.33932,100.4024,134.83098,64.3611,70.711266,152.78226,148.94379,135.82317,133.59099,112.09271,95.95563
160.09624,75.039536,72.35843,188.72173,157.55234,101.41682,136.0374,65.59309,72.02702,154.31918,149.43828,136.2854,134.36322,113.24797,97.2497
163.7725,76.39792,75.725044,191.49065,160.59001,104.45943,141.01749,69.091965,76.298454,157.55688,152.7237,138.75095,138.34967,117.567924,101.10595
163.39458,75.70792,76.23111,191.66782,160.85472,105.06459,140.4924,69.08647,76.50081,156.69574,151.45464,137.6367,137.00323,116.162834,100.62347
163.14131,75.722,76.50637,191.5338,160.84839,105.31897,140.07129,69.27466,76.69141,157.52196,152.26497,138.19247,136.97345,115.786415,100.017105
193.50098,189.50809,182.98715,185.47765,186.32242,177.88377,183.39755,168.24222,151.56436,166.2435,158.97519,154.10071,143.03827,133.25201,120.46762
193.08577,189.4133,181.9932,181.46022,179.53792,170.22137,169.91743,153.86707,131.3954,176.00739,170.86769,167.00517,144.46458,132.82005,119.57483
193.17938,189.22568,182.51761,174.89175,169.40953,159.82028,151.06895,135.90025,108.78152,181.68155,178.0142,173.48099,147.2942,134.40028,122.92106
191.9443,187.70874,181.13066,174.65816,168.6812,161.44737,151.97023,140.66225,123.910065,183.37697,181.11343,177.86856,149.73067,137.99107,127.787094
191.90565,187.51678,180.97305,172.04297,165.82838,161.02661,159.92029,148.9974,139.61761,182.16486,181.24777,177.54836,153.2348,141.6643,133.24599
191.23102,187.04277,180.38783,163.81131,158.18282,154.21738,157.9892,147.78987,140.66782,182.47592,181.10876,176.10007,156.4026,145.6461,137.25565
191.75777,186.39883,180.95607,158.01573,151.94641,148.77759,139.59428,129.53244,126.22451,189.57185,189.25784,183.88417,161.09674,150.57887,142.37393
191.31197,186.43724,180.36914,153.76013,147.85196,144.27019,130.02214,116.68166,114.619415,190.7803,191.49838,185.98962,165.8609,155.3649,147.20508
190.68306,184.76624,178.6945,152.97507,147.12398,142.58893,120.48442,107.07896,105.17131,193.68796,194.47935,189.62718,167.86407,157.75041,148.17232
190.18477,184.00296,177.90082,153.234,147.97626,143.62428,120.15241,107.49779,104.61876,194.45303,195.35277,189.93199,169.61734,159.91505,151.33014
189.88806,183.49216,177.32135,155.40593,150.91512,146.90701,126.88044,115.010765,110.968864,195.0955,196.8606,191.03242,171.18933,161.11916,154.03477
190.2473,184.23856,177.36082,157.99747,153.96605,149.81567,135.37737,122.31653,119.063545,195.00417,196.76083,191.78314,170.30093,161.66614,154.25558
189.2945,183.02673,176.36687,160.70929,157.22922,152.67542,140.96046,129.02989,124.839584,195.98047,198.10994,192.41966,169.96658,160.58821,154.83138
188.68706,182.44011,176.509,163.99217,160.81769,156.23112,146.80681,134.58965,131.41353,195.99373,197.32085,192.08055,170.1502,162.35606,155.48183
188.25162,181.96147,175.43947,169.19978,166.17848,161.06451,147.22862,138.21713,133.89073,195.07002,196.9572,191.87843,170.21085,161.29788,155.18352
188.26869,181.35982,174.69269,170.48982,167.42448,162.7464,151.42398,141.08202,137.27316,195.27834,197.14445,192.19507,170.76518,163.37949,155.91296
187.52351,179.85776,172.98016,171.07787,168.4032,163.7392,151.01537,142.15501,138.10492,194.91997,196.69148,191.448,170.32335,162.63693,155.21959
189.17348,182.99178,176.94559,174.1527,171.74414,166.59477,155.01419,146.25005,141.66858,194.29541,195.62585,190.71455,170.85945,163.02368,156.6505
189.44214,183.48242,176.93274,176.20914,174.45107,168.8377,157.57692,147.26443,142.94351,192.22554,193.86292,188.31828,168.79083,162.18404,154.67859
189.0505,183.20024,177.4054,177.42004,174.85344,170.23201,159.77403,150.35828,145.94012,188.6335,189.32408,183.46718,163.49805,156.43106,149.76709
189.73251,185.3284,178.9432,179.17696,176.94765,171.57964,159.9429,149.98976,146.17554,183.09192,183.13383,177.88298,161.47589,153.34032,145.94897
190.5969,186.20638,179.9657,178.00253,175.60208,170.62256,160.46432,149.28249,146.14845,177.55687,175.3703,169.42464,157.11469,148.89659,142.49548
191.35074,187.05716,180.79297,177.20383,175.4317,170.7868,156.87103,144.53688,141.25433,172.5575,168.69237,163.92433,152.99677,145.5212,138.91858
190.77707,187.18025,180.41093,178.88025,177.20766,172.56331,154.80214,142.47644,138.22655,168.04141,163.62428,157.37166,149.00244,141.30058,135.70859
190.18382,186.3723,179.77779,177.69856,174.77307,169.88448,154.47787,141.52711,137.4474,163.2133,157.29662,152.99667,148.9607,140.8432,135.1718
190.76675,186.81767,179.92494,178.44748,175.03773,170.29817,154.26215,141.658,138.81067,162.63356,155.99742,151.61418,146.48775,137.50076,132.74184
189.30733,185.2931,179.02785,179.86176,176.29529,171.72356,154.05478,140.80145,135.86682,155.9393,148.48659,146.23843,141.09416,131.65987,127.84491
187.656,183.9386,177.0516,179.34856,175.31042,171.20703,153.19366,139.015,134.14052,150.93044,143.85071,141.00894,141.07623,131.51495,126.811844
188.06812,185.3071,178.32106,179.01483,175.26178,170.68839,152.25368,139.21785,134.82716,154.23462,147.78542,144.37828,143.07054,134.66476,129.54305
189.38852,185.87675,178.98557,178.11787,175.39784,171.14464,154.39714,140.4916,136.67055,156.31693,149.5914,146.14105,145.70728,137.96098,131.80865
190.08319,185.929,179.60852,177.72556,173.66136,169.05635,155.45912,141.0246,137.04398,160.81483,154.84093,150.64177,144.66444,136.38046,130.78415
191.53346,187.16728,181.29091,177.5632,174.52759,169.69763,154.66403,142.45386,138.96648,169.0095,163.56706,159.02469,154.06805,146.06436,140.72064
190.67679,186.61133,180.26096,177.5697,174.79742,169.80678,158.72704,146.00995,142.59695,174.84723,172.32153,167.09268,159.03915,150.91212,144.14554
190.38194,185.06702,179.12892,177.33972,174.67905,169.66515,159.22981,147.94495,143.44498,181.87776,179.61545,174.59543,163.03178,156.79915,148.97691
190.3261,185.18214,178.76717,177.71675,175.71002,171.13712,160.12462,148.89064,145.48439,188.30518,188.93413,182.95544,164.15706,157.75655,150.59572
190.10895,184.39587,178.33119,178.76685,176.78336,171.88313,161.4546,152.52052,146.12102,192.5464,192.9604,187.16493,170.28749,163.49692,155.41841
190.18234,184.34775,177.88632,176.97533,175.04291,169.6178,162.58406,153.1918,148.18608,191.56554,192.62619,187.16542,170.15453,163.11864,156.0676
189.30128,183.66823,177.05496,178.50789,176.66649,171.7875,162.63962,153.1795,147.84052,191.70439,193.06148,186.56511,171.99431,165.5362,157.73451
190.12914,184.24202,177.36053,178.09473,175.8738,170.8313,164.45927,154.93356,150.66272,193.86253,195.82123,190.71654,173.55139,168.15472,160.45059
189.91165,184.02504,178.16797,176.72986,173.87581,168.72571,163.48839,154.2596,149.25005,194.45485,195.89996,189.90544,172.52861,167.40714,159.85464
190.48299,184.5689,178.42305,176.89917,174.0214,169.36841,163.9288,154.08344,148.94232,193.13216,195.48271,189.79936,172.62547,167.26534,159.88226
190.57594,185.01082,178.95218,177.54826,174.80783,170.19487,164.28741,155.34943,149.88861,191.63353,193.33888,187.70306,170.34541,164.51782,157.48143
191.77449,186.34465,180.42665,177.5134,174.54839,169.94624,163.86176,154.69128,150.32321,190.09938,191.12553,185.48506,170.56078,164.59679,156.76173
191.28847,186.69023,179.83968,177.92815,174.90013,170.11093,162.94699,153.52028,148.14284,187.2219,187.83638,181.463,167.11813,161.19957,152.8824
190.4196,186.17346,179.39044,177.45105,174.67651,170.80139,161.0644,150.80185,146.30414,184.29857,183.80165,178.24974,164.10677,157.01155,149.84721
190.22598,185.00313,178.61482,176.9593,174.68385,170.21599,159.94981,150.12563,145.52077,183.26949,183.34981,176.60385,162.8478,155.40929,147.14928
190.41643,184.87766,178.42818,178.63806,176.4694,171.67014,159.85225,148.98732,144.93735,180.72563,180.49394,174.6187,160.53188,153.21486,146.52542
189.95425,184.6092,178.0571,177.91534,175.32999,171.34642,160.4891,148.37534,143.74152,178.05394,177.11316,170.24391,157.5849,149.30777,141.83086
190.48856,185.0634,178.20299,177.81616,175.48659,170.73393,158.94267,147.93124,142.5315,183.64319,183.01317,176.97464,162.19081,154.93126,147.34438
189.22057,183.9067,177.79121,177.88054,175.34898,170.60075,160.15884,148.19957,143.86682,185.58571,184.64275,179.22006,161.12355,153.1672,146.51566
188.21916,182.31972,175.68454,179.56683,177.45612,173.33546,159.2707,147.55443,141.48238,186.23872,185.07405,179.57736,161.84755,154.73103,147.62938
187.83748,182.35014,176.44223,179.24594,177.76353,172.93987,159.95444,148.89745,145.51604,189.9508,191.56157,184.68193,163.85263,155.14612,148.25868
186.49335,179.89807,173.59085,177.084,175.8576,170.55396,158.74272,148.41148,142.83658,191.79373,193.38074,188.21011,164.72763,155.47073,149.9015
183.3673,176.36151,169.71779,177.50087,176.34093,171.18585,158.99077,147.9957,141.16411,192.23405,194.5328,189.03696,166.65045,156.27257,150.37137
182.81537,175.18697,168.65085,176.87582,175.42404,170.45963,158.6161,146.9579,140.36366,194.0479,195.10068,189.55746,166.29747,156.61638,150.32448
179.91466,171.49373,164.45183,175.8012,174.16093,168.70769,152.37592,140.9175,136.15007,194.27335,195.16003,190.37453,166.50897,155.8916,148.87079
178.75398,170.06425,163.24352,174.22208,172.843,166.6343,152.97545,141.22054,135.0528,194.06717,195.21822,189.85448,166.27815,155.51003,147.50647
177.33914,167.94695,160.52489,171.07896,168.58089,163.27478,152.6105,140.69019,134.53754,194.0254,194.62303,189.7862,165.31265,154.68388,145.07726
178.22676,168.23003,161.37517,173.90733,172.16188,166.8363,150.59274,138.45023,133.66006,194.01526,194.91394,190.31575,167.5244,156.53923,149.25352
179.54533,171.21426,164.4774,174.79314,173.02946,167.23094,155.9351,143.26701,137.21405,193.56071,194.90585,189.26399,165.5078,154.57368,146.22597
181.25204,174.52151,168.53008,176.83691,175.42737,170.32199,156.4734,144.54904,138.58794,191.94922,193.20166,187.86748,161.78061,151.3782,145.8654
182.54393,176.16026,170.15419,179.15654,178.93855,174.44763,155.98991,142.23192,136.88867,189.57991,190.0818,184.75725,160.0313,150.24205,144.95357
184.4411,177.8073,172.19302,179.57492,178.55098,173.9715,157.42969,143.82042,139.94926,183.71407,182.63359,176.27394,159.01408,148.82306,143.6146
186.00798,180.1394,173.82913,177.31476,176.23143,171.50516,157.81969,145.17763,140.95297,183.2134,181.74236,175.77937,157.82529,149.05276,142.611
187.28464,181.58977,175.58421,178.97058,177.21849,173.06117,159.63318,147.5835,143.11217,181.04358,178.9254,173.28267,160.25287,151.56158,145.60258
187.69164,182.45714,176.48253,178.21094,176.72,171.4313,159.08125,145.68044,142.37744,179.62851,177.76271,172.39626,160.11884,152.72856,145.3303
188.53183,183.47408,177.27216,178.36789,176.07689,171.88663,159.08717,148.2769,142.80927,185.82144,185.97061,179.58409,161.49936,153.95436,146.27927
189.05225,184.18147,177.40411,177.6437,175.22952,170.64311,160.92542,151.05313,146.41016,188.09586,188.67323,183.43929,165.16797,158.29584,150.54047
188.84412,182.85513,176.8836,177.9767,176.12549,171.87117,161.61455,151.70442,146.69234,189.1538,190.17996,184.5394,168.13446,160.39767,153.14961
188.7501,182.93997,175.98593,178.09576,175.83533,171.12845,164.09381,154.65222,149.78241,190.40251,191.48146,185.9082,171.52786,165.37643,158.28262
188.93852,182.73878,175.77647,176.2923,173.31903,168.54712,164.97337,156.20839,150.18655,193.5446,194.92096,189.60876,174.69547,169.6509,161.92683
188.62154,182.79855,175.92339,176.71762,174.02777,169.97977,164.74179,156.47667,150.83673,193.3666,194.99673,188.25938,175.4756,170.05612,163.65671
188.73451,182.26823,175.68462,176.74722,174.02443,169.47345,164.92511,158.43494,151.69995,193.46556,195.45547,189.63861,178.08755,172.70612,164.8412
188.424,182.35039,175.69952,176.53227,173.78912,169.97383,164.0278,157.17497,150.91551,194.47618,195.63872,190.33487,178.59352,172.96756,165.30743
188.28677,182.27692,175.97708,176.62744,173.84967,169.07182,163.16364,156.26941,149.97993,194.01833,195.75267,190.85127,179.69685,175.10292,168.06154
188.90126,183.12039,177.41396,176.56776,174.04727,169.61983,165.38364,157.93243,152.59482,193.9935,195.0757,189.35248,178.44112,173.8434,166.82555
189.27617,182.53548,175.97926,177.1295,174.66663,170.87186,165.68484,158.3576,152.17668,192.12393,193.2392,187.31343,176.46417,171.3008,164.61827
189.0225,182.4525,176.2765,177.58699,175.11848,170.5124,166.39459,158.03185,152.53996,190.9665,192.03955,186.89351,175.48567,170.13684,163.16124
189.0636,182.67456,176.98701,177.73244,174.90532,170.71178,166.51947,158.55876,152.8497,190.89493,191.6284,185.95905,172.6758,167.02858,161.06499
190.36734,184.63528,178.80067,177.61183,175.20322,171.07567,164.7639,156.36285,152.18796,189.61674,190.48552,184.8981,172.54503,166.90172,160.91461
190.30124,184.57022,178.55818,177.86559,175.53531,171.72646,164.26329,154.8191,150.54788,189.76138,189.61511,184.51904,171.0659,165.4182,158.23222
190.60768,185.16498,178.86937,178.14119,175.62755,170.87566,163.39847,154.3275,149.7506,189.31694,189.78363,184.05547,170.73817,164.74097,158.53978
190.5879,185.43268,178.63019,177.53915,174.62564,170.49196,163.81369,155.20935,149.79893,189.33229,189.342,183.81053,170.91127,165.31682,158.21286
190.39493,185.35205,179.17307,177.99637,174.7699,170.95665,165.95142,158.91571,153.77754,190.82974,191.58519,185.78082,172.29121,167.33212,160.2139
189.22527,183.79338,176.8608,176.8687,174.01735,169.87802,167.78314,161.38326,155.09325,193.24348,194.87033,189.32477,176.59471,171.41786,164.27304
188.86983,182.1872,175.78836,175.43347,171.78178,167.55527,166.8608,160.66644,154.1984,194.16487,195.92305,190.35448,178.20537,172.89131,166.31522
188.10825,181.66522,174.71051,174.36728,170.9334,166.56148,166.2591,160.6972,154.76288,194.95203,196.23111,190.99425,180.03708,175.3845,168.90749
187.81754,181.42825,175.22858,174.16333,170.53716,166.33075,166.6911,161.48947,155.09404,195.61432,196.5042,191.5688,181.31554,176.65327,170.23512
187.74973,180.9374,174.13525,175.65872,171.98798,168.1251,166.39584,162.3053,156.17337,195.18149,196.4078,191.10371,182.44986,178.49359,172.03731
187.47989,180.44868,174.47493,175.33842,171.65167,167.4644,166.15356,162.51086,155.63013,194.98026,196.14221,190.71103,183.93307,180.12833,173.28746
187.0788,180.22731,173.49428,174.96976,171.13411,166.59056,166.39995,162.55913,156.5603,194.68279,195.97363,189.88232,185.20288,180.93787,174.80804
187.36322,180.17453,173.39685,173.86601,169.39688,165.4679,169.10121,166.14867,159.1981,194.1441,195.08447,189.57921,182.65688,179.15778,172.75844
187.98921,180.57457,174.49722,174.90517,170.65932,167.55049,169.93321,167.01064,161.04164,194.00465,195.6647,190.95845,182.38281,179.57167,173.0402
188.22374,180.61916,174.27995,175.15402,170.20912,166.6382,171.34578,168.15234,162.17964,193.94516,195.154,190.2173,182.34656,179.46669,173.42522
188.26472,181.18266,174.7789,175.23538,170.21469,167.01448,172.36534,169.35895,163.4046,193.59131,194.56343,189.51523,181.1499,177.62358,171.80022
188.31708,181.24628,174.77354,174.46094,169.84702,166.23293,172.99945,169.46646,163.07849,192.3731,193.76138,187.59467,181.3177,177.73473,172.53062
188.88043,183.58449,176.96002,175.53735,171.13667,168.31801,173.33568,169.66779,162.44232,192.73145,193.74524,188.83182,181.06813,177.20926,171.10912
189.02374,183.35829,176.83052,175.55405,171.0817,167.52777,172.97142,169.46887,162.22842,192.9616,194.39629,188.59666,181.56831,177.57631,170.99875
188.8333,182.88895,176.52979,175.65996,170.98318,167.41385,171.28644,168.0378,161.40448,193.28456,194.35486,189.48613,180.11156,175.93935,169.98938
188.71452,182.28004,176.30052,175.37343,170.96774,167.52171,171.7393,168.78061,162.11742,192.71078,194.31201,188.92398,180.2032,176.37267,170.50748
187.66585,181.37086,174.87848,175.5572,170.70071,167.24571,170.66156,166.6325,160.28966,193.38155,194.88275,188.80547,181.19687,177.73428,171.656
187.84921,180.73131,174.43286,173.99033,170.02466,166.00478,170.3371,167.27202,160.34581,193.87912,195.3647,190.16449,181.96246,178.13219,172.33359
187.97318,181.14384,175.07394,174.74068,170.54816,166.59769,171.74289,167.57481,161.25171,194.45924,195.93332,190.67322,182.14732,177.93459,171.07579
189.16992,181.97948,175.61226,174.65746,170.77568,166.06583,168.57779,164.4337,157.46404,194.87352,196.30579,190.91096,181.04826,177.55956,171.30116
188.13542,180.62549,174.56166,176.34993,172.57846,168.15884,166.19725,162.61615,156.1901,195.20398,196.90013,190.79965,182.75455,179.06026,172.90456
188.4019,180.56654,174.50075,176.03003,172.77847,168.41364,165.50302,161.87508,156.40216,195.34163,197.19608,191.29736,182.99068,179.13924,172.92543
188.34221,180.21428,173.71628,175.95683,172.5285,167.55586,163.84857,158.16101,153.24715,195.9452,197.16136,192.17964,184.08908,180.56628,173.56363
187.75305,179.19968,172.34221,174.95654,171.56577,166.87967,163.66261,158.15141,151.65662,196.25282,197.1051,192.13985,182.33607,177.18701,169.59938
187.57014,179.97162,173.48126,174.45424,170.80164,166.9782,163.48738,157.06851,151.47765,196.23547,197.38464,191.51123,181.43724,176.4432,168.85883
187.12628,180.22653,173.33276,174.10728,171.15524,167.00203,163.48277,156.97678,151.17082,195.35846,197.41307,191.85081,181.37589,175.77904,169.09827
187.1024,179.78065,173.47633,176.00603,173.51154,168.82988,163.40883,155.98372,150.5694,194.66866,196.98828,192.13036,179.44342,173.8723,167.23839
188.15387,180.83119,173.79129,175.11967,171.78664,167.19368,164.8125,158.19276,152.75122,195.3054,197.00658,192.19432,179.61378,174.47894,167.00879
188.03651,180.13338,173.05646,174.31044,171.5343,167.58054,164.14879,158.09961,152.65576,195.32161,196.886,191.03996,181.13678,175.98074,169.18462
188.1761,180.90497,174.06201,176.22504,173.74298,168.75032,164.31595,158.94545,152.91936,195.28654,196.75983,191.5966,180.50514,175.83116,169.41693
189.42538,183.57956,177.6436,176.32332,173.35725,169.20149,167.49776,160.35117,154.39459,194.57314,196.1327,190.94035,177.78069,172.50171,165.84706
189.19487,183.30588,177.23538,176.26062,173.35962,169.64221,166.85347,159.56447,153.98195,194.46516,196.08844,190.63005,177.14064,171.51324,164.54272
189.25311,183.01323,177.21024,176.17924,172.97858,168.49927,166.26297,159.25388,153.53613,193.89723,195.47136,190.9004,178.16058,172.52657,165.86948
188.60393,182.49289,176.41354,177.27812,174.2699,170.15283,165.805,159.46056,153.2469,194.5772,196.02692,190.26476,179.21802,173.88913,166.99567
187.90335,180.81905,174.2577,176.49033,173.61841,169.79297,165.72478,159.12357,153.48557,195.70079,197.02527,191.90071,178.82802,173.82382,166.70973
189.29959,181.88857,174.99031,176.14716,172.84067,167.90804,165.57436,158.86255,153.15323,194.96071,197.07726,192.04692,179.64178,174.87486,167.73622
189.89403,182.83064,176.59755,176.12279,172.82413,168.98912,165.54733,159.19203,153.29445,195.16687,197.14026,191.94557,180.4463,175.25296,168.4138
189.50764,182.27867,175.23508,175.92117,172.52963,168.29451,165.19446,159.76427,154.43756,195.75716,197.32988,192.37668,181.59254,176.6911,169.76457
189.26213,181.4623,175.23547,175.26971,171.78809,167.53302,164.74931,158.97902,153.7399,195.56425,197.15999,192.32661,183.01076,178.73654,171.7096
188.52122,180.44008,173.2556,176.36095,173.15971,168.81624,162.48544,156.54399,152.35426,196.11417,197.6736,192.15086,182.36977,177.87355,171.25488
188.23401,179.916,173.15607,175.79738,172.92271,168.31566,163.26422,157.72516,151.48431,195.87175,197.71805,192.65132,183.21922,179.41237,172.51666
188.47299,179.98015,173.49345,175.89568,172.7193,167.79977,164.53958,158.1922,152.49576,196.2676,197.69725,192.57968,183.84804,179.86224,172.83795
188.50458,180.83238,174.45071,174.1945,171.14903,167.12785,162.8354,157.55824,152.12555,196.76407,197.78891,192.80794,184.42128,180.03255,173.84445
188.22415,180.487,174.33223,174.02364,170.95473,166.06409,163.04092,157.20972,152.34436,196.89452,197.91565,192.9572,184.82802,181.09337,174.09547
188.28394,180.51807,173.68367,173.8915,171.15704,166.11049,163.26256,158.10146,152.29005,195.83546,197.91359,192.59851,182.45393,178.34363,172.15047
188.77606,181.66483,175.38268,175.44879,172.13116,167.6194,167.37271,162.15851,156.2563,195.51427,197.27112,192.36214,181.59593,177.55092,170.95784
191.31337,185.21045,179.08176,176.7135,173.34491,169.14523,170.00616,164.72455,158.73645,194.58643,195.78433,190.91513,179.91817,175.36725,169.35614
192.2382,186.67244,179.9899,176.54831,173.1012,168.89915,169.76825,163.24034,157.31947,189.3418,189.93068,184.75664,174.62265,170.52911,163.55235
193.01288,188.11116,181.40945,176.53938,172.69347,169.08624,170.908,165.3707,158.28699,189.18843,189.90717,184.32784,175.16904,170.52722,165.4137
192.96596,187.9881,182.03862,176.47519,172.09564,168.36658,170.0882,165.07574,158.60284,188.93361,189.28206,184.01904,175.13261,170.74124,165.45425
193.08655,188.07468,181.82011,176.46326,171.70428,169.02374,170.83295,166.36377,158.974,189.1266,189.6513,183.6874,175.09859,171.10524,165.7618
192.5929,187.49245,181.26767,176.55371,171.29854,168.97246,170.63994,166.61876,160.47707,190.81181,191.36378,185.98157,177.12549,172.66454,167.66779
191.95627,186.94295,180.75401,176.33826,170.95703,168.17,171.29367,167.82608,160.95418,191.37651,192.46895,186.395,177.39996,173.7488,168.69003
192.70679,187.09097,181.11462,176.27678,171.23154,168.01471,170.68411,167.15135,160.17923,191.24998,192.06236,187.08134,174.25613,170.15663,164.78229
192.64104,187.54305,181.13127,176.32687,172.55733,169.05377,170.0987,164.01051,157.05832,190.43759,191.36324,185.94801,176.01521,171.10977,165.42159
193.41743,188.38228,182.04231,176.51018,172.56555,168.72556,168.65053,163.14459,156.78387,187.65047,188.39069,182.35406,174.60675,170.082,164.79558
193.9743,189.29092,183.41924,176.48047,172.03384,169.37733,170.95068,165.25781,159.54425,184.98935,184.78429,179.00633,173.02705,168.02567,163.27797
194.08813,189.83383,183.50063,176.25752,170.99792,167.81746,169.1262,163.90392,158.38484,181.30653,180.79512,174.69179,171.00308,166.1432,160.9365
194.5096,191.02992,184.79852,175.2056,169.46996,166.60832,168.56412,162.69742,157.30061,175.20667,172.34283,167.0536,165.22496,160.8763,155.46379
194.00534,190.48164,184.349,174.81895,168.93422,165.22398,165.20947,157.58945,151.95563,174.86069,170.82436,167.04079,161.01068,154.76892,150.15924
193.60074,190.19283,183.80684,174.64824,168.84866,165.49799,163.98503,156.0337,150.93274,173.94572,169.59108,164.70296,162.19537,157.28258,152.06036
193.40437,189.71419,183.30858,175.71533,171.0235,167.27031,164.30185,155.08163,150.43597,174.16565,169.26376,164.79414,161.92677,156.41292,151.95514
195.06137,190.84384,184.22807,175.74123,170.97612,168.0243,163.94398,155.38339,150.8548,176.3535,172.34233,167.23198,163.87367,158.55663,153.9174
194.31741,190.09465,183.85329,175.63535,170.1552,167.40157,166.45222,160.58405,155.44588,181.99524,181.35234,175.6805,169.59756,164.76865,159.44034
194.208,189.78029,183.25406,176.0682,171.51205,167.76337,167.6715,159.6601,154.51149,181.37865,180.78587,175.69159,168.81287,163.39424,157.71185
192.50345,188.22194,181.23332,176.21605,171.69127,167.48618,167.55554,159.68297,154.51471,187.00224,186.41997,181.1308,170.90155,166.23476,160.18495
194.65768,190.57788,184.31609,176.87148,172.33719,168.63155,168.85803,161.24997,156.403,180.68608,178.52614,172.74867,167.64528,162.60435,157.21425
195.20607,191.79434,185.26054,175.07672,168.87073,165.8082,165.56313,159.65971,154.07155,176.65388,174.56734,169.38171,165.66795,159.88812,154.882
194.54897,191.09052,184.84265,173.50404,166.76357,164.3345,167.26572,162.05177,155.56537,174.7129,171.76158,166.13501,163.61874,159.06258,153.76453
194.86157,190.93564,184.5289,174.35034,167.58911,164.67078,167.62938,162.1948,156.97826,173.38849,169.82147,163.9748,164.40062,158.99318,154.76038
194.48488,190.89156,184.61478,173.88478,167.16179,163.96448,169.03104,162.81682,156.80373,172.71622,168.59085,164.05057,163.02582,157.72008,153.40851
194.79639,191.29927,184.83167,174.55609,167.61179,164.27338,167.4369,160.99634,155.3721,169.82675,164.02184,159.87819,161.56664,156.52867,151.46054
192.11215,189.30673,182.70813,173.73401,165.49913,162.53864,166.34877,159.23155,154.09375,156.72195,149.52242,145.72173,150.82416,144.7714,141.08978
190.37178,187.90053,181.02158,172.46535,163.82951,159.88968,163.72089,155.61478,150.79697,146.3294,138.93681,136.71088,140.90033,133.73146,129.47052
191.6245,188.75485,182.15004,173.428,164.21675,160.85223,164.48703,156.52934,152.29991,152.13548,144.28482,142.00082,144.00673,137.51044,132.6669
193.71623,190.5795,184.18587,175.38797,168.5018,165.57634,166.04413,158.47954,153.58769,161.8344,156.44102,151.9884,155.09618,149.59558,144.57175
195.02303,191.4458,185.07031,173.91356,167.88705,164.95822,168.95464,164.2662,158.55336,175.3949,171.72424,166.35016,161.90802,157.14952,151.77792
194.54341,190.23138,183.85239,175.97849,170.06975,166.82921,172.30377,166.91052,161.19098,181.86345,180.78877,174.21988,171.47223,167.21086,161.53549
193.67055,188.63306,182.59204,176.28459,171.55501,167.73318,173.04703,169.54301,162.56117,188.48463,187.4747,181.16032,174.99896,171.79358,166.86226
192.6719,187.76843,181.47717,176.00354,170.48383,166.65033,174.37076,169.94348,163.54485,190.78688,192.40277,186.92474,178.00717,174.80846,169.01909
192.69385,187.74219,181.3462,176.03821,171.78726,167.4898,173.57455,170.18633,164.07556,191.45447,192.81511,186.29628,175.36311,172.18373,166.34335
193.21672,188.17085,181.61102,176.50047,172.80089,168.18825,171.72594,168.59753,162.05951,191.30322,191.83882,185.42824,177.11134,173.86638,167.74803
190.79219,185.55885,179.23917,176.67004,171.3363,168.34622,171.81262,168.84247,161.0013,192.37349,193.88655,187.99669,177.31683,173.45946,167.75893
190.51273,184.76439,178.56625,177.62909,173.4977,169.51985,171.80511,167.66992,160.47989,193.41016,194.77226,189.6775,178.9829,174.87376,168.46913
190.50188,185.13916,178.69548,175.50755,171.59254,166.82204,173.1233,168.80362,161.6623,193.63916,195.45276,189.67415,181.20413,176.9108,170.54604
190.27081,184.87354,178.41362,175.85596,171.57755,167.75677,170.90157,166.8094,159.60489,194.90211,196.41196,190.67198,181.0744,177.26471,170.65895
190.22305,184.76462,178.22281,176.88542,172.79825,168.1578,166.7393,162.91414,156.47682,194.83965,196.4202,190.50755,179.53354,176.07149,170.12639
191.1687,185.60112,179.32906,176.1066,172.7765,167.63614,169.91283,164.74165,156.82806,195.12999,196.43057,190.93132,178.37726,174.29672,168.1936
190.89076,185.41339,178.6452,176.21802,172.92177,168.01447,168.42548,161.46306,156.04202,194.1829,196.72481,191.04063,177.41005,172.56685,165.48735
190.06866,184.82977,178.08354,176.96507,174.05243,169.2966,167.80844,160.6918,154.3855,194.41194,196.63687,191.46365,177.23102,172.0657,164.85033
189.97176,184.52655,177.56113,176.58212,173.80592,168.795,166.788,159.27872,153.79767,192.81425,194.63385,188.42795,176.0517,170.02614,163.04543
188.33247,182.23592,176.06784,176.57196,174.1012,169.68494,164.93057,156.71472,151.40419,193.77188,196.1275,189.762,176.13753,170.2129,162.40906
187.10767,180.13809,173.04427,175.74539,173.04109,167.898,159.82578,152.1137,146.8777,194.5682,196.88434,191.0212,176.05511,169.9618,161.08116
186.29808,178.71451,171.84653,174.65866,171.73717,165.85474,159.91386,151.48965,146.87428,194.9877,197.05101,191.826,176.35909,169.83807,161.46849
185.84816,178.17215,172.09917,173.99327,171.64062,166.1919,159.51996,150.48936,145.26353,194.8979,196.94565,191.55582,172.69476,165.98497,158.02364
185.2695,178.17436,171.39307,176.81898,175.10107,170.3108,160.11829,150.61687,146.44647,194.90366,196.51494,190.80457,170.32701,163.02905,155.1328
186.33176,179.67006,173.14302,176.34149,174.75412,169.28445,162.38771,151.96829,147.18391,192.3565,194.19955,188.24088,169.1732,162.73904,154.51804
187.99496,180.78082,174.67307,177.05095,174.67497,170.11876,160.65933,150.29298,144.9337,191.59286,193.37624,187.52272,166.94641,160.21422,153.07176
188.02567,181.77818,175.6796,178.17868,175.87437,170.79059,162.37462,151.8957,147.22649,190.93692,193.48206,187.64795,167.35358,160.3983,153.39786
187.30641,181.34085,174.59763,177.71407,175.88268,170.3228,161.65025,151.60883,147.91948,191.75294,193.88937,189.12868,167.36278,159.60411,153.37491
188.21252,182.7279,176.68863,177.626,175.90393,170.37917,162.51471,152.58696,147.86761,191.3287,193.39523,188.02028,165.21019,157.83147,151.45181
189.39076,183.74947,177.98663,178.71979,176.4186,171.80026,161.42296,150.8385,146.15056,188.01118,187.38611,180.66553,165.57202,158.94841,150.93578
188.81795,183.45822,176.93903,178.18826,176.02608,170.95178,160.40688,149.0728,145.23547,184.95805,184.22884,177.75601,163.28679,155.94737,149.0543
188.26477,182.49165,176.22374,178.62466,176.35924,171.47794,160.3725,150.037,145.90352,184.41335,183.6379,177.83977,162.09608,154.72882,147.18947
188.78088,183.51862,177.59998,178.28912,177.10178,171.36656,159.68637,148.83928,144.43011,184.36827,183.45464,177.85202,162.97408,155.24254,148.37065
188.56137,182.88197,176.6104,177.7948,176.06825,171.0556,161.28853,150.24617,146.2017,184.66055,183.87311,177.88768,163.06114,154.44708,148.15082
189.701,184.47607,177.98596,178.31975,176.89543,172.00414,160.2149,149.31297,144.99025,183.20297,181.36789,175.16187,162.20697,155.16,147.76813
188.27531,183.37526,178.03296,178.11453,175.85191,171.04163,159.18196,147.33592,143.80714,179.61519,178.00906,171.8321,158.91022,150.78409,144.35649
187.37675,181.3626,175.25986,179.44199,177.7657,172.8617,159.54689,148.04916,143.384,184.63373,185.23123,179.35263,158.63243,150.40582,144.39003
188.49513,182.46706,176.16412,178.07954,176.77464,171.33878,159.1086,148.92316,143.86966,184.72508,185.46165,179.64243,159.9314,150.77205,144.48196
187.59172,181.62363,175.52397,177.50684,176.0788,170.82162,159.77939,149.43715,144.76254,184.86562,185.33424,179.07384,162.23833,153.77704,147.42923
188.48772,182.54314,176.58456,178.15582,176.12045,171.18317,159.59373,149.30125,144.48763,186.82982,186.9121,181.7176,163.00024,155.92284,148.78583
187.87434,181.74678,176.1108,179.1088,177.22285,172.7118,160.54779,150.68524,146.06616,190.0487,190.86894,185.3191,163.0005,155.62682,149.01215
187.61467,181.52174,175.44557,178.98253,177.41331,172.88747,161.44174,151.00299,146.83643,189.47354,189.51265,183.80118,164.36261,156.76308,149.01308
188.61917,182.99225,176.68433,177.60942,176.05742,170.91888,160.22993,150.35387,145.3182,187.8971,187.78566,181.95488,165.0353,157.47018,149.98645
188.13783,182.76784,177.05322,177.20886,175.22374,170.29826,161.24522,150.59256,146.90569,186.29611,186.04422,179.77177,165.77335,159.31262,151.32286
188.96144,183.54163,177.67618,177.70688,176.01242,171.37282,161.17902,149.72125,145.47736,186.64714,186.5687,180.53542,165.18617,158.0008,150.84456
188.92386,183.21805,176.93675,177.64491,175.13753,170.7263,161.9648,151.8222,147.33836,186.74174,186.45322,180.40575,163.83186,157.18861,149.16042
188.88615,183.38318,177.22897,177.58362,175.29503,170.33533,161.10315,150.98027,147.29124,185.17786,184.1596,178.67734,166.31071,159.2028,152.32056
190.16016,184.49474,178.02284,178.59982,176.19121,171.68784,161.75203,151.92435,147.67384,188.35214,189.95334,184.56528,167.31993,160.51039,153.70534
189.4312,183.61629,177.14825,178.42842,175.54643,171.50174,164.88815,156.73647,151.28204,190.61983,192.23616,186.88554,170.2101,162.89279,156.13683
190.33752,184.04245,178.00653,177.88913,175.51198,170.72165,164.57306,156.60931,150.08618,191.41328,193.13245,187.15176,174.68564,169.16075,162.31122
190.29788,183.63191,177.30197,176.97374,173.77469,169.23009,164.10086,156.02214,150.20349,192.2301,193.82314,189.26707,174.31813,169.45068,161.63466
190.08966,184.03012,177.63527,176.33661,173.39815,169.11804,165.8232,158.20987,152.45152,191.01958,192.77084,187.37471,173.09674,167.94847,160.56064
189.70505,183.55894,177.35167,177.25514,174.07687,169.50368,163.76373,156.40578,150.33034,189.98181,191.34435,185.33517,170.66103,165.05312,157.48692
190.73427,185.4612,179.26674,177.62585,174.74776,169.30376,163.68109,155.2862,150.15831,188.55345,189.76968,183.74608,171.59164,165.70807,158.40163
